date,weekday,time,scheduled_minutes,delay
2016-03-26,5,00:04:57,4.95,0.35
2016-03-26,5,00:34:57,34.95,1.0833333333333333
2016-03-26,5,01:11:57,71.95,1.3666666666666667
2016-03-26,5,02:09:57,129.95,-0.6333333333333333
2016-03-26,5,05:34:57,334.95,0.1
2016-03-26,5,06:04:57,364.95,-3.033333333333333
2016-03-26,5,06:19:57,379.95,-3.85
2016-03-26,5,06:34:57,394.95,-1.5333333333333334
2016-03-26,5,06:49:57,409.95,-1.6833333333333333
2016-03-26,5,07:04:57,424.95,0.7333333333333333
2016-03-26,5,07:19:57,439.95,-0.9333333333333333
2016-03-26,5,07:34:57,454.95,-0.16666666666666666
2016-03-26,5,07:49:57,469.95,-1.9666666666666666
2016-03-26,5,08:04:57,484.95,-3.75
2016-03-26,5,08:18:57,498.95,-1.65
2016-03-26,5,08:30:57,510.95,-2.65
2016-03-26,5,08:42:57,522.95,-2.6
2016-03-26,5,08:54:57,534.95,-1.6
2016-03-26,5,09:06:57,546.95,-1.7
2016-03-26,5,09:18:57,558.95,-2.85
2016-03-26,5,09:30:57,570.95,-1.1166666666666667
2016-03-26,5,09:42:57,582.95,-2.6166666666666667
2016-03-26,5,09:54:57,594.95,-3.05
2016-03-26,5,10:06:57,606.95,-0.4
2016-03-26,5,10:18:57,618.95,-1.35
2016-03-26,5,10:30:57,630.95,-1.7
2016-03-26,5,10:41:57,641.95,-0.6333333333333333
2016-03-26,5,10:54:57,654.95,-1.7833333333333334
2016-03-26,5,11:06:57,666.95,-1.3666666666666667
2016-03-26,5,11:18:57,678.95,-1.2333333333333334
2016-03-26,5,11:30:57,690.95,-1.55
2016-03-26,5,11:42:57,702.95,-0.18333333333333332
2016-03-26,5,11:54:57,714.95,-1.0833333333333333
2016-03-26,5,12:06:57,726.95,-4.0
2016-03-26,5,12:18:57,738.95,-1.2833333333333334
2016-03-26,5,12:30:57,750.95,-3.033333333333333
2016-03-26,5,12:42:57,762.95,-1.6666666666666667
2016-03-26,5,12:54:57,774.95,-1.1166666666666667
2016-03-26,5,13:06:57,786.95,0.03333333333333333
2016-03-26,5,13:18:57,798.95,-1.1166666666666667
2016-03-26,5,13:30:57,810.95,1.0833333333333333
2016-03-26,5,13:42:57,822.95,1.65
2016-03-26,5,13:54:57,834.95,-1.5
2016-03-26,5,14:06:57,846.95,-1.65
2016-03-26,5,14:18:57,858.95,-5.45
2016-03-26,5,14:30:57,870.95,-0.03333333333333333
2016-03-26,5,14:42:57,882.95,-2.95
2016-03-26,5,14:54:57,894.95,-1.7333333333333334
2016-03-26,5,15:06:57,906.95,-0.15
2016-03-26,5,15:18:57,918.95,-1.2333333333333334
2016-03-26,5,15:30:57,930.95,-0.31666666666666665
2016-03-26,5,15:42:57,942.95,-1.7333333333333334
2016-03-26,5,15:54:57,954.95,-0.3333333333333333
2016-03-26,5,16:06:57,966.95,-1.55
2016-03-26,5,16:18:57,978.95,-1.15
2016-03-26,5,16:30:57,990.95,-0.23333333333333334
2016-03-26,5,16:42:57,1002.95,-0.3
2016-03-26,5,16:54:57,1014.95,-3.95
2016-03-26,5,17:06:57,1026.95,-4.266666666666667
2016-03-26,5,17:18:57,1038.95,-5.416666666666667
2016-03-26,5,17:30:57,1050.95,0.6
2016-03-26,5,17:42:57,1062.95,-1.0833333333333333
2016-03-26,5,17:54:57,1074.95,1.4833333333333334
2016-03-26,5,18:06:57,1086.95,-0.26666666666666666
2016-03-26,5,18:18:57,1098.95,-0.7166666666666667
2016-03-26,5,18:30:57,1110.95,0.0
2016-03-26,5,18:38:57,1118.95,-3.8333333333333335
2016-03-26,5,18:49:57,1129.95,0.23333333333333334
2016-03-26,5,19:04:57,1144.95,-3.1333333333333333
2016-03-26,5,19:19:57,1159.95,1.5833333333333333
2016-03-26,5,19:34:57,1174.95,0.06666666666666667
2016-03-26,5,19:49:57,1189.95,-0.5166666666666667
2016-03-26,5,20:04:57,1204.95,-2.1666666666666665
2016-03-26,5,20:19:57,1219.95,-1.0666666666666667
2016-03-26,5,20:34:57,1234.95,0.05
2016-03-26,5,20:49:57,1249.95,3.466666666666667
2016-03-26,5,21:04:57,1264.95,0.8
2016-03-26,5,21:19:57,1279.95,-1.1833333333333333
2016-03-26,5,21:34:57,1294.95,-0.16666666666666666
2016-03-26,5,21:49:57,1309.95,0.8166666666666667
2016-03-26,5,22:04:57,1324.95,-0.45
2016-03-26,5,22:19:57,1339.95,-0.7833333333333333
2016-03-26,5,22:34:57,1354.95,0.2
2016-03-26,5,22:49:57,1369.95,-3.1666666666666665
2016-03-26,5,23:04:57,1384.95,-0.9666666666666667
2016-03-26,5,23:19:57,1399.95,-3.7333333333333334
2016-03-26,5,23:34:57,1414.95,-0.95
2016-03-26,5,23:49:57,1429.95,2.066666666666667
2016-03-27,6,00:04:57,4.95,0.7666666666666667
2016-03-27,6,00:34:57,34.95,-0.45
2016-03-27,6,01:11:57,71.95,-3.6333333333333333
2016-03-27,6,02:09:57,129.95,0.6666666666666666
2016-03-27,6,05:31:58,331.96666666666664,1.8
2016-03-27,6,06:04:58,364.96666666666664,0.2
2016-03-27,6,06:19:58,379.96666666666664,-0.9
2016-03-27,6,06:34:58,394.96666666666664,0.95
2016-03-27,6,06:49:58,409.96666666666664,-0.7166666666666667
2016-03-27,6,07:04:58,424.96666666666664,1.7
2016-03-27,6,07:19:58,439.96666666666664,1.8166666666666667
2016-03-27,6,07:34:58,454.96666666666664,3.683333333333333
2016-03-27,6,07:49:58,469.96666666666664,6.033333333333333
2016-03-27,6,08:04:58,484.96666666666664,0.3
2016-03-27,6,08:34:57,514.95,0.05
2016-03-27,6,08:49:57,529.95,-1.5666666666666667
2016-03-27,6,09:04:57,544.95,-1.8666666666666667
2016-03-27,6,09:19:57,559.95,0.05
2016-03-27,6,09:34:57,574.95,1.05
2016-03-27,6,09:49:57,589.95,-0.21666666666666667
2016-03-27,6,10:04:57,604.95,5.533333333333333
2016-03-27,6,10:19:57,619.95,-1.2
2016-03-27,6,10:34:57,634.95,0.1
2016-03-27,6,10:49:57,649.95,-0.6333333333333333
2016-03-27,6,11:04:57,664.95,0.3333333333333333
2016-03-27,6,11:19:57,679.95,0.4666666666666667
2016-03-27,6,11:34:57,694.95,3.6666666666666665
2016-03-27,6,11:49:57,709.95,-0.5166666666666667
2016-03-27,6,12:04:57,724.95,2.1
2016-03-27,6,12:19:57,739.95,0.016666666666666666
2016-03-27,6,12:34:57,754.95,-0.5
2016-03-27,6,12:49:57,769.95,-0.6333333333333333
2016-03-27,6,13:04:57,784.95,0.43333333333333335
2016-03-27,6,13:19:57,799.95,3.9166666666666665
2016-03-27,6,13:34:57,814.95,-0.3
2016-03-27,6,13:49:57,829.95,-0.26666666666666666
2016-03-27,6,14:04:57,844.95,-1.0333333333333334
2016-03-27,6,14:19:57,859.95,0.08333333333333333
2016-03-27,6,14:34:57,874.95,0.13333333333333333
2016-03-27,6,14:49:57,889.95,-0.6
2016-03-27,6,15:04:57,904.95,-1.9333333333333333
2016-03-27,6,15:19:57,919.95,-2.6166666666666667
2016-03-27,6,15:34:57,934.95,0.9333333333333333
2016-03-27,6,15:49:57,949.95,1.9833333333333334
2016-03-27,6,16:04:57,964.95,-0.95
2016-03-27,6,16:19:57,979.95,-0.9166666666666666
2016-03-27,6,16:34:57,994.95,0.18333333333333332
2016-03-27,6,16:49:57,1009.95,0.7
2016-03-27,6,17:04:57,1024.95,-2.25
2016-03-27,6,17:19:57,1039.95,1.2666666666666666
2016-03-27,6,17:34:57,1054.95,-1.25
2016-03-27,6,17:49:57,1069.95,-1.9333333333333333
2016-03-27,6,18:04:57,1084.95,-0.85
2016-03-27,6,18:19:57,1099.95,1.4
2016-03-27,6,18:34:57,1114.95,-0.36666666666666664
2016-03-27,6,18:49:57,1129.95,-2.8666666666666667
2016-03-27,6,19:04:57,1144.95,-0.5666666666666667
2016-03-27,6,19:19:57,1159.95,-1.3333333333333333
2016-03-27,6,19:34:57,1174.95,-3.0166666666666666
2016-03-27,6,19:49:57,1189.95,2.2666666666666666
2016-03-27,6,20:04:57,1204.95,-3.05
2016-03-27,6,20:19:57,1219.95,-1.35
2016-03-27,6,20:34:57,1234.95,-0.18333333333333332
2016-03-27,6,20:49:57,1249.95,-1.5
2016-03-27,6,21:04:57,1264.95,-4.583333333333333
2016-03-27,6,21:19:57,1279.95,-0.9333333333333333
2016-03-27,6,21:34:57,1294.95,-1.6
2016-03-27,6,21:49:57,1309.95,-0.7333333333333333
2016-03-27,6,22:04:57,1324.95,1.75
2016-03-27,6,22:19:57,1339.95,-1.2333333333333334
2016-03-27,6,22:34:57,1354.95,-0.3333333333333333
2016-03-27,6,22:49:57,1369.95,-0.5333333333333333
2016-03-27,6,23:04:57,1384.95,-1.0333333333333334
2016-03-27,6,23:19:57,1399.95,-3.716666666666667
2016-03-27,6,23:34:57,1414.95,-1.3166666666666667
2016-03-27,6,23:49:57,1429.95,-0.7
2016-03-28,0,00:04:57,4.95,0.3333333333333333
2016-03-28,0,00:34:57,34.95,0.15
2016-03-28,0,01:11:57,71.95,0.18333333333333332
2016-03-28,0,02:09:57,129.95,-1.7666666666666666
2016-03-28,0,03:24:57,204.95,-0.5166666666666667
2016-03-28,0,05:32:57,332.95,-0.6333333333333333
2016-03-28,0,05:47:57,347.95,1.3333333333333333
2016-03-28,0,06:02:57,362.95,-1.2666666666666666
2016-03-28,0,06:15:57,375.95,-0.15
2016-03-28,0,06:25:57,385.95,1.8833333333333333
2016-03-28,0,06:35:57,395.95,-1.7666666666666666
2016-03-28,0,06:45:57,405.95,-0.5333333333333333
2016-03-28,0,06:53:57,413.95,-0.5666666666666667
2016-03-28,0,07:01:57,421.95,-0.7166666666666667
2016-03-28,0,07:10:57,430.95,1.1166666666666667
2016-03-28,0,07:19:57,439.95,-2.066666666666667
2016-03-28,0,07:28:57,448.95,0.55
2016-03-28,0,07:35:57,455.95,-1.6333333333333333
2016-03-28,0,07:42:57,462.95,-1.2
2016-03-28,0,07:50:57,470.95,-1.3333333333333333
2016-03-28,0,07:58:57,478.95,0.75
2016-03-28,0,08:07:57,487.95,0.43333333333333335
2016-03-28,0,08:14:57,494.95,13.566666666666666
2016-03-28,0,08:23:57,503.95,2.4833333333333334
2016-03-28,0,08:31:57,511.95,0.36666666666666664
2016-03-28,0,08:40:57,520.95,1.1166666666666667
2016-03-28,0,08:48:57,528.95,1.4666666666666666
2016-03-28,0,08:56:57,536.95,-0.2
2016-03-28,0,09:04:57,544.95,1.9
2016-03-28,0,09:12:57,552.95,-1.6166666666666667
2016-03-28,0,09:20:57,560.95,-0.25
2016-03-28,0,09:28:57,568.95,-0.5833333333333334
2016-03-28,0,09:35:57,575.95,-0.18333333333333332
2016-03-28,0,09:44:57,584.95,1.55
2016-03-28,0,09:53:57,593.95,-1.5166666666666666
2016-03-28,0,10:03:57,603.95,-0.03333333333333333
2016-03-28,0,10:15:57,615.95,1.8
2016-03-28,0,10:27:57,627.95,0.4666666666666667
2016-03-28,0,10:40:57,640.95,1.8
2016-03-28,0,10:52:57,652.95,0.3333333333333333
2016-03-28,0,11:04:57,664.95,-3.4
2016-03-28,0,11:16:57,676.95,-3.1666666666666665
2016-03-28,0,11:28:57,688.95,-1.8666666666666667
2016-03-28,0,11:40:57,700.95,-0.95
2016-03-28,0,11:51:57,711.95,0.016666666666666666
2016-03-28,0,12:03:57,723.95,2.9
2016-03-28,0,12:15:57,735.95,-2.4833333333333334
2016-03-28,0,12:28:57,748.95,-1.9166666666666667
2016-03-28,0,12:40:57,760.95,-0.5333333333333333
2016-03-28,0,12:52:57,772.95,2.933333333333333
2016-03-28,0,13:04:57,784.95,0.9666666666666667
2016-03-28,0,13:16:57,796.95,0.75
2016-03-28,0,13:28:57,808.95,-4.65
2016-03-28,0,13:40:56,820.9333333333333,-0.9833333333333333
2016-03-28,0,13:52:56,832.9333333333333,-3.0166666666666666
2016-03-28,0,14:04:56,844.9333333333333,-1.9333333333333333
2016-03-28,0,14:16:56,856.9333333333333,0.3
2016-03-28,0,14:26:56,866.9333333333333,-1.9
2016-03-28,0,14:38:56,878.9333333333333,-0.48333333333333334
2016-03-28,0,14:49:56,889.9333333333333,-1.0333333333333334
2016-03-28,0,14:55:56,895.9333333333333,-2.3666666666666667
2016-03-28,0,14:58:56,898.9333333333333,-1.3666666666666667
2016-03-28,0,15:05:56,905.9333333333333,-0.016666666666666666
2016-03-28,0,15:11:56,911.9333333333333,-2.75
2016-03-28,0,15:17:56,917.9333333333333,-0.6
2016-03-28,0,15:24:56,924.9333333333333,0.06666666666666667
2016-03-28,0,15:31:56,931.9333333333333,-2.316666666666667
2016-03-28,0,15:38:56,938.9333333333333,-0.4
2016-03-28,0,15:46:56,946.9333333333333,-0.2833333333333333
2016-03-28,0,15:54:56,954.9333333333333,0.25
2016-03-28,0,16:01:56,961.9333333333333,2.7666666666666666
2016-03-28,0,16:10:56,970.9333333333333,-2.4
2016-03-28,0,16:17:56,977.9333333333333,-0.36666666666666664
2016-03-28,0,16:26:56,986.9333333333333,-0.43333333333333335
2016-03-28,0,16:34:56,994.9333333333333,-0.8333333333333334
2016-03-28,0,16:40:56,1000.9333333333333,-1.0833333333333333
2016-03-28,0,16:46:56,1006.9333333333333,11.533333333333333
2016-03-28,0,16:51:56,1011.9333333333333,-1.1
2016-03-28,0,16:56:56,1016.9333333333333,2.7
2016-03-28,0,17:01:56,1021.9333333333333,2.35
2016-03-28,0,17:08:56,1028.9333333333334,-1.8333333333333333
2016-03-28,0,17:14:56,1034.9333333333334,-1.7166666666666666
2016-03-28,0,17:20:56,1040.9333333333334,0.43333333333333335
2016-03-28,0,17:26:56,1046.9333333333334,1.7166666666666666
2016-03-28,0,17:32:56,1052.9333333333334,-0.6666666666666666
2016-03-28,0,17:40:56,1060.9333333333334,-1.0666666666666667
2016-03-28,0,17:48:56,1068.9333333333334,-0.8166666666666667
2016-03-28,0,17:58:56,1078.9333333333334,-1.8166666666666667
2016-03-28,0,18:05:56,1085.9333333333334,-1.35
2016-03-28,0,18:13:57,1093.95,-0.5
2016-03-28,0,18:27:57,1107.95,-1.4
2016-03-28,0,18:39:57,1119.95,-1.5
2016-03-28,0,18:49:57,1129.95,-0.9333333333333333
2016-03-28,0,18:59:57,1139.95,0.8833333333333333
2016-03-28,0,19:09:57,1149.95,4.716666666666667
2016-03-28,0,19:21:57,1161.95,-2.8666666666666667
2016-03-28,0,19:31:57,1171.95,-1.1333333333333333
2016-03-28,0,19:41:57,1181.95,-0.8833333333333333
2016-03-28,0,19:52:57,1192.95,-1.0833333333333333
2016-03-28,0,20:01:57,1201.95,-1.8833333333333333
2016-03-28,0,20:16:57,1216.95,0.2833333333333333
2016-03-28,0,20:31:57,1231.95,0.016666666666666666
2016-03-28,0,20:46:57,1246.95,-1.1166666666666667
2016-03-28,0,21:02:57,1262.95,-1.3333333333333333
2016-03-28,0,21:17:57,1277.95,0.5666666666666667
2016-03-28,0,21:33:57,1293.95,-0.6
2016-03-28,0,21:49:57,1309.95,-0.65
2016-03-28,0,22:03:57,1323.95,-1.3833333333333333
2016-03-28,0,22:18:57,1338.95,-1.7666666666666666
2016-03-28,0,22:34:57,1354.95,2.433333333333333
2016-03-28,0,22:49:57,1369.95,1.9666666666666666
2016-03-28,0,23:04:57,1384.95,-0.9333333333333333
2016-03-28,0,23:19:57,1399.95,-2.6166666666666667
2016-03-28,0,23:34:57,1414.95,-3.0833333333333335
2016-03-28,0,23:49:57,1429.95,-0.7
2016-03-29,1,00:04:57,4.95,-2.35
2016-03-29,1,00:34:57,34.95,0.0
2016-03-29,1,01:11:57,71.95,-3.9166666666666665
2016-03-29,1,02:09:57,129.95,0.85
2016-03-29,1,05:32:57,332.95,-0.9333333333333333
2016-03-29,1,05:47:57,347.95,-0.9
2016-03-29,1,06:02:57,362.95,0.4
2016-03-29,1,06:15:57,375.95,0.05
2016-03-29,1,06:25:57,385.95,-0.7166666666666667
2016-03-29,1,06:35:57,395.95,-0.65
2016-03-29,1,06:45:57,405.95,-0.6833333333333333
2016-03-29,1,06:53:57,413.95,-0.016666666666666666
2016-03-29,1,07:01:57,421.95,-0.7666666666666667
2016-03-29,1,07:10:57,430.95,-0.5833333333333334
2016-03-29,1,07:19:57,439.95,1.1333333333333333
2016-03-29,1,07:28:57,448.95,2.0166666666666666
2016-03-29,1,07:35:57,455.95,-1.3833333333333333
2016-03-29,1,07:42:57,462.95,1.4166666666666667
2016-03-29,1,07:50:57,470.95,-1.65
2016-03-29,1,07:58:57,478.95,-1.0333333333333334
2016-03-29,1,08:07:57,487.95,-0.48333333333333334
2016-03-29,1,08:14:57,494.95,1.3666666666666667
2016-03-29,1,08:23:57,503.95,-0.13333333333333333
2016-03-29,1,08:31:57,511.95,-0.8833333333333333
2016-03-29,1,08:40:57,520.95,-1.2333333333333334
2016-03-29,1,08:48:57,528.95,-0.15
2016-03-29,1,08:56:57,536.95,1.2333333333333334
2016-03-29,1,09:04:57,544.95,0.5333333333333333
2016-03-29,1,09:12:57,552.95,1.8333333333333333
2016-03-29,1,09:20:57,560.95,-2.15
2016-03-29,1,09:28:57,568.95,1.8333333333333333
2016-03-29,1,09:35:57,575.95,-0.5333333333333333
2016-03-29,1,09:44:57,584.95,-0.6333333333333333
2016-03-29,1,09:53:57,593.95,-1.5166666666666666
2016-03-29,1,10:03:57,603.95,-0.9666666666666667
2016-03-29,1,10:15:57,615.95,0.4166666666666667
2016-03-29,1,10:27:57,627.95,-1.2833333333333334
2016-03-29,1,10:40:57,640.95,-0.9833333333333333
2016-03-29,1,10:52:57,652.95,-0.8833333333333333
2016-03-29,1,11:04:57,664.95,-2.183333333333333
2016-03-29,1,11:16:57,676.95,-1.9
2016-03-29,1,11:28:57,688.95,-0.6
2016-03-29,1,11:40:57,700.95,-0.6666666666666666
2016-03-29,1,11:51:57,711.95,-0.08333333333333333
2016-03-29,1,12:03:57,723.95,0.38333333333333336
2016-03-29,1,12:15:57,735.95,-1.4333333333333333
2016-03-29,1,12:28:57,748.95,-0.7166666666666667
2016-03-29,1,12:40:57,760.95,-0.9
2016-03-29,1,12:52:57,772.95,-2.45
2016-03-29,1,13:04:57,784.95,2.0166666666666666
2016-03-29,1,13:16:57,796.95,-0.65
2016-03-29,1,13:28:57,808.95,-2.35
2016-03-29,1,13:40:56,820.9333333333333,-0.5833333333333334
2016-03-29,1,13:52:56,832.9333333333333,-0.6
2016-03-29,1,14:04:56,844.9333333333333,-1.05
2016-03-29,1,14:16:56,856.9333333333333,-0.5666666666666667
2016-03-29,1,14:26:56,866.9333333333333,-0.23333333333333334
2016-03-29,1,14:38:56,878.9333333333333,-0.43333333333333335
2016-03-29,1,14:49:56,889.9333333333333,1.25
2016-03-29,1,14:55:56,895.9333333333333,-2.433333333333333
2016-03-29,1,14:58:56,898.9333333333333,2.0
2016-03-29,1,15:05:56,905.9333333333333,0.08333333333333333
2016-03-29,1,15:11:56,911.9333333333333,1.3
2016-03-29,1,15:17:56,917.9333333333333,-2.1
2016-03-29,1,15:24:56,924.9333333333333,-0.8666666666666667
2016-03-29,1,15:31:56,931.9333333333333,-0.85
2016-03-29,1,15:38:56,938.9333333333333,-0.6166666666666667
2016-03-29,1,15:46:56,946.9333333333333,-0.31666666666666665
2016-03-29,1,15:54:56,954.9333333333333,0.5
2016-03-29,1,16:01:56,961.9333333333333,-0.9833333333333333
2016-03-29,1,16:10:56,970.9333333333333,3.5
2016-03-29,1,16:17:56,977.9333333333333,0.38333333333333336
2016-03-29,1,16:26:56,986.9333333333333,-2.9833333333333334
2016-03-29,1,16:34:56,994.9333333333333,2.6
2016-03-29,1,16:40:56,1000.9333333333333,-1.6166666666666667
2016-03-29,1,16:46:56,1006.9333333333333,2.1166666666666667
2016-03-29,1,16:51:56,1011.9333333333333,-0.5833333333333334
2016-03-29,1,16:56:56,1016.9333333333333,-0.45
2016-03-29,1,17:01:56,1021.9333333333333,5.5
2016-03-29,1,17:08:56,1028.9333333333334,2.1666666666666665
2016-03-29,1,17:14:56,1034.9333333333334,-0.55
2016-03-29,1,17:20:56,1040.9333333333334,2.7666666666666666
2016-03-29,1,17:26:56,1046.9333333333334,2.8666666666666667
2016-03-29,1,17:32:56,1052.9333333333334,4.066666666666666
2016-03-29,1,17:40:56,1060.9333333333334,-0.05
2016-03-29,1,17:48:56,1068.9333333333334,1.4333333333333333
2016-03-29,1,17:58:56,1078.9333333333334,-0.9666666666666667
2016-03-29,1,18:05:56,1085.9333333333334,-0.5666666666666667
2016-03-29,1,18:13:57,1093.95,-1.05
2016-03-29,1,18:27:57,1107.95,1.4833333333333334
2016-03-29,1,18:39:57,1119.95,1.4333333333333333
2016-03-29,1,18:49:57,1129.95,-1.0333333333333334
2016-03-29,1,18:59:57,1139.95,-2.9166666666666665
2016-03-29,1,19:09:57,1149.95,1.1
2016-03-29,1,19:21:57,1161.95,-0.31666666666666665
2016-03-29,1,19:31:57,1171.95,-0.5666666666666667
2016-03-29,1,19:41:57,1181.95,2.533333333333333
2016-03-29,1,19:52:57,1192.95,-2.2
2016-03-29,1,20:01:57,1201.95,-3.216666666666667
2016-03-29,1,20:16:57,1216.95,0.43333333333333335
2016-03-29,1,20:31:57,1231.95,0.31666666666666665
2016-03-29,1,20:46:57,1246.95,1.1333333333333333
2016-03-29,1,21:02:57,1262.95,0.016666666666666666
2016-03-29,1,21:17:57,1277.95,-1.4
2016-03-29,1,21:33:57,1293.95,-1.95
2016-03-29,1,21:49:57,1309.95,-2.0166666666666666
2016-03-29,1,22:03:57,1323.95,0.45
2016-03-29,1,22:18:57,1338.95,-2.7333333333333334
2016-03-29,1,22:34:57,1354.95,2.6
2016-03-29,1,22:49:57,1369.95,0.6333333333333333
2016-03-29,1,23:04:57,1384.95,-0.9333333333333333
2016-03-29,1,23:19:57,1399.95,1.3
2016-03-29,1,23:34:57,1414.95,-1.6666666666666667
2016-03-29,1,23:49:57,1429.95,-0.6333333333333333
2016-03-30,2,00:04:57,4.95,-3.25
2016-03-30,2,00:34:57,34.95,-0.31666666666666665
2016-03-30,2,01:11:57,71.95,-1.0166666666666666
2016-03-30,2,02:09:57,129.95,8.6
2016-03-30,2,03:24:57,204.95,-0.25
2016-03-30,2,05:32:57,332.95,-0.6333333333333333
2016-03-30,2,05:47:57,347.95,-0.9666666666666667
2016-03-30,2,06:02:57,362.95,-0.9333333333333333
2016-03-30,2,06:15:57,375.95,-0.85
2016-03-30,2,06:35:57,395.95,-1.75
2016-03-30,2,06:45:57,405.95,-1.4166666666666667
2016-03-30,2,06:53:57,413.95,-1.65
2016-03-30,2,07:10:57,430.95,-1.85
2016-03-30,2,07:19:57,439.95,-1.1166666666666667
2016-03-30,2,07:28:57,448.95,-0.48333333333333334
2016-03-30,2,07:35:57,455.95,-1.3666666666666667
2016-03-30,2,07:42:57,462.95,0.43333333333333335
2016-03-30,2,07:50:57,470.95,-1.6333333333333333
2016-03-30,2,07:58:57,478.95,-1.1666666666666667
2016-03-30,2,08:07:57,487.95,0.45
2016-03-30,2,08:14:57,494.95,1.3833333333333333
2016-03-30,2,08:23:57,503.95,3.1166666666666667
2016-03-30,2,08:31:57,511.95,1.8666666666666667
2016-03-30,2,08:40:57,520.95,6.25
2016-03-30,2,08:48:57,528.95,3.1666666666666665
2016-03-30,2,09:04:57,544.95,-0.18333333333333332
2016-03-30,2,09:12:57,552.95,-1.2166666666666666
2016-03-30,2,09:20:57,560.95,-1.5333333333333334
2016-03-30,2,09:28:57,568.95,1.9166666666666667
2016-03-30,2,09:35:57,575.95,-1.6666666666666667
2016-03-30,2,09:44:57,584.95,-0.16666666666666666
2016-03-30,2,09:53:57,593.95,-1.55
2016-03-30,2,10:03:57,603.95,0.55
2016-03-30,2,10:15:57,615.95,2.566666666666667
2016-03-30,2,10:27:57,627.95,-0.06666666666666667
2016-03-30,2,10:40:57,640.95,-0.95
2016-03-30,2,10:52:57,652.95,-3.283333333333333
2016-03-30,2,11:04:57,664.95,1.55
2016-03-30,2,11:16:57,676.95,-2.066666666666667
2016-03-30,2,11:28:57,688.95,-0.6
2016-03-30,2,11:40:57,700.95,0.25
2016-03-30,2,11:51:57,711.95,-1.2666666666666666
2016-03-30,2,12:03:57,723.95,0.08333333333333333
2016-03-30,2,12:15:57,735.95,-2.25
2016-03-30,2,12:28:57,748.95,0.8666666666666667
2016-03-30,2,12:40:57,760.95,4.483333333333333
2016-03-30,2,12:52:57,772.95,-0.6833333333333333
2016-03-30,2,13:04:57,784.95,-0.8333333333333334
2016-03-30,2,13:16:57,796.95,-0.9166666666666666
2016-03-30,2,13:28:57,808.95,-0.6666666666666666
2016-03-30,2,13:40:56,820.9333333333333,2.9166666666666665
2016-03-30,2,13:52:56,832.9333333333333,-2.2666666666666666
2016-03-30,2,14:04:56,844.9333333333333,-1.6666666666666667
2016-03-30,2,14:16:56,856.9333333333333,-3.533333333333333
2016-03-30,2,14:26:56,866.9333333333333,-3.033333333333333
2016-03-30,2,14:38:56,878.9333333333333,-1.9666666666666666
2016-03-30,2,14:49:56,889.9333333333333,-0.4166666666666667
2016-03-30,2,14:55:56,895.9333333333333,-0.35
2016-03-30,2,14:58:56,898.9333333333333,0.5
2016-03-30,2,15:05:56,905.9333333333333,1.1333333333333333
2016-03-30,2,15:11:56,911.9333333333333,-1.9833333333333334
2016-03-30,2,15:17:56,917.9333333333333,-3.1
2016-03-30,2,15:24:56,924.9333333333333,1.8333333333333333
2016-03-30,2,15:31:56,931.9333333333333,-1.95
2016-03-30,2,15:38:56,938.9333333333333,0.6833333333333333
2016-03-30,2,15:46:56,946.9333333333333,-2.05
2016-03-30,2,15:54:56,954.9333333333333,0.05
2016-03-30,2,16:01:56,961.9333333333333,-2.3666666666666667
2016-03-30,2,16:10:56,970.9333333333333,-2.5166666666666666
2016-03-30,2,16:17:56,977.9333333333333,-2.95
2016-03-30,2,16:26:56,986.9333333333333,1.0
2016-03-30,2,16:34:56,994.9333333333333,3.85
2016-03-30,2,16:40:56,1000.9333333333333,1.9333333333333333
2016-03-30,2,16:46:56,1006.9333333333333,-1.8666666666666667
2016-03-30,2,16:51:56,1011.9333333333333,1.3833333333333333
2016-03-30,2,16:56:56,1016.9333333333333,3.3833333333333333
2016-03-30,2,17:01:56,1021.9333333333333,5.333333333333333
2016-03-30,2,17:08:56,1028.9333333333334,1.25
2016-03-30,2,17:14:56,1034.9333333333334,-0.55
2016-03-30,2,17:20:56,1040.9333333333334,4.65
2016-03-30,2,17:26:56,1046.9333333333334,2.5
2016-03-30,2,17:32:56,1052.9333333333334,-0.6833333333333333
2016-03-30,2,17:40:56,1060.9333333333334,6.333333333333333
2016-03-30,2,17:48:56,1068.9333333333334,10.466666666666667
2016-03-30,2,17:58:56,1078.9333333333334,-1.0333333333333334
2016-03-30,2,18:05:56,1085.9333333333334,-2.95
2016-03-30,2,18:13:57,1093.95,1.8833333333333333
2016-03-30,2,18:27:57,1107.95,-1.5833333333333333
2016-03-30,2,18:39:57,1119.95,-0.1
2016-03-30,2,18:49:57,1129.95,0.5666666666666667
2016-03-30,2,18:59:57,1139.95,-0.4666666666666667
2016-03-30,2,19:09:57,1149.95,-1.5833333333333333
2016-03-30,2,19:21:57,1161.95,-0.5833333333333334
2016-03-30,2,19:31:57,1171.95,-1.0
2016-03-30,2,19:41:57,1181.95,0.85
2016-03-30,2,19:52:57,1192.95,-0.6
2016-03-30,2,20:01:57,1201.95,-4.533333333333333
2016-03-30,2,20:16:57,1216.95,1.8833333333333333
2016-03-30,2,20:31:57,1231.95,-0.85
2016-03-30,2,20:46:57,1246.95,2.7
2016-03-30,2,21:02:57,1262.95,-1.3166666666666667
2016-03-30,2,21:17:57,1277.95,-0.5833333333333334
2016-03-30,2,21:33:57,1293.95,-0.18333333333333332
2016-03-30,2,21:49:57,1309.95,-0.75
2016-03-30,2,22:03:57,1323.95,1.4333333333333333
2016-03-30,2,22:18:57,1338.95,-1.65
2016-03-30,2,22:34:57,1354.95,0.9666666666666667
2016-03-30,2,22:49:57,1369.95,-0.65
2016-03-30,2,23:04:57,1384.95,0.36666666666666664
2016-03-30,2,23:19:57,1399.95,-2.2666666666666666
2016-03-30,2,23:34:57,1414.95,-1.3
2016-03-30,2,23:49:57,1429.95,-0.6666666666666666
2016-03-31,3,00:04:57,4.95,1.65
2016-03-31,3,00:34:57,34.95,-2.5166666666666666
2016-03-31,3,01:11:57,71.95,-1.4
2016-03-31,3,02:09:57,129.95,1.0
2016-03-31,3,03:24:57,204.95,-0.48333333333333334
2016-03-31,3,05:32:57,332.95,0.7666666666666667
2016-03-31,3,05:47:57,347.95,0.08333333333333333
2016-03-31,3,06:02:57,362.95,-1.2
2016-03-31,3,06:15:57,375.95,-0.85
2016-03-31,3,06:25:57,385.95,0.36666666666666664
2016-03-31,3,06:35:57,395.95,-3.066666666666667
2016-03-31,3,06:45:57,405.95,-0.8
2016-03-31,3,06:53:57,413.95,-0.5666666666666667
2016-03-31,3,07:01:57,421.95,-4.1
2016-03-31,3,07:10:57,430.95,-0.5166666666666667
2016-03-31,3,07:19:57,439.95,11.783333333333333
2016-03-31,3,07:28:57,448.95,-0.15
2016-03-31,3,07:35:57,455.95,1.7666666666666666
2016-03-31,3,07:42:57,462.95,0.11666666666666667
2016-03-31,3,07:50:57,470.95,-1.65
2016-03-31,3,07:58:57,478.95,1.8666666666666667
2016-03-31,3,08:07:57,487.95,-1.0333333333333334
2016-03-31,3,08:14:57,494.95,2.9166666666666665
2016-03-31,3,08:23:57,503.95,1.3
2016-03-31,3,08:31:57,511.95,0.48333333333333334
2016-03-31,3,08:40:57,520.95,0.4
2016-03-31,3,08:48:57,528.95,-1.45
2016-03-31,3,08:56:57,536.95,10.883333333333333
2016-03-31,3,09:04:57,544.95,1.0833333333333333
2016-03-31,3,09:12:57,552.95,1.4
2016-03-31,3,09:20:57,560.95,1.3666666666666667
2016-03-31,3,09:28:57,568.95,0.8833333333333333
2016-03-31,3,09:35:57,575.95,-0.11666666666666667
2016-03-31,3,09:44:57,584.95,-0.21666666666666667
2016-03-31,3,09:53:57,593.95,1.3666666666666667
2016-03-31,3,10:03:57,603.95,0.43333333333333335
2016-03-31,3,10:15:57,615.95,3.066666666666667
2016-03-31,3,10:27:57,627.95,2.8333333333333335
2016-03-31,3,10:40:57,640.95,-2.316666666666667
2016-03-31,3,10:52:57,652.95,-0.6833333333333333
2016-03-31,3,11:04:57,664.95,-0.55
2016-03-31,3,11:16:57,676.95,-3.3333333333333335
2016-03-31,3,11:28:57,688.95,3.0166666666666666
2016-03-31,3,11:40:57,700.95,-0.6666666666666666
2016-03-31,3,11:51:57,711.95,-3.6
2016-03-31,3,12:03:57,723.95,-0.8666666666666667
2016-03-31,3,12:15:57,735.95,1.3
2016-03-31,3,12:28:57,748.95,-0.65
2016-03-31,3,12:40:57,760.95,0.3333333333333333
2016-03-31,3,12:52:57,772.95,1.7333333333333334
2016-03-31,3,13:04:57,784.95,-0.9
2016-03-31,3,13:16:57,796.95,-0.48333333333333334
2016-03-31,3,13:28:57,808.95,-0.9333333333333333
2016-03-31,3,13:40:56,820.9333333333333,-2.3
2016-03-31,3,13:52:56,832.9333333333333,-0.55
2016-03-31,3,14:04:56,844.9333333333333,-1.9666666666666666
2016-03-31,3,14:16:56,856.9333333333333,-3.6
2016-03-31,3,14:26:56,866.9333333333333,5.983333333333333
2016-03-31,3,14:38:56,878.9333333333333,1.0
2016-03-31,3,14:49:56,889.9333333333333,-0.9666666666666667
2016-03-31,3,14:55:56,895.9333333333333,-3.8833333333333333
2016-03-31,3,14:58:56,898.9333333333333,5.233333333333333
2016-03-31,3,15:05:56,905.9333333333333,-1.5166666666666666
2016-03-31,3,15:11:56,911.9333333333333,1.05
2016-03-31,3,15:17:56,917.9333333333333,-1.8166666666666667
2016-03-31,3,15:24:56,924.9333333333333,-0.13333333333333333
2016-03-31,3,15:31:56,931.9333333333333,-2.0
2016-03-31,3,15:38:56,938.9333333333333,2.5
2016-03-31,3,15:46:56,946.9333333333333,0.36666666666666664
2016-03-31,3,15:54:56,954.9333333333333,0.7833333333333333
2016-03-31,3,16:01:56,961.9333333333333,-4.766666666666667
2016-03-31,3,16:10:56,970.9333333333333,-1.0166666666666666
2016-03-31,3,16:17:56,977.9333333333333,4.25
2016-03-31,3,16:26:56,986.9333333333333,-2.9
2016-03-31,3,16:34:56,994.9333333333333,2.0166666666666666
2016-03-31,3,16:40:56,1000.9333333333333,2.7333333333333334
2016-03-31,3,16:46:56,1006.9333333333333,2.1333333333333333
2016-03-31,3,16:51:56,1011.9333333333333,-0.03333333333333333
2016-03-31,3,16:56:56,1016.9333333333333,1.6333333333333333
2016-03-31,3,17:01:56,1021.9333333333333,-1.0166666666666666
2016-03-31,3,17:08:56,1028.9333333333334,1.6166666666666667
2016-03-31,3,17:14:56,1034.9333333333334,1.05
2016-03-31,3,17:20:56,1040.9333333333334,3.966666666666667
2016-03-31,3,17:26:56,1046.9333333333334,1.1333333333333333
2016-03-31,3,17:32:56,1052.9333333333334,4.2
2016-03-31,3,17:40:56,1060.9333333333334,-0.95
2016-03-31,3,17:48:56,1068.9333333333334,6.1
2016-03-31,3,17:58:56,1078.9333333333334,-0.9
2016-03-31,3,18:05:56,1085.9333333333334,1.55
2016-03-31,3,18:13:57,1093.95,5.566666666666666
2016-03-31,3,18:27:57,1107.95,1.5666666666666667
2016-03-31,3,18:49:57,1129.95,1.5166666666666666
2016-03-31,3,18:59:57,1139.95,-1.8833333333333333
2016-03-31,3,19:09:57,1149.95,0.7166666666666667
2016-03-31,3,19:21:57,1161.95,-1.5166666666666666
2016-03-31,3,19:31:57,1171.95,-0.8833333333333333
2016-03-31,3,19:41:57,1181.95,0.7833333333333333
2016-03-31,3,19:52:57,1192.95,-1.9666666666666666
2016-03-31,3,20:16:57,1216.95,-1.0333333333333334
2016-03-31,3,20:31:57,1231.95,-1.25
2016-03-31,3,20:46:57,1246.95,-1.45
2016-03-31,3,21:02:57,1262.95,0.11666666666666667
2016-03-31,3,21:17:57,1277.95,1.1333333333333333
2016-03-31,3,21:33:57,1293.95,-0.7
2016-03-31,3,21:49:57,1309.95,-1.65
2016-03-31,3,22:03:57,1323.95,0.4666666666666667
2016-03-31,3,22:18:57,1338.95,-1.1166666666666667
2016-03-31,3,22:34:57,1354.95,0.9166666666666666
2016-03-31,3,22:49:57,1369.95,-3.433333333333333
2016-03-31,3,23:04:57,1384.95,-2.316666666666667
2016-03-31,3,23:19:57,1399.95,0.5166666666666667
2016-03-31,3,23:34:57,1414.95,2.3
2016-03-31,3,23:49:57,1429.95,-0.43333333333333335
2016-04-01,4,00:04:57,4.95,-3.316666666666667
2016-04-01,4,00:34:57,34.95,-1.45
2016-04-01,4,01:11:57,71.95,0.45
2016-04-01,4,02:09:57,129.95,-0.7333333333333333
2016-04-01,4,05:32:57,332.95,-0.6
2016-04-01,4,05:47:57,347.95,0.9666666666666667
2016-04-01,4,06:02:57,362.95,-0.9666666666666667
2016-04-01,4,06:15:57,375.95,-1.05
2016-04-01,4,06:25:57,385.95,-0.8
2016-04-01,4,06:35:57,395.95,-1.55
2016-04-01,4,06:45:57,405.95,0.1
2016-04-01,4,06:53:57,413.95,1.0833333333333333
2016-04-01,4,07:01:57,421.95,-3.5833333333333335
2016-04-01,4,07:10:57,430.95,0.4
2016-04-01,4,07:19:57,439.95,2.35
2016-04-01,4,07:28:57,448.95,0.4166666666666667
2016-04-01,4,07:35:57,455.95,-0.23333333333333334
2016-04-01,4,07:42:57,462.95,0.21666666666666667
2016-04-01,4,07:50:57,470.95,-0.5333333333333333
2016-04-01,4,07:58:57,478.95,2.433333333333333
2016-04-01,4,08:07:57,487.95,-1.8333333333333333
2016-04-01,4,08:14:57,494.95,0.9333333333333333
2016-04-01,4,08:23:57,503.95,-0.65
2016-04-01,4,08:31:57,511.95,0.8833333333333333
2016-04-01,4,08:40:57,520.95,3.7
2016-04-01,4,08:48:57,528.95,-0.05
2016-04-01,4,09:04:57,544.95,0.5166666666666667
2016-04-01,4,09:12:57,552.95,1.4833333333333334
2016-04-01,4,09:20:57,560.95,-0.2833333333333333
2016-04-01,4,09:28:57,568.95,0.2833333333333333
2016-04-01,4,09:35:57,575.95,1.2833333333333334
2016-04-01,4,09:44:57,584.95,1.6333333333333333
2016-04-01,4,09:53:57,593.95,1.2833333333333334
2016-04-01,4,10:03:57,603.95,-1.0
2016-04-01,4,10:15:57,615.95,-2.55
2016-04-01,4,10:27:57,627.95,0.08333333333333333
2016-04-01,4,10:40:57,640.95,-0.6333333333333333
2016-04-01,4,10:52:57,652.95,1.8
2016-04-01,4,11:04:57,664.95,-1.0333333333333334
2016-04-01,4,11:16:57,676.95,-0.75
2016-04-01,4,11:28:57,688.95,-2.2666666666666666
2016-04-01,4,11:40:57,700.95,-0.7333333333333333
2016-04-01,4,11:51:57,711.95,0.4
2016-04-01,4,12:03:57,723.95,-1.0166666666666666
2016-04-01,4,12:15:57,735.95,1.5
2016-04-01,4,12:28:57,748.95,-0.7
2016-04-01,4,12:40:57,760.95,-2.0166666666666666
2016-04-01,4,12:52:57,772.95,-1.0
2016-04-01,4,13:04:57,784.95,1.9333333333333333
2016-04-01,4,13:16:57,796.95,0.7333333333333333
2016-04-01,4,13:28:57,808.95,-0.7166666666666667
2016-04-01,4,13:40:56,820.9333333333333,-2.4
2016-04-01,4,13:52:56,832.9333333333333,0.2833333333333333
2016-04-01,4,14:04:56,844.9333333333333,-1.9333333333333333
2016-04-01,4,14:16:56,856.9333333333333,4.683333333333334
2016-04-01,4,14:26:56,866.9333333333333,-1.3
2016-04-01,4,14:38:56,878.9333333333333,-0.36666666666666664
2016-04-01,4,14:49:56,889.9333333333333,-2.033333333333333
2016-04-01,4,14:55:56,895.9333333333333,-0.3
2016-04-01,4,14:58:56,898.9333333333333,0.5833333333333334
2016-04-01,4,15:05:56,905.9333333333333,-0.3333333333333333
2016-04-01,4,15:11:56,911.9333333333333,-1.0
2016-04-01,4,15:17:56,917.9333333333333,4.533333333333333
2016-04-01,4,15:24:56,924.9333333333333,-0.03333333333333333
2016-04-01,4,15:31:56,931.9333333333333,-0.6
2016-04-01,4,15:38:56,938.9333333333333,-3.55
2016-04-01,4,15:46:56,946.9333333333333,-0.48333333333333334
2016-04-01,4,15:54:56,954.9333333333333,0.65
2016-04-01,4,16:01:56,961.9333333333333,0.48333333333333334
2016-04-01,4,16:10:56,970.9333333333333,1.25
2016-04-01,4,16:17:56,977.9333333333333,-1.9833333333333334
2016-04-01,4,16:26:56,986.9333333333333,-1.9833333333333334
2016-04-01,4,16:34:56,994.9333333333333,-0.7166666666666667
2016-04-01,4,16:40:56,1000.9333333333333,-2.3666666666666667
2016-04-01,4,16:46:56,1006.9333333333333,-6.266666666666667
2016-04-01,4,16:51:56,1011.9333333333333,-0.25
2016-04-01,4,16:56:56,1016.9333333333333,-1.7666666666666666
2016-04-01,4,17:01:56,1021.9333333333333,3.45
2016-04-01,4,17:08:56,1028.9333333333334,-0.55
2016-04-01,4,17:14:56,1034.9333333333334,-0.4
2016-04-01,4,17:20:56,1040.9333333333334,-0.55
2016-04-01,4,17:26:56,1046.9333333333334,-0.43333333333333335
2016-04-01,4,17:32:56,1052.9333333333334,-1.0666666666666667
2016-04-01,4,17:48:56,1068.9333333333334,4.433333333333334
2016-04-01,4,17:58:56,1078.9333333333334,-0.6166666666666667
2016-04-01,4,18:05:56,1085.9333333333334,-1.5833333333333333
2016-04-01,4,18:13:57,1093.95,3.933333333333333
2016-04-01,4,18:27:57,1107.95,3.7333333333333334
2016-04-01,4,18:39:57,1119.95,0.7833333333333333
2016-04-01,4,18:49:57,1129.95,-2.433333333333333
2016-04-01,4,18:59:57,1139.95,-2.9833333333333334
2016-04-01,4,19:09:57,1149.95,-0.7166666666666667
2016-04-01,4,19:21:57,1161.95,-3.1333333333333333
2016-04-01,4,19:31:57,1171.95,2.316666666666667
2016-04-01,4,19:41:57,1181.95,-0.36666666666666664
2016-04-01,4,19:52:57,1192.95,-1.95
2016-04-01,4,20:01:57,1201.95,-0.6166666666666667
2016-04-01,4,20:16:57,1216.95,-1.9166666666666667
2016-04-01,4,20:31:57,1231.95,-2.2666666666666666
2016-04-01,4,20:46:57,1246.95,1.1833333333333333
2016-04-01,4,21:02:57,1262.95,-1.2166666666666666
2016-04-01,4,21:17:57,1277.95,-2.3833333333333333
2016-04-01,4,21:33:57,1293.95,-2.033333333333333
2016-04-01,4,21:49:57,1309.95,-0.7666666666666667
2016-04-01,4,22:03:57,1323.95,0.5666666666666667
2016-04-01,4,22:18:57,1338.95,0.13333333333333333
2016-04-01,4,22:34:57,1354.95,-1.4
2016-04-01,4,22:49:57,1369.95,-0.31666666666666665
2016-04-01,4,23:04:57,1384.95,-0.55
2016-04-01,4,23:19:57,1399.95,0.016666666666666666
2016-04-01,4,23:34:57,1414.95,-1.6
2016-04-01,4,23:49:57,1429.95,-1.7666666666666666
2016-04-02,5,00:04:57,4.95,0.45
2016-04-02,5,00:34:57,34.95,0.08333333333333333
2016-04-02,5,01:11:57,71.95,-3.6666666666666665
2016-04-02,5,02:09:57,129.95,1.4
2016-04-02,5,05:34:57,334.95,-1.2333333333333334
2016-04-02,5,06:04:57,364.95,0.38333333333333336
2016-04-02,5,06:19:57,379.95,-2.2333333333333334
2016-04-02,5,06:34:57,394.95,-1.65
2016-04-02,5,06:49:57,409.95,0.65
2016-04-02,5,07:04:57,424.95,0.35
2016-04-02,5,07:19:57,439.95,-2.45
2016-04-02,5,07:34:57,454.95,-0.3
2016-04-02,5,07:49:57,469.95,-1.5666666666666667
2016-04-02,5,08:04:57,484.95,-0.6166666666666667
2016-04-02,5,08:18:57,498.95,-1.3
2016-04-02,5,08:30:57,510.95,-1.4833333333333334
2016-04-02,5,08:42:57,522.95,-1.3833333333333333
2016-04-02,5,08:54:57,534.95,-0.38333333333333336
2016-04-02,5,09:06:57,546.95,-0.35
2016-04-02,5,09:18:57,558.95,-2.566666666666667
2016-04-02,5,09:30:57,570.95,-0.31666666666666665
2016-04-02,5,09:42:57,582.95,-0.2
2016-04-02,5,09:54:57,594.95,-1.6166666666666667
2016-04-02,5,10:06:57,606.95,-0.3333333333333333
2016-04-02,5,10:18:57,618.95,-1.2333333333333334
2016-04-02,5,10:30:57,630.95,-1.7166666666666666
2016-04-02,5,10:41:57,641.95,1.9833333333333334
2016-04-02,5,10:54:57,654.95,1.3666666666666667
2016-04-02,5,11:06:57,666.95,-0.38333333333333336
2016-04-02,5,11:18:57,678.95,-1.4333333333333333
2016-04-02,5,11:30:57,690.95,0.1
2016-04-02,5,11:42:57,702.95,-0.23333333333333334
2016-04-02,5,11:54:57,714.95,3.6666666666666665
2016-04-02,5,12:06:57,726.95,-3.0
2016-04-02,5,12:18:57,738.95,-1.4
2016-04-02,5,12:30:57,750.95,-0.26666666666666666
2016-04-02,5,12:42:57,762.95,-1.5666666666666667
2016-04-02,5,12:54:57,774.95,-1.3666666666666667
2016-04-02,5,13:06:57,786.95,1.0333333333333334
2016-04-02,5,13:18:57,798.95,-2.816666666666667
2016-04-02,5,13:30:57,810.95,2.8666666666666667
2016-04-02,5,13:42:57,822.95,-1.75
2016-04-02,5,13:54:57,834.95,-1.3833333333333333
2016-04-02,5,14:06:57,846.95,-0.45
2016-04-02,5,14:18:57,858.95,-3.066666666666667
2016-04-02,5,14:30:57,870.95,-0.2833333333333333
2016-04-02,5,14:42:57,882.95,-1.35
2016-04-02,5,14:54:57,894.95,3.933333333333333
2016-04-02,5,15:06:57,906.95,-0.35
2016-04-02,5,15:30:57,930.95,2.316666666666667
2016-04-02,5,15:42:57,942.95,-3.6666666666666665
2016-04-02,5,15:54:57,954.95,-0.03333333333333333
2016-04-02,5,16:06:57,966.95,-3.1166666666666667
2016-04-02,5,16:18:57,978.95,2.2
2016-04-02,5,16:30:57,990.95,-0.016666666666666666
2016-04-02,5,16:42:57,1002.95,-2.55
2016-04-02,5,16:54:57,1014.95,-1.7833333333333334
2016-04-02,5,17:06:57,1026.95,-5.516666666666667
2016-04-02,5,17:18:57,1038.95,-1.8
2016-04-02,5,17:30:57,1050.95,0.35
2016-04-02,5,17:54:57,1074.95,0.016666666666666666
2016-04-02,5,18:06:57,1086.95,-2.9166666666666665
2016-04-02,5,18:18:57,1098.95,-0.05
2016-04-02,5,18:30:57,1110.95,-1.4
2016-04-02,5,18:38:57,1118.95,-1.7166666666666666
2016-04-02,5,18:49:57,1129.95,-3.0
2016-04-02,5,19:04:57,1144.95,-3.433333333333333
2016-04-02,5,19:19:57,1159.95,0.016666666666666666
2016-04-02,5,19:34:57,1174.95,-0.3333333333333333
2016-04-02,5,19:49:57,1189.95,0.7833333333333333
2016-04-02,5,20:04:57,1204.95,-2.4166666666666665
2016-04-02,5,20:19:57,1219.95,-1.1333333333333333
2016-04-02,5,20:34:57,1234.95,-0.03333333333333333
2016-04-02,5,20:49:57,1249.95,-1.55
2016-04-02,5,21:04:57,1264.95,0.3333333333333333
2016-04-02,5,21:19:57,1279.95,-2.216666666666667
2016-04-02,5,21:34:57,1294.95,1.0833333333333333
2016-04-02,5,21:49:57,1309.95,1.1
2016-04-02,5,22:04:57,1324.95,1.6666666666666667
2016-04-02,5,22:19:57,1339.95,-3.933333333333333
2016-04-02,5,22:34:57,1354.95,-0.016666666666666666
2016-04-02,5,22:49:57,1369.95,0.65
2016-04-02,5,23:04:57,1384.95,0.3333333333333333
2016-04-02,5,23:19:57,1399.95,-4.033333333333333
2016-04-02,5,23:34:57,1414.95,-0.31666666666666665
2016-04-02,5,23:49:57,1429.95,-0.2833333333333333
2016-04-03,6,00:04:57,4.95,3.0166666666666666
2016-04-03,6,00:34:57,34.95,-0.1
2016-04-03,6,01:11:57,71.95,-2.4166666666666665
2016-04-03,6,02:09:57,129.95,0.6833333333333333
2016-04-03,6,05:31:58,331.96666666666664,0.4666666666666667
2016-04-03,6,06:04:58,364.96666666666664,-0.5833333333333334
2016-04-03,6,06:19:58,379.96666666666664,3.05
2016-04-03,6,06:34:58,394.96666666666664,-0.35
2016-04-03,6,06:49:58,409.96666666666664,1.1166666666666667
2016-04-03,6,07:04:58,424.96666666666664,0.43333333333333335
2016-04-03,6,07:19:58,439.96666666666664,0.05
2016-04-03,6,07:34:58,454.96666666666664,0.05
2016-04-03,6,07:49:58,469.96666666666664,0.55
2016-04-03,6,08:04:58,484.96666666666664,0.21666666666666667
2016-04-03,6,08:19:57,499.95,-0.9666666666666667
2016-04-03,6,08:34:57,514.95,0.06666666666666667
2016-04-03,6,08:49:57,529.95,-1.5333333333333334
2016-04-03,6,09:04:57,544.95,-1.0
2016-04-03,6,09:19:57,559.95,0.5333333333333333
2016-04-03,6,09:34:57,574.95,-0.21666666666666667
2016-04-03,6,09:49:57,589.95,-0.65
2016-04-03,6,10:04:57,604.95,0.6
2016-04-03,6,10:19:57,619.95,-1.3833333333333333
2016-04-03,6,10:34:57,634.95,2.35
2016-04-03,6,10:49:57,649.95,3.566666666666667
2016-04-03,6,11:04:57,664.95,-1.8333333333333333
2016-04-03,6,11:19:57,679.95,0.4666666666666667
2016-04-03,6,11:34:57,694.95,0.08333333333333333
2016-04-03,6,11:49:57,709.95,1.1
2016-04-03,6,12:04:57,724.95,2.1166666666666667
2016-04-03,6,12:19:57,739.95,0.06666666666666667
2016-04-03,6,12:34:57,754.95,-0.11666666666666667
2016-04-03,6,12:49:57,769.95,-1.8666666666666667
2016-04-03,6,13:04:57,784.95,1.6833333333333333
2016-04-03,6,13:19:57,799.95,0.0
2016-04-03,6,13:34:57,814.95,0.15
2016-04-03,6,13:49:57,829.95,0.85
2016-04-03,6,14:04:57,844.95,-0.6
2016-04-03,6,14:19:57,859.95,0.03333333333333333
2016-04-03,6,14:34:57,874.95,2.8333333333333335
2016-04-03,6,14:49:57,889.95,-0.5333333333333333
2016-04-03,6,15:04:57,904.95,-1.9333333333333333
2016-04-03,6,15:19:57,919.95,-2.6666666666666665
2016-04-03,6,15:34:57,934.95,-0.16666666666666666
2016-04-03,6,15:49:57,949.95,1.1
2016-04-03,6,16:04:57,964.95,-0.95
2016-04-03,6,16:19:57,979.95,1.7
2016-04-03,6,16:34:57,994.95,0.16666666666666666
2016-04-03,6,16:49:57,1009.95,2.1333333333333333
2016-04-03,6,17:04:57,1024.95,0.6666666666666666
2016-04-03,6,17:19:57,1039.95,2.783333333333333
2016-04-03,6,17:34:57,1054.95,-1.55
2016-04-03,6,17:49:57,1069.95,-1.5666666666666667
2016-04-03,6,18:04:57,1084.95,-0.7666666666666667
2016-04-03,6,18:19:57,1099.95,1.6833333333333333
2016-04-03,6,18:34:57,1114.95,1.0333333333333334
2016-04-03,6,18:49:57,1129.95,3.433333333333333
2016-04-03,6,19:04:57,1144.95,0.9333333333333333
2016-04-03,6,19:19:57,1159.95,0.05
2016-04-03,6,19:34:57,1174.95,-2.533333333333333
2016-04-03,6,19:49:57,1189.95,0.7833333333333333
2016-04-03,6,20:04:57,1204.95,-0.9333333333333333
2016-04-03,6,20:19:57,1219.95,-2.2666666666666666
2016-04-03,6,20:34:57,1234.95,-0.2
2016-04-03,6,20:49:57,1249.95,2.283333333333333
2016-04-03,6,21:04:57,1264.95,-2.183333333333333
2016-04-03,6,21:19:57,1279.95,-0.8
2016-04-03,6,21:34:57,1294.95,0.18333333333333332
2016-04-03,6,21:49:57,1309.95,-0.7
2016-04-03,6,22:04:57,1324.95,3.283333333333333
2016-04-03,6,22:19:57,1339.95,-3.683333333333333
2016-04-03,6,22:34:57,1354.95,-4.283333333333333
2016-04-03,6,22:49:57,1369.95,-0.18333333333333332
2016-04-03,6,23:04:57,1384.95,-1.0833333333333333
2016-04-03,6,23:19:57,1399.95,-2.216666666666667
2016-04-03,6,23:34:57,1414.95,2.5833333333333335
2016-04-03,6,23:49:57,1429.95,0.6166666666666667
2016-04-04,0,00:04:57,4.95,1.6
2016-04-04,0,00:34:57,34.95,0.38333333333333336
2016-04-04,0,01:11:57,71.95,2.65
2016-04-04,0,02:09:57,129.95,2.033333333333333
2016-04-04,0,03:24:57,204.95,0.85
2016-04-04,0,05:32:57,332.95,0.4166666666666667
2016-04-04,0,05:47:57,347.95,3.0833333333333335
2016-04-04,0,06:02:57,362.95,-1.4833333333333334
2016-04-04,0,06:15:57,375.95,-1.05
2016-04-04,0,06:25:57,385.95,-0.48333333333333334
2016-04-04,0,06:35:57,395.95,-1.2
2016-04-04,0,06:45:57,405.95,0.43333333333333335
2016-04-04,0,06:53:57,413.95,-0.08333333333333333
2016-04-04,0,07:01:57,421.95,-1.7666666666666666
2016-04-04,0,07:10:57,430.95,0.8833333333333333
2016-04-04,0,07:19:57,439.95,0.9
2016-04-04,0,07:28:57,448.95,-0.3
2016-04-04,0,07:35:57,455.95,-1.3
2016-04-04,0,07:42:57,462.95,-1.1
2016-04-04,0,07:50:57,470.95,-0.3333333333333333
2016-04-04,0,07:58:57,478.95,2.45
2016-04-04,0,08:07:57,487.95,0.5833333333333334
2016-04-04,0,08:14:57,494.95,1.5166666666666666
2016-04-04,0,08:23:57,503.95,0.95
2016-04-04,0,08:31:57,511.95,0.5166666666666667
2016-04-04,0,08:40:57,520.95,3.433333333333333
2016-04-04,0,08:48:57,528.95,0.8
2016-04-04,0,08:56:57,536.95,2.2333333333333334
2016-04-04,0,09:04:57,544.95,-0.7666666666666667
2016-04-04,0,09:12:57,552.95,1.2833333333333334
2016-04-04,0,09:20:57,560.95,1.2333333333333334
2016-04-04,0,09:28:57,568.95,-0.4166666666666667
2016-04-04,0,09:35:57,575.95,0.1
2016-04-04,0,09:44:57,584.95,1.1833333333333333
2016-04-04,0,09:53:57,593.95,0.9166666666666666
2016-04-04,0,10:03:57,603.95,-0.9333333333333333
2016-04-04,0,10:15:57,615.95,1.4
2016-04-04,0,10:27:57,627.95,1.3833333333333333
2016-04-04,0,10:40:57,640.95,0.31666666666666665
2016-04-04,0,10:52:57,652.95,-1.0166666666666666
2016-04-04,0,11:04:57,664.95,-1.9666666666666666
2016-04-04,0,11:16:57,676.95,-0.4666666666666667
2016-04-04,0,11:28:57,688.95,-0.6166666666666667
2016-04-04,0,11:40:57,700.95,-0.7166666666666667
2016-04-04,0,11:51:57,711.95,2.1
2016-04-04,0,12:03:57,723.95,0.48333333333333334
2016-04-04,0,12:15:57,735.95,0.2
2016-04-04,0,12:28:57,748.95,-0.7333333333333333
2016-04-04,0,12:40:57,760.95,-1.8
2016-04-04,0,12:52:57,772.95,1.6833333333333333
2016-04-04,0,13:04:57,784.95,-0.4166666666666667
2016-04-04,0,13:16:57,796.95,-0.6666666666666666
2016-04-04,0,13:28:57,808.95,-1.1
2016-04-04,0,13:40:56,820.9333333333333,-3.6166666666666667
2016-04-04,0,13:52:56,832.9333333333333,-1.9833333333333334
2016-04-04,0,14:04:56,844.9333333333333,-1.05
2016-04-04,0,14:16:56,856.9333333333333,1.5833333333333333
2016-04-04,0,14:26:56,866.9333333333333,-1.5833333333333333
2016-04-04,0,14:38:56,878.9333333333333,-1.2666666666666666
2016-04-04,0,14:49:56,889.9333333333333,-0.8333333333333334
2016-04-04,0,14:55:56,895.9333333333333,-0.45
2016-04-04,0,14:58:56,898.9333333333333,-5.066666666666666
2016-04-04,0,15:05:56,905.9333333333333,-0.4166666666666667
2016-04-04,0,15:11:56,911.9333333333333,-1.5166666666666666
2016-04-04,0,15:17:56,917.9333333333333,-2.183333333333333
2016-04-04,0,15:24:56,924.9333333333333,3.2333333333333334
2016-04-04,0,15:31:56,931.9333333333333,-1.7833333333333334
2016-04-04,0,15:38:56,938.9333333333333,-2.933333333333333
2016-04-04,0,15:46:56,946.9333333333333,0.23333333333333334
2016-04-04,0,15:54:56,954.9333333333333,0.6833333333333333
2016-04-04,0,16:01:56,961.9333333333333,-4.016666666666667
2016-04-04,0,16:10:56,970.9333333333333,0.9833333333333333
2016-04-04,0,16:17:56,977.9333333333333,-1.1
2016-04-04,0,16:26:56,986.9333333333333,2.8333333333333335
2016-04-04,0,16:34:56,994.9333333333333,1.95
2016-04-04,0,16:40:56,1000.9333333333333,0.7333333333333333
2016-04-04,0,16:46:56,1006.9333333333333,-0.55
2016-04-04,0,16:51:56,1011.9333333333333,-0.8
2016-04-04,0,16:56:56,1016.9333333333333,3.95
2016-04-04,0,17:01:56,1021.9333333333333,21.6
2016-04-04,0,17:08:56,1028.9333333333334,19.466666666666665
2016-04-04,0,17:14:56,1034.9333333333334,10.033333333333333
2016-04-04,0,17:20:56,1040.9333333333334,7.55
2016-04-04,0,17:26:56,1046.9333333333334,20.566666666666666
2016-04-04,0,17:32:56,1052.9333333333334,-0.48333333333333334
2016-04-04,0,17:40:56,1060.9333333333334,27.833333333333332
2016-04-04,0,17:48:56,1068.9333333333334,13.4
2016-04-04,0,17:58:56,1078.9333333333334,-1.1
2016-04-04,0,18:05:56,1085.9333333333334,11.5
2016-04-04,0,18:13:57,1093.95,11.366666666666667
2016-04-04,0,18:27:57,1107.95,16.9
2016-04-04,0,18:39:57,1119.95,7.466666666666667
2016-04-04,0,18:49:57,1129.95,-0.55
2016-04-04,0,18:59:57,1139.95,-0.5333333333333333
2016-04-04,0,19:09:57,1149.95,-0.8166666666666667
2016-04-04,0,19:21:57,1161.95,-0.23333333333333334
2016-04-04,0,19:31:57,1171.95,10.916666666666666
2016-04-04,0,19:41:57,1181.95,-3.4
2016-04-04,0,19:52:57,1192.95,-4.633333333333334
2016-04-04,0,20:01:57,1201.95,-3.433333333333333
2016-04-04,0,20:16:57,1216.95,0.26666666666666666
2016-04-04,0,20:31:57,1231.95,-0.9166666666666666
2016-04-04,0,20:46:57,1246.95,1.0166666666666666
2016-04-04,0,21:02:57,1262.95,-1.3166666666666667
2016-04-04,0,21:17:57,1277.95,-2.95
2016-04-04,0,21:33:57,1293.95,-3.1166666666666667
2016-04-04,0,21:49:57,1309.95,-0.6833333333333333
2016-04-04,0,22:03:57,1323.95,-1.4166666666666667
2016-04-04,0,22:18:57,1338.95,-3.033333333333333
2016-04-04,0,22:34:57,1354.95,0.25
2016-04-04,0,22:49:57,1369.95,1.9833333333333334
2016-04-04,0,23:04:57,1384.95,-1.9166666666666667
2016-04-04,0,23:19:57,1399.95,-1.0166666666666666
2016-04-04,0,23:34:57,1414.95,-1.5833333333333333
2016-04-04,0,23:49:57,1429.95,-3.0
2016-04-05,1,00:04:57,4.95,-3.3333333333333335
2016-04-05,1,00:34:57,34.95,-2.933333333333333
2016-04-05,1,01:11:57,71.95,-2.1333333333333333
2016-04-05,1,02:09:57,129.95,2.2333333333333334
2016-04-05,1,03:24:57,204.95,-0.55
2016-04-05,1,05:32:57,332.95,-0.5166666666666667
2016-04-05,1,05:47:57,347.95,-1.3166666666666667
2016-04-05,1,06:02:57,362.95,0.2833333333333333
2016-04-05,1,06:15:57,375.95,-0.8833333333333333
2016-04-05,1,06:25:57,385.95,-0.65
2016-04-05,1,06:35:57,395.95,1.2833333333333334
2016-04-05,1,06:45:57,405.95,-0.75
2016-04-05,1,06:53:57,413.95,-0.5833333333333334
2016-04-05,1,07:01:57,421.95,-0.7833333333333333
2016-04-05,1,07:10:57,430.95,0.9833333333333333
2016-04-05,1,07:19:57,439.95,-0.5666666666666667
2016-04-05,1,07:28:57,448.95,-0.6333333333333333
2016-04-05,1,07:35:57,455.95,-0.95
2016-04-05,1,07:42:57,462.95,-1.0333333333333334
2016-04-05,1,07:50:57,470.95,-0.6333333333333333
2016-04-05,1,07:58:57,478.95,0.8166666666666667
2016-04-05,1,08:07:57,487.95,-0.11666666666666667
2016-04-05,1,08:14:57,494.95,-0.16666666666666666
2016-04-05,1,08:23:57,503.95,-0.2
2016-04-05,1,08:31:57,511.95,-0.8833333333333333
2016-04-05,1,08:40:57,520.95,-0.7833333333333333
2016-04-05,1,08:48:57,528.95,-1.4833333333333334
2016-04-05,1,08:56:57,536.95,0.9
2016-04-05,1,09:04:57,544.95,-0.9
2016-04-05,1,09:12:57,552.95,2.2333333333333334
2016-04-05,1,09:20:57,560.95,-0.45
2016-04-05,1,09:28:57,568.95,0.4
2016-04-05,1,09:35:57,575.95,4.433333333333334
2016-04-05,1,09:44:57,584.95,2.9166666666666665
2016-04-05,1,09:53:57,593.95,-0.5666666666666667
2016-04-05,1,10:03:57,603.95,0.38333333333333336
2016-04-05,1,10:15:57,615.95,1.8666666666666667
2016-04-05,1,10:27:57,627.95,-1.25
2016-04-05,1,10:40:57,640.95,0.6333333333333333
2016-04-05,1,10:52:57,652.95,-1.8333333333333333
2016-04-05,1,11:04:57,664.95,-1.9166666666666667
2016-04-05,1,11:16:57,676.95,-1.7833333333333334
2016-04-05,1,11:28:57,688.95,-1.0
2016-04-05,1,11:40:57,700.95,1.6166666666666667
2016-04-05,1,11:51:57,711.95,1.8833333333333333
2016-04-05,1,12:03:57,723.95,-1.0333333333333334
2016-04-05,1,12:15:57,735.95,-2.433333333333333
2016-04-05,1,12:28:57,748.95,2.066666666666667
2016-04-05,1,12:40:57,760.95,-0.8833333333333333
2016-04-05,1,12:52:57,772.95,-0.55
2016-04-05,1,13:04:57,784.95,-0.4
2016-04-05,1,13:16:57,796.95,-1.85
2016-04-05,1,13:28:57,808.95,-1.95
2016-04-05,1,13:40:56,820.9333333333333,-0.9666666666666667
2016-04-05,1,13:52:56,832.9333333333333,-0.4
2016-04-05,1,14:04:56,844.9333333333333,-1.6166666666666667
2016-04-05,1,14:16:56,856.9333333333333,0.7
2016-04-05,1,14:26:56,866.9333333333333,-0.35
2016-04-05,1,14:38:56,878.9333333333333,-0.4166666666666667
2016-04-05,1,14:49:56,889.9333333333333,-0.6
2016-04-05,1,14:55:56,895.9333333333333,-1.7333333333333334
2016-04-05,1,14:58:56,898.9333333333333,3.966666666666667
2016-04-05,1,15:05:56,905.9333333333333,-0.05
2016-04-05,1,15:11:56,911.9333333333333,-3.5833333333333335
2016-04-05,1,15:17:56,917.9333333333333,3.033333333333333
2016-04-05,1,15:24:56,924.9333333333333,2.4
2016-04-05,1,15:31:56,931.9333333333333,-1.9166666666666667
2016-04-05,1,15:38:56,938.9333333333333,-2.05
2016-04-05,1,15:46:56,946.9333333333333,-0.43333333333333335
2016-04-05,1,15:54:56,954.9333333333333,1.4833333333333334
2016-04-05,1,16:01:56,961.9333333333333,-1.0
2016-04-05,1,16:10:56,970.9333333333333,-0.6166666666666667
2016-04-05,1,16:17:56,977.9333333333333,-2.8833333333333333
2016-04-05,1,16:26:56,986.9333333333333,-0.5166666666666667
2016-04-05,1,16:34:56,994.9333333333333,2.6
2016-04-05,1,16:40:56,1000.9333333333333,-0.8833333333333333
2016-04-05,1,16:46:56,1006.9333333333333,0.7666666666666667
2016-04-05,1,16:51:56,1011.9333333333333,-1.15
2016-04-05,1,16:56:56,1016.9333333333333,-1.25
2016-04-05,1,17:01:56,1021.9333333333333,-2.3833333333333333
2016-04-05,1,17:08:56,1028.9333333333334,-0.55
2016-04-05,1,17:14:56,1034.9333333333334,-1.05
2016-04-05,1,17:20:56,1040.9333333333334,4.0
2016-04-05,1,17:26:56,1046.9333333333334,0.15
2016-04-05,1,17:32:56,1052.9333333333334,-2.9166666666666665
2016-04-05,1,17:40:56,1060.9333333333334,0.4166666666666667
2016-04-05,1,17:48:56,1068.9333333333334,7.633333333333334
2016-04-05,1,17:58:56,1078.9333333333334,-1.0666666666666667
2016-04-05,1,18:05:56,1085.9333333333334,-1.7833333333333334
2016-04-05,1,18:13:57,1093.95,0.4166666666666667
2016-04-05,1,18:27:57,1107.95,-2.3833333333333333
2016-04-05,1,18:39:57,1119.95,-0.05
2016-04-05,1,18:49:57,1129.95,0.6166666666666667
2016-04-05,1,18:59:57,1139.95,1.0166666666666666
2016-04-05,1,19:09:57,1149.95,-0.6333333333333333
2016-04-05,1,19:21:57,1161.95,-0.7333333333333333
2016-04-05,1,19:31:57,1171.95,-0.08333333333333333
2016-04-05,1,19:41:57,1181.95,-1.6666666666666667
2016-04-05,1,19:52:57,1192.95,-2.25
2016-04-05,1,20:01:57,1201.95,-1.6666666666666667
2016-04-05,1,20:16:57,1216.95,0.6666666666666666
2016-04-05,1,20:31:57,1231.95,-0.9166666666666666
2016-04-05,1,20:46:57,1246.95,-1.2
2016-04-05,1,21:02:57,1262.95,-1.4333333333333333
2016-04-05,1,21:17:57,1277.95,1.0
2016-04-05,1,21:33:57,1293.95,-0.5833333333333334
2016-04-05,1,21:49:57,1309.95,-0.3
2016-04-05,1,22:03:57,1323.95,0.3
2016-04-05,1,22:18:57,1338.95,-3.95
2016-04-05,1,22:34:57,1354.95,-1.6166666666666667
2016-04-05,1,22:49:57,1369.95,0.9
2016-04-05,1,23:04:57,1384.95,-1.8
2016-04-05,1,23:19:57,1399.95,-1.35
2016-04-05,1,23:34:57,1414.95,-1.45
2016-04-05,1,23:49:57,1429.95,0.6333333333333333
2016-04-06,2,00:04:57,4.95,-5.083333333333333
2016-04-06,2,00:34:57,34.95,1.3
2016-04-06,2,01:11:57,71.95,-1.4166666666666667
2016-04-06,2,02:09:57,129.95,-0.5833333333333334
2016-04-06,2,05:32:57,332.95,-1.8333333333333333
2016-04-06,2,05:47:57,347.95,-1.05
2016-04-06,2,06:15:57,375.95,-0.9666666666666667
2016-04-06,2,06:25:57,385.95,-0.7833333333333333
2016-04-06,2,06:35:57,395.95,-3.4
2016-04-06,2,06:45:57,405.95,-0.16666666666666666
2016-04-06,2,06:53:57,413.95,-0.6666666666666666
2016-04-06,2,07:01:57,421.95,-1.15
2016-04-06,2,07:10:57,430.95,0.35
2016-04-06,2,07:19:57,439.95,-0.5666666666666667
2016-04-06,2,07:28:57,448.95,1.5666666666666667
2016-04-06,2,07:35:57,455.95,-2.8833333333333333
2016-04-06,2,07:42:57,462.95,0.38333333333333336
2016-04-06,2,07:50:57,470.95,-2.066666666666667
2016-04-06,2,07:58:57,478.95,-1.0833333333333333
2016-04-06,2,08:07:57,487.95,1.85
2016-04-06,2,08:14:57,494.95,2.85
2016-04-06,2,08:23:57,503.95,0.8333333333333334
2016-04-06,2,08:31:57,511.95,-0.5666666666666667
2016-04-06,2,08:40:57,520.95,-1.8333333333333333
2016-04-06,2,08:48:57,528.95,-0.95
2016-04-06,2,08:56:57,536.95,2.7333333333333334
2016-04-06,2,09:04:57,544.95,0.4
2016-04-06,2,09:12:57,552.95,1.8333333333333333
2016-04-06,2,09:20:57,560.95,-1.75
2016-04-06,2,09:28:57,568.95,-0.7333333333333333
2016-04-06,2,09:35:57,575.95,1.4833333333333334
2016-04-06,2,09:44:57,584.95,-0.25
2016-04-06,2,09:53:57,593.95,-1.7166666666666666
2016-04-06,2,10:03:57,603.95,0.4666666666666667
2016-04-06,2,10:15:57,615.95,0.35
2016-04-06,2,10:27:57,627.95,-1.05
2016-04-06,2,10:40:57,640.95,1.6333333333333333
2016-04-06,2,10:52:57,652.95,-1.9
2016-04-06,2,11:04:57,664.95,-0.43333333333333335
2016-04-06,2,11:16:57,676.95,-1.9333333333333333
2016-04-06,2,11:28:57,688.95,-1.0833333333333333
2016-04-06,2,11:40:57,700.95,-1.9333333333333333
2016-04-06,2,11:51:57,711.95,0.3333333333333333
2016-04-06,2,12:03:57,723.95,-0.03333333333333333
2016-04-06,2,12:15:57,735.95,-1.2
2016-04-06,2,12:28:57,748.95,0.4
2016-04-06,2,12:40:57,760.95,0.43333333333333335
2016-04-06,2,12:52:57,772.95,0.5666666666666667
2016-04-06,2,13:04:57,784.95,1.1666666666666667
2016-04-06,2,13:16:57,796.95,-1.0666666666666667
2016-04-06,2,13:28:57,808.95,-3.65
2016-04-06,2,13:40:56,820.9333333333333,-2.533333333333333
2016-04-06,2,13:52:56,832.9333333333333,-0.7166666666666667
2016-04-06,2,14:04:56,844.9333333333333,-3.2
2016-04-06,2,14:16:56,856.9333333333333,0.35
2016-04-06,2,14:26:56,866.9333333333333,-0.4
2016-04-06,2,14:38:56,878.9333333333333,2.5833333333333335
2016-04-06,2,14:49:56,889.9333333333333,-0.9833333333333333
2016-04-06,2,14:55:56,895.9333333333333,-1.8333333333333333
2016-04-06,2,14:58:56,898.9333333333333,0.9
2016-04-06,2,15:05:56,905.9333333333333,-1.8833333333333333
2016-04-06,2,15:11:56,911.9333333333333,-1.15
2016-04-06,2,15:17:56,917.9333333333333,-2.716666666666667
2016-04-06,2,15:24:56,924.9333333333333,-3.8833333333333333
2016-04-06,2,15:31:56,931.9333333333333,-1.7166666666666666
2016-04-06,2,15:38:56,938.9333333333333,-0.8166666666666667
2016-04-06,2,15:46:56,946.9333333333333,0.4666666666666667
2016-04-06,2,15:54:56,954.9333333333333,2.2
2016-04-06,2,16:01:56,961.9333333333333,-1.0333333333333334
2016-04-06,2,16:10:56,970.9333333333333,-0.9166666666666666
2016-04-06,2,16:17:56,977.9333333333333,1.2166666666666666
2016-04-06,2,16:26:56,986.9333333333333,-0.48333333333333334
2016-04-06,2,16:34:56,994.9333333333333,0.7333333333333333
2016-04-06,2,16:40:56,1000.9333333333333,-1.0
2016-04-06,2,16:46:56,1006.9333333333333,2.7666666666666666
2016-04-06,2,16:51:56,1011.9333333333333,4.75
2016-04-06,2,16:56:56,1016.9333333333333,0.5
2016-04-06,2,17:01:56,1021.9333333333333,-1.65
2016-04-06,2,17:08:56,1028.9333333333334,-1.4833333333333334
2016-04-06,2,17:14:56,1034.9333333333334,3.0
2016-04-06,2,17:20:56,1040.9333333333334,3.65
2016-04-06,2,17:26:56,1046.9333333333334,-0.45
2016-04-06,2,17:32:56,1052.9333333333334,6.983333333333333
2016-04-06,2,17:40:56,1060.9333333333334,0.4
2016-04-06,2,17:48:56,1068.9333333333334,4.55
2016-04-06,2,17:58:56,1078.9333333333334,-0.7333333333333333
2016-04-06,2,18:05:56,1085.9333333333334,-0.35
2016-04-06,2,18:13:57,1093.95,-0.6
2016-04-06,2,18:27:57,1107.95,-2.566666666666667
2016-04-06,2,18:39:57,1119.95,-1.5333333333333334
2016-04-06,2,18:49:57,1129.95,-1.7
2016-04-06,2,18:59:57,1139.95,-0.5833333333333334
2016-04-06,2,19:09:57,1149.95,-0.38333333333333336
2016-04-06,2,19:21:57,1161.95,-0.6
2016-04-06,2,19:31:57,1171.95,-2.25
2016-04-06,2,19:41:57,1181.95,-0.7166666666666667
2016-04-06,2,19:52:57,1192.95,-2.283333333333333
2016-04-06,2,20:01:57,1201.95,-3.216666666666667
2016-04-06,2,20:16:57,1216.95,-1.1
2016-04-06,2,20:31:57,1231.95,-0.8666666666666667
2016-04-06,2,20:46:57,1246.95,20.05
2016-04-06,2,21:02:57,1262.95,2.75
2016-04-06,2,21:17:57,1277.95,2.3333333333333335
2016-04-06,2,21:33:57,1293.95,-2.0
2016-04-06,2,21:49:57,1309.95,-0.7
2016-04-06,2,22:03:57,1323.95,-2.783333333333333
2016-04-06,2,22:18:57,1338.95,-2.8
2016-04-06,2,22:34:57,1354.95,-1.6833333333333333
2016-04-06,2,22:49:57,1369.95,-0.7833333333333333
2016-04-06,2,23:04:57,1384.95,-0.7833333333333333
2016-04-06,2,23:19:57,1399.95,0.3
2016-04-06,2,23:34:57,1414.95,-1.6333333333333333
2016-04-06,2,23:49:57,1429.95,-0.6833333333333333
2016-04-07,3,00:04:57,4.95,-1.0
2016-04-07,3,00:34:57,34.95,-2.5166666666666666
2016-04-07,3,01:11:57,71.95,-1.2
2016-04-07,3,02:09:57,129.95,0.75
2016-04-07,3,05:32:57,332.95,-1.0
2016-04-07,3,05:47:57,347.95,-0.8333333333333334
2016-04-07,3,06:02:57,362.95,-1.1833333333333333
2016-04-07,3,06:15:57,375.95,-1.05
2016-04-07,3,06:25:57,385.95,-1.6333333333333333
2016-04-07,3,06:35:57,395.95,-1.5333333333333334
2016-04-07,3,06:45:57,405.95,-0.8333333333333334
2016-04-07,3,06:53:57,413.95,-0.16666666666666666
2016-04-07,3,07:01:57,421.95,-2.5166666666666666
2016-04-07,3,07:10:57,430.95,0.8333333333333334
2016-04-07,3,07:19:57,439.95,-1.0333333333333334
2016-04-07,3,07:28:57,448.95,1.9333333333333333
2016-04-07,3,07:35:57,455.95,-2.7333333333333334
2016-04-07,3,07:42:57,462.95,0.35
2016-04-07,3,07:50:57,470.95,-0.55
2016-04-07,3,07:58:57,478.95,0.9666666666666667
2016-04-07,3,08:07:57,487.95,2.2
2016-04-07,3,08:14:57,494.95,1.3666666666666667
2016-04-07,3,08:23:57,503.95,-1.6333333333333333
2016-04-07,3,08:31:57,511.95,-1.95
2016-04-07,3,08:40:57,520.95,-2.0166666666666666
2016-04-07,3,08:48:57,528.95,0.5
2016-04-07,3,08:56:57,536.95,3.8666666666666667
2016-04-07,3,09:04:57,544.95,3.9166666666666665
2016-04-07,3,09:12:57,552.95,-0.06666666666666667
2016-04-07,3,09:20:57,560.95,-1.65
2016-04-07,3,09:28:57,568.95,3.75
2016-04-07,3,09:35:57,575.95,-0.45
2016-04-07,3,09:44:57,584.95,6.25
2016-04-07,3,09:53:57,593.95,-1.6666666666666667
2016-04-07,3,10:03:57,603.95,8.016666666666667
2016-04-07,3,10:15:57,615.95,4.716666666666667
2016-04-07,3,10:27:57,627.95,1.2
2016-04-07,3,10:40:57,640.95,-3.316666666666667
2016-04-07,3,10:52:57,652.95,0.7666666666666667
2016-04-07,3,11:04:57,664.95,-2.0166666666666666
2016-04-07,3,11:16:57,676.95,-0.9833333333333333
2016-04-07,3,11:28:57,688.95,0.6166666666666667
2016-04-07,3,11:40:57,700.95,-0.7666666666666667
2016-04-07,3,11:51:57,711.95,-1.2666666666666666
2016-04-07,3,12:03:57,723.95,1.1166666666666667
2016-04-07,3,12:15:57,735.95,-2.55
2016-04-07,3,12:28:57,748.95,0.2
2016-04-07,3,12:40:57,760.95,3.0166666666666666
2016-04-07,3,12:52:57,772.95,-1.0
2016-04-07,3,13:04:57,784.95,-2.75
2016-04-07,3,13:16:57,796.95,-2.316666666666667
2016-04-07,3,13:28:57,808.95,-0.9833333333333333
2016-04-07,3,13:40:56,820.9333333333333,-0.4
2016-04-07,3,13:52:56,832.9333333333333,-0.9833333333333333
2016-04-07,3,14:04:56,844.9333333333333,-1.8166666666666667
2016-04-07,3,14:16:56,856.9333333333333,-2.066666666666667
2016-04-07,3,14:26:56,866.9333333333333,-1.4666666666666666
2016-04-07,3,14:38:56,878.9333333333333,-0.36666666666666664
2016-04-07,3,14:49:56,889.9333333333333,-0.95
2016-04-07,3,14:55:56,895.9333333333333,-2.3833333333333333
2016-04-07,3,14:58:56,898.9333333333333,0.9166666666666666
2016-04-07,3,15:05:56,905.9333333333333,-1.3333333333333333
2016-04-07,3,15:17:56,917.9333333333333,-1.9
2016-04-07,3,15:24:56,924.9333333333333,-2.933333333333333
2016-04-07,3,15:31:56,931.9333333333333,-2.3833333333333333
2016-04-07,3,15:38:56,938.9333333333333,0.3
2016-04-07,3,15:46:56,946.9333333333333,3.6666666666666665
2016-04-07,3,15:54:56,954.9333333333333,2.066666666666667
2016-04-07,3,16:01:56,961.9333333333333,1.9666666666666666
2016-04-07,3,16:10:56,970.9333333333333,-0.6
2016-04-07,3,16:17:56,977.9333333333333,6.266666666666667
2016-04-07,3,16:26:56,986.9333333333333,0.2833333333333333
2016-04-07,3,16:34:56,994.9333333333333,-2.3666666666666667
2016-04-07,3,16:40:56,1000.9333333333333,-1.05
2016-04-07,3,16:46:56,1006.9333333333333,1.9833333333333334
2016-04-07,3,16:51:56,1011.9333333333333,-0.03333333333333333
2016-04-07,3,16:56:56,1016.9333333333333,2.6
2016-04-07,3,17:01:56,1021.9333333333333,1.0666666666666667
2016-04-07,3,17:08:56,1028.9333333333334,-2.0
2016-04-07,3,17:14:56,1034.9333333333334,8.416666666666666
2016-04-07,3,17:20:56,1040.9333333333334,2.6166666666666667
2016-04-07,3,17:26:56,1046.9333333333334,2.9166666666666665
2016-04-07,3,17:32:56,1052.9333333333334,-0.48333333333333334
2016-04-07,3,17:40:56,1060.9333333333334,5.783333333333333
2016-04-07,3,17:48:56,1068.9333333333334,-0.4
2016-04-07,3,17:58:56,1078.9333333333334,-1.1333333333333333
2016-04-07,3,18:05:56,1085.9333333333334,2.433333333333333
2016-04-07,3,18:13:57,1093.95,5.0
2016-04-07,3,18:27:57,1107.95,7.633333333333334
2016-04-07,3,18:39:57,1119.95,3.433333333333333
2016-04-07,3,18:49:57,1129.95,1.8833333333333333
2016-04-07,3,18:59:57,1139.95,0.2
2016-04-07,3,19:09:57,1149.95,-0.3333333333333333
2016-04-07,3,19:21:57,1161.95,-1.6
2016-04-07,3,19:31:57,1171.95,-0.9166666666666666
2016-04-07,3,19:41:57,1181.95,-0.23333333333333334
2016-04-07,3,19:52:57,1192.95,-3.3666666666666667
2016-04-07,3,20:01:57,1201.95,-1.8333333333333333
2016-04-07,3,20:16:57,1216.95,0.3333333333333333
2016-04-07,3,20:31:57,1231.95,0.13333333333333333
2016-04-07,3,20:46:57,1246.95,-1.7
2016-04-07,3,21:02:57,1262.95,1.0
2016-04-07,3,21:17:57,1277.95,1.1833333333333333
2016-04-07,3,21:33:57,1293.95,-1.5166666666666666
2016-04-07,3,21:49:57,1309.95,0.7166666666666667
2016-04-07,3,22:03:57,1323.95,0.43333333333333335
2016-04-07,3,22:18:57,1338.95,-0.36666666666666664
2016-04-07,3,22:34:57,1354.95,0.13333333333333333
2016-04-07,3,22:49:57,1369.95,-1.6833333333333333
2016-04-07,3,23:04:57,1384.95,-1.05
2016-04-07,3,23:19:57,1399.95,1.6333333333333333
2016-04-07,3,23:34:57,1414.95,0.05
2016-04-07,3,23:49:57,1429.95,-0.65
2016-04-08,4,00:04:57,4.95,-1.95
2016-04-08,4,00:34:57,34.95,-3.033333333333333
2016-04-08,4,01:11:57,71.95,1.6
2016-04-08,4,02:09:57,129.95,2.1166666666666667
2016-04-08,4,05:32:57,332.95,-1.9166666666666667
2016-04-08,4,05:47:57,347.95,-1.15
2016-04-08,4,06:02:57,362.95,-2.85
2016-04-08,4,06:15:57,375.95,-0.08333333333333333
2016-04-08,4,06:25:57,385.95,0.26666666666666666
2016-04-08,4,06:35:57,395.95,-2.15
2016-04-08,4,06:45:57,405.95,0.36666666666666664
2016-04-08,4,06:53:57,413.95,-1.45
2016-04-08,4,07:01:57,421.95,-2.6666666666666665
2016-04-08,4,07:10:57,430.95,0.48333333333333334
2016-04-08,4,07:19:57,439.95,-0.6333333333333333
2016-04-08,4,07:28:57,448.95,-0.5
2016-04-08,4,07:35:57,455.95,-0.2
2016-04-08,4,07:42:57,462.95,-1.4666666666666666
2016-04-08,4,07:50:57,470.95,-1.55
2016-04-08,4,08:07:57,487.95,0.5666666666666667
2016-04-08,4,08:14:57,494.95,0.85
2016-04-08,4,08:23:57,503.95,2.9166666666666665
2016-04-08,4,08:31:57,511.95,-1.0333333333333334
2016-04-08,4,08:40:57,520.95,3.3666666666666667
2016-04-08,4,08:48:57,528.95,1.45
2016-04-08,4,08:56:57,536.95,11.9
2016-04-08,4,09:04:57,544.95,0.3333333333333333
2016-04-08,4,09:12:57,552.95,0.18333333333333332
2016-04-08,4,09:20:57,560.95,-2.033333333333333
2016-04-08,4,09:28:57,568.95,1.0166666666666666
2016-04-08,4,09:35:57,575.95,-0.5833333333333334
2016-04-08,4,09:44:57,584.95,-0.7
2016-04-08,4,09:53:57,593.95,-2.0166666666666666
2016-04-08,4,10:03:57,603.95,-1.3333333333333333
2016-04-08,4,10:15:57,615.95,-1.7833333333333334
2016-04-08,4,10:27:57,627.95,1.3666666666666667
2016-04-08,4,10:40:57,640.95,-1.0166666666666666
2016-04-08,4,10:52:57,652.95,0.7333333333333333
2016-04-08,4,11:04:57,664.95,-0.9
2016-04-08,4,11:16:57,676.95,-0.9166666666666666
2016-04-08,4,11:28:57,688.95,-2.3
2016-04-08,4,11:40:57,700.95,-0.6166666666666667
2016-04-08,4,11:51:57,711.95,-1.3833333333333333
2016-04-08,4,12:03:57,723.95,-1.1666666666666667
2016-04-08,4,12:15:57,735.95,-0.85
2016-04-08,4,12:28:57,748.95,-0.55
2016-04-08,4,12:40:57,760.95,-0.8833333333333333
2016-04-08,4,12:52:57,772.95,1.6333333333333333
2016-04-08,4,13:04:57,784.95,0.65
2016-04-08,4,13:16:57,796.95,-0.8166666666666667
2016-04-08,4,13:28:57,808.95,-1.8666666666666667
2016-04-08,4,13:40:56,820.9333333333333,-2.183333333333333
2016-04-08,4,13:52:56,832.9333333333333,-3.1
2016-04-08,4,14:04:56,844.9333333333333,0.45
2016-04-08,4,14:16:56,856.9333333333333,-0.4666666666666667
2016-04-08,4,14:26:56,866.9333333333333,2.3833333333333333
2016-04-08,4,14:38:56,878.9333333333333,-0.48333333333333334
2016-04-08,4,14:49:56,889.9333333333333,0.03333333333333333
2016-04-08,4,14:55:56,895.9333333333333,1.0
2016-04-08,4,14:58:56,898.9333333333333,-1.9333333333333333
2016-04-08,4,15:05:56,905.9333333333333,-1.4166666666666667
2016-04-08,4,15:11:56,911.9333333333333,-1.85
2016-04-08,4,15:17:56,917.9333333333333,0.23333333333333334
2016-04-08,4,15:24:56,924.9333333333333,-1.4
2016-04-08,4,15:31:56,931.9333333333333,-1.5166666666666666
2016-04-08,4,15:38:56,938.9333333333333,-1.5166666666666666
2016-04-08,4,15:46:56,946.9333333333333,-0.48333333333333334
2016-04-08,4,15:54:56,954.9333333333333,-0.8166666666666667
2016-04-08,4,16:01:56,961.9333333333333,1.25
2016-04-08,4,16:10:56,970.9333333333333,0.48333333333333334
2016-04-08,4,16:17:56,977.9333333333333,6.966666666666667
2016-04-08,4,16:26:56,986.9333333333333,1.4666666666666666
2016-04-08,4,16:34:56,994.9333333333333,-1.2
2016-04-08,4,16:40:56,1000.9333333333333,-0.31666666666666665
2016-04-08,4,16:46:56,1006.9333333333333,3.466666666666667
2016-04-08,4,16:51:56,1011.9333333333333,1.75
2016-04-08,4,16:56:56,1016.9333333333333,6.25
2016-04-08,4,17:01:56,1021.9333333333333,7.85
2016-04-08,4,17:08:56,1028.9333333333334,11.583333333333334
2016-04-08,4,17:14:56,1034.9333333333334,1.0333333333333334
2016-04-08,4,17:20:56,1040.9333333333334,5.75
2016-04-08,4,17:26:56,1046.9333333333334,9.033333333333333
2016-04-08,4,17:32:56,1052.9333333333334,5.45
2016-04-08,4,17:40:56,1060.9333333333334,27.283333333333335
2016-04-08,4,17:48:56,1068.9333333333334,4.433333333333334
2016-04-08,4,17:58:56,1078.9333333333334,15.4
2016-04-08,4,18:05:56,1085.9333333333334,9.816666666666666
2016-04-08,4,18:13:57,1093.95,21.45
2016-04-08,4,18:27:57,1107.95,19.616666666666667
2016-04-08,4,18:39:57,1119.95,9.933333333333334
2016-04-08,4,18:49:57,1129.95,4.95
2016-04-08,4,18:59:57,1139.95,-0.6166666666666667
2016-04-08,4,19:09:57,1149.95,-1.6
2016-04-08,4,19:21:57,1161.95,-0.6833333333333333
2016-04-08,4,19:31:57,1171.95,0.11666666666666667
2016-04-08,4,19:41:57,1181.95,-3.283333333333333
2016-04-08,4,19:52:57,1192.95,-0.6833333333333333
2016-04-08,4,20:01:57,1201.95,-1.4166666666666667
2016-04-08,4,20:16:57,1216.95,-0.5
2016-04-08,4,20:31:57,1231.95,-0.9166666666666666
2016-04-08,4,20:46:57,1246.95,-0.7666666666666667
2016-04-08,4,21:02:57,1262.95,0.03333333333333333
2016-04-08,4,21:17:57,1277.95,-1.75
2016-04-08,4,21:33:57,1293.95,5.533333333333333
2016-04-08,4,21:49:57,1309.95,-1.9833333333333334
2016-04-08,4,22:03:57,1323.95,-3.8666666666666667
2016-04-08,4,22:18:57,1338.95,-0.21666666666666667
2016-04-08,4,22:34:57,1354.95,-1.7
2016-04-08,4,22:49:57,1369.95,-0.5333333333333333
2016-04-08,4,23:04:57,1384.95,1.7166666666666666
2016-04-08,4,23:19:57,1399.95,-2.15
2016-04-08,4,23:34:57,1414.95,-2.6333333333333333
2016-04-08,4,23:49:57,1429.95,-1.6166666666666667
2016-04-09,5,00:04:57,4.95,0.7333333333333333
2016-04-09,5,00:34:57,34.95,1.3
2016-04-09,5,01:11:57,71.95,-2.65
2016-04-09,5,02:09:57,129.95,-0.16666666666666666
2016-04-09,5,05:34:57,334.95,-0.2
2016-04-09,5,06:04:57,364.95,-2.4166666666666665
2016-04-09,5,06:19:57,379.95,0.31666666666666665
2016-04-09,5,06:34:57,394.95,-1.6833333333333333
2016-04-09,5,07:04:57,424.95,-0.6666666666666666
2016-04-09,5,07:19:57,439.95,-1.1
2016-04-09,5,07:34:57,454.95,-2.95
2016-04-09,5,07:49:57,469.95,-0.6333333333333333
2016-04-09,5,08:04:57,484.95,-4.433333333333334
2016-04-09,5,08:18:57,498.95,-1.3166666666666667
2016-04-09,5,08:30:57,510.95,-0.8666666666666667
2016-04-09,5,08:42:57,522.95,-4.133333333333334
2016-04-09,5,08:54:57,534.95,-1.1833333333333333
2016-04-09,5,09:06:57,546.95,-0.16666666666666666
2016-04-09,5,09:18:57,558.95,-1.5166666666666666
2016-04-09,5,09:30:57,570.95,-1.6333333333333333
2016-04-09,5,09:42:57,582.95,-1.6
2016-04-09,5,09:54:57,594.95,-1.6333333333333333
2016-04-09,5,10:06:57,606.95,0.06666666666666667
2016-04-09,5,10:18:57,618.95,-0.26666666666666666
2016-04-09,5,10:30:57,630.95,-2.5833333333333335
2016-04-09,5,10:41:57,641.95,-1.9666666666666666
2016-04-09,5,10:54:57,654.95,-1.5833333333333333
2016-04-09,5,11:06:57,666.95,-0.3
2016-04-09,5,11:18:57,678.95,-1.45
2016-04-09,5,11:30:57,690.95,0.08333333333333333
2016-04-09,5,11:42:57,702.95,-2.6333333333333333
2016-04-09,5,11:54:57,714.95,-4.066666666666666
2016-04-09,5,12:06:57,726.95,-1.5833333333333333
2016-04-09,5,12:18:57,738.95,-1.3666666666666667
2016-04-09,5,12:30:57,750.95,-2.8666666666666667
2016-04-09,5,12:42:57,762.95,-1.6
2016-04-09,5,12:54:57,774.95,-1.6166666666666667
2016-04-09,5,13:06:57,786.95,-2.3666666666666667
2016-04-09,5,13:18:57,798.95,-0.31666666666666665
2016-04-09,5,13:30:57,810.95,0.06666666666666667
2016-04-09,5,13:42:57,822.95,-4.216666666666667
2016-04-09,5,13:54:57,834.95,-0.18333333333333332
2016-04-09,5,14:06:57,846.95,-1.65
2016-04-09,5,14:18:57,858.95,-2.966666666666667
2016-04-09,5,14:30:57,870.95,-1.6333333333333333
2016-04-09,5,14:42:57,882.95,-4.033333333333333
2016-04-09,5,14:54:57,894.95,-1.6666666666666667
2016-04-09,5,15:06:57,906.95,-0.2833333333333333
2016-04-09,5,15:18:57,918.95,-1.6333333333333333
2016-04-09,5,15:30:57,930.95,-2.466666666666667
2016-04-09,5,15:42:57,942.95,-1.4666666666666666
2016-04-09,5,15:54:57,954.95,0.06666666666666667
2016-04-09,5,16:06:57,966.95,-3.9
2016-04-09,5,16:18:57,978.95,-2.7333333333333334
2016-04-09,5,16:30:57,990.95,-1.7333333333333334
2016-04-09,5,16:42:57,1002.95,-2.9833333333333334
2016-04-09,5,16:54:57,1014.95,-1.2666666666666666
2016-04-09,5,17:06:57,1026.95,-4.25
2016-04-09,5,17:18:57,1038.95,-1.55
2016-04-09,5,17:30:57,1050.95,0.08333333333333333
2016-04-09,5,17:42:57,1062.95,-0.16666666666666666
2016-04-09,5,17:54:57,1074.95,-0.31666666666666665
2016-04-09,5,18:06:57,1086.95,0.03333333333333333
2016-04-09,5,18:18:57,1098.95,1.5666666666666667
2016-04-09,5,18:30:57,1110.95,1.3333333333333333
2016-04-09,5,18:38:57,1118.95,-1.75
2016-04-09,5,18:49:57,1129.95,-4.733333333333333
2016-04-09,5,19:04:57,1144.95,0.26666666666666666
2016-04-09,5,19:19:57,1159.95,-0.9
2016-04-09,5,19:34:57,1174.95,2.3666666666666667
2016-04-09,5,19:49:57,1189.95,0.6833333333333333
2016-04-09,5,20:04:57,1204.95,-3.6666666666666665
2016-04-09,5,20:19:57,1219.95,5.25
2016-04-09,5,20:34:57,1234.95,0.15
2016-04-09,5,20:49:57,1249.95,-3.316666666666667
2016-04-09,5,21:04:57,1264.95,-2.3333333333333335
2016-04-09,5,21:19:57,1279.95,-1.4
2016-04-09,5,21:34:57,1294.95,-0.06666666666666667
2016-04-09,5,21:49:57,1309.95,1.8666666666666667
2016-04-09,5,22:04:57,1324.95,0.3333333333333333
2016-04-09,5,22:19:57,1339.95,-4.816666666666666
2016-04-09,5,22:34:57,1354.95,0.26666666666666666
2016-04-09,5,22:49:57,1369.95,-1.9666666666666666
2016-04-09,5,23:04:57,1384.95,-2.3666666666666667
2016-04-09,5,23:19:57,1399.95,-3.95
2016-04-09,5,23:34:57,1414.95,-0.21666666666666667
2016-04-09,5,23:49:57,1429.95,0.5333333333333333
2016-04-10,6,00:04:57,4.95,2.0833333333333335
2016-04-10,6,00:34:57,34.95,-0.31666666666666665
2016-04-10,6,01:11:57,71.95,-3.966666666666667
2016-04-10,6,02:09:57,129.95,-0.08333333333333333
2016-04-10,6,03:24:57,204.95,0.38333333333333336
2016-04-10,6,05:31:58,331.96666666666664,1.3833333333333333
2016-04-10,6,06:04:58,364.96666666666664,0.6166666666666667
2016-04-10,6,06:19:58,379.96666666666664,1.5833333333333333
2016-04-10,6,06:34:58,394.96666666666664,0.0
2016-04-10,6,06:49:58,409.96666666666664,-2.933333333333333
2016-04-10,6,07:04:58,424.96666666666664,0.4
2016-04-10,6,07:19:58,439.96666666666664,1.3666666666666667
2016-04-10,6,07:34:58,454.96666666666664,-1.3333333333333333
2016-04-10,6,07:49:58,469.96666666666664,-0.13333333333333333
2016-04-10,6,08:04:58,484.96666666666664,0.25
2016-04-10,6,08:19:57,499.95,-1.3
2016-04-10,6,08:34:57,514.95,1.1333333333333333
2016-04-10,6,08:49:57,529.95,-1.5333333333333334
2016-04-10,6,09:04:57,544.95,-0.9666666666666667
2016-04-10,6,09:19:57,559.95,1.4166666666666667
2016-04-10,6,09:34:57,574.95,1.4166666666666667
2016-04-10,6,09:49:57,589.95,-1.5166666666666666
2016-04-10,6,10:04:57,604.95,0.75
2016-04-10,6,10:19:57,619.95,-0.9166666666666666
2016-04-10,6,10:34:57,634.95,0.016666666666666666
2016-04-10,6,10:49:57,649.95,-0.23333333333333334
2016-04-10,6,11:04:57,664.95,-1.9333333333333333
2016-04-10,6,11:19:57,679.95,-0.8333333333333334
2016-04-10,6,11:34:57,694.95,-1.25
2016-04-10,6,11:49:57,709.95,1.05
2016-04-10,6,12:04:57,724.95,3.45
2016-04-10,6,12:19:57,739.95,-0.95
2016-04-10,6,12:34:57,754.95,-1.1166666666666667
2016-04-10,6,12:49:57,769.95,2.4833333333333334
2016-04-10,6,13:04:57,784.95,0.38333333333333336
2016-04-10,6,13:19:57,799.95,-0.8333333333333334
2016-04-10,6,13:34:57,814.95,0.1
2016-04-10,6,13:49:57,829.95,-0.3
2016-04-10,6,14:04:57,844.95,2.033333333333333
2016-04-10,6,14:19:57,859.95,4.0
2016-04-10,6,14:34:57,874.95,-1.2833333333333334
2016-04-10,6,14:49:57,889.95,-1.6833333333333333
2016-04-10,6,15:04:57,904.95,-0.48333333333333334
2016-04-10,6,15:19:57,919.95,-2.066666666666667
2016-04-10,6,15:34:57,934.95,2.75
2016-04-10,6,15:49:57,949.95,2.0166666666666666
2016-04-10,6,16:04:57,964.95,-2.25
2016-04-10,6,16:19:57,979.95,1.3166666666666667
2016-04-10,6,16:34:57,994.95,0.03333333333333333
2016-04-10,6,16:49:57,1009.95,2.033333333333333
2016-04-10,6,17:04:57,1024.95,1.9333333333333333
2016-04-10,6,17:19:57,1039.95,2.6666666666666665
2016-04-10,6,17:34:57,1054.95,0.15
2016-04-10,6,17:49:57,1069.95,-0.6
2016-04-10,6,18:04:57,1084.95,0.38333333333333336
2016-04-10,6,18:19:57,1099.95,1.7666666666666666
2016-04-10,6,18:34:57,1114.95,2.3
2016-04-10,6,18:49:57,1129.95,0.6166666666666667
2016-04-10,6,19:04:57,1144.95,0.7166666666666667
2016-04-10,6,19:19:57,1159.95,0.016666666666666666
2016-04-10,6,19:34:57,1174.95,-2.4833333333333334
2016-04-10,6,19:49:57,1189.95,0.75
2016-04-10,6,20:04:57,1204.95,-4.5
2016-04-10,6,20:19:57,1219.95,-0.9166666666666666
2016-04-10,6,20:34:57,1234.95,-0.21666666666666667
2016-04-10,6,20:49:57,1249.95,-1.5166666666666666
2016-04-10,6,21:04:57,1264.95,-2.316666666666667
2016-04-10,6,21:19:57,1279.95,-2.2666666666666666
2016-04-10,6,21:34:57,1294.95,0.0
2016-04-10,6,21:49:57,1309.95,-0.6833333333333333
2016-04-10,6,22:04:57,1324.95,1.7333333333333334
2016-04-10,6,22:19:57,1339.95,-3.966666666666667
2016-04-10,6,22:34:57,1354.95,1.3666666666666667
2016-04-10,6,22:49:57,1369.95,1.95
2016-04-10,6,23:04:57,1384.95,-0.6666666666666666
2016-04-10,6,23:19:57,1399.95,-4.95
2016-04-10,6,23:34:57,1414.95,1.4833333333333334
2016-04-10,6,23:49:57,1429.95,-0.6833333333333333
2016-04-11,0,00:04:57,4.95,1.65
2016-04-11,0,00:34:57,34.95,-1.2833333333333334
2016-04-11,0,01:11:57,71.95,-1.0166666666666666
2016-04-11,0,02:09:57,129.95,0.5333333333333333
2016-04-11,0,05:32:57,332.95,-0.9
2016-04-11,0,05:47:57,347.95,1.3666666666666667
2016-04-11,0,06:02:57,362.95,-1.2833333333333334
2016-04-11,0,06:15:57,375.95,-1.0166666666666666
2016-04-11,0,06:25:57,385.95,-1.0333333333333334
2016-04-11,0,06:35:57,395.95,-0.75
2016-04-11,0,06:45:57,405.95,-1.2333333333333334
2016-04-11,0,06:53:57,413.95,-1.6333333333333333
2016-04-11,0,07:01:57,421.95,-2.6666666666666665
2016-04-11,0,07:10:57,430.95,-2.066666666666667
2016-04-11,0,07:19:57,439.95,-1.15
2016-04-11,0,07:28:57,448.95,-0.3333333333333333
2016-04-11,0,07:35:57,455.95,1.0333333333333334
2016-04-11,0,07:42:57,462.95,-2.566666666666667
2016-04-11,0,07:50:57,470.95,-1.6833333333333333
2016-04-11,0,07:58:57,478.95,1.8666666666666667
2016-04-11,0,08:07:57,487.95,0.9833333333333333
2016-04-11,0,08:14:57,494.95,1.2
2016-04-11,0,08:23:57,503.95,2.716666666666667
2016-04-11,0,08:31:57,511.95,2.3666666666666667
2016-04-11,0,08:40:57,520.95,-0.36666666666666664
2016-04-11,0,08:48:57,528.95,1.3666666666666667
2016-04-11,0,08:56:57,536.95,-0.23333333333333334
2016-04-11,0,09:04:57,544.95,0.8
2016-04-11,0,09:12:57,552.95,0.4
2016-04-11,0,09:20:57,560.95,-1.7
2016-04-11,0,09:28:57,568.95,-0.4666666666666667
2016-04-11,0,09:35:57,575.95,-0.21666666666666667
2016-04-11,0,09:44:57,584.95,1.5833333333333333
2016-04-11,0,09:53:57,593.95,-1.2666666666666666
2016-04-11,0,10:03:57,603.95,-2.7666666666666666
2016-04-11,0,10:15:57,615.95,0.3333333333333333
2016-04-11,0,10:27:57,627.95,0.1
2016-04-11,0,10:40:57,640.95,-1.0333333333333334
2016-04-11,0,10:52:57,652.95,0.4666666666666667
2016-04-11,0,11:04:57,664.95,-3.3666666666666667
2016-04-11,0,11:16:57,676.95,-3.4833333333333334
2016-04-11,0,11:28:57,688.95,-1.0333333333333334
2016-04-11,0,11:40:57,700.95,-1.95
2016-04-11,0,11:51:57,711.95,-1.45
2016-04-11,0,12:03:57,723.95,-1.2166666666666666
2016-04-11,0,12:15:57,735.95,0.4166666666666667
2016-04-11,0,12:28:57,748.95,-1.9333333333333333
2016-04-11,0,12:40:57,760.95,-1.7333333333333334
2016-04-11,0,12:52:57,772.95,-0.9
2016-04-11,0,13:04:57,784.95,-0.6666666666666666
2016-04-11,0,13:16:57,796.95,-0.7333333333333333
2016-04-11,0,13:28:57,808.95,-1.5833333333333333
2016-04-11,0,13:40:56,820.9333333333333,-2.216666666666667
2016-04-11,0,13:52:56,832.9333333333333,0.6333333333333333
2016-04-11,0,14:04:56,844.9333333333333,-3.283333333333333
2016-04-11,0,14:16:56,856.9333333333333,1.5833333333333333
2016-04-11,0,14:26:56,866.9333333333333,-1.5
2016-04-11,0,14:38:56,878.9333333333333,0.8833333333333333
2016-04-11,0,14:49:56,889.9333333333333,-0.7666666666666667
2016-04-11,0,14:55:56,895.9333333333333,-1.7166666666666666
2016-04-11,0,14:58:56,898.9333333333333,0.6
2016-04-11,0,15:05:56,905.9333333333333,-1.9166666666666667
2016-04-11,0,15:11:56,911.9333333333333,-3.0166666666666666
2016-04-11,0,15:17:56,917.9333333333333,1.2333333333333334
2016-04-11,0,15:24:56,924.9333333333333,-1.4166666666666667
2016-04-11,0,15:31:56,931.9333333333333,-1.6666666666666667
2016-04-11,0,15:38:56,938.9333333333333,-1.9833333333333334
2016-04-11,0,15:46:56,946.9333333333333,0.5
2016-04-11,0,15:54:56,954.9333333333333,-0.9166666666666666
2016-04-11,0,16:01:56,961.9333333333333,0.8666666666666667
2016-04-11,0,16:10:56,970.9333333333333,-0.7166666666666667
2016-04-11,0,16:17:56,977.9333333333333,-3.2666666666666666
2016-04-11,0,16:26:56,986.9333333333333,-1.9
2016-04-11,0,16:34:56,994.9333333333333,1.9166666666666667
2016-04-11,0,16:40:56,1000.9333333333333,-1.05
2016-04-11,0,16:46:56,1006.9333333333333,-1.65
2016-04-11,0,16:51:56,1011.9333333333333,0.7
2016-04-11,0,16:56:56,1016.9333333333333,-0.35
2016-04-11,0,17:01:56,1021.9333333333333,-2.0166666666666666
2016-04-11,0,17:08:56,1028.9333333333334,1.2833333333333334
2016-04-11,0,17:14:56,1034.9333333333334,-1.35
2016-04-11,0,17:20:56,1040.9333333333334,3.1166666666666667
2016-04-11,0,17:26:56,1046.9333333333334,1.1166666666666667
2016-04-11,0,17:32:56,1052.9333333333334,-0.6333333333333333
2016-04-11,0,17:40:56,1060.9333333333334,-0.5666666666666667
2016-04-11,0,17:48:56,1068.9333333333334,2.3666666666666667
2016-04-11,0,17:58:56,1078.9333333333334,2.15
2016-04-11,0,18:05:56,1085.9333333333334,-1.6333333333333333
2016-04-11,0,18:13:57,1093.95,1.9
2016-04-11,0,18:27:57,1107.95,0.03333333333333333
2016-04-11,0,18:39:57,1119.95,-1.1333333333333333
2016-04-11,0,18:49:57,1129.95,-1.8333333333333333
2016-04-11,0,18:59:57,1139.95,-0.5666666666666667
2016-04-11,0,19:09:57,1149.95,-0.2833333333333333
2016-04-11,0,19:21:57,1161.95,3.283333333333333
2016-04-11,0,19:31:57,1171.95,0.2833333333333333
2016-04-11,0,19:41:57,1181.95,-0.48333333333333334
2016-04-11,0,19:52:57,1192.95,-2.4
2016-04-11,0,20:01:57,1201.95,-0.6666666666666666
2016-04-11,0,20:16:57,1216.95,0.3333333333333333
2016-04-11,0,20:31:57,1231.95,-0.9166666666666666
2016-04-11,0,20:46:57,1246.95,-0.31666666666666665
2016-04-11,0,21:02:57,1262.95,-0.48333333333333334
2016-04-11,0,21:17:57,1277.95,-0.65
2016-04-11,0,21:33:57,1293.95,-1.6166666666666667
2016-04-11,0,21:49:57,1309.95,-0.6333333333333333
2016-04-11,0,22:03:57,1323.95,1.25
2016-04-11,0,22:18:57,1338.95,-2.7
2016-04-11,0,22:34:57,1354.95,-1.2833333333333334
2016-04-11,0,22:49:57,1369.95,0.8833333333333333
2016-04-11,0,23:04:57,1384.95,0.3
2016-04-11,0,23:19:57,1399.95,-0.06666666666666667
2016-04-11,0,23:34:57,1414.95,-2.55
2016-04-11,0,23:49:57,1429.95,0.6166666666666667
2016-04-12,1,00:04:57,4.95,-2.3666666666666667
2016-04-12,1,00:34:57,34.95,-3.0833333333333335
2016-04-12,1,01:11:57,71.95,0.55
2016-04-12,1,02:09:57,129.95,-0.18333333333333332
2016-04-12,1,03:24:57,204.95,-0.9833333333333333
2016-04-12,1,05:32:57,332.95,-0.8833333333333333
2016-04-12,1,05:47:57,347.95,-1.0
2016-04-12,1,06:02:57,362.95,-1.0333333333333334
2016-04-12,1,06:15:57,375.95,-0.11666666666666667
2016-04-12,1,06:25:57,385.95,-2.0166666666666666
2016-04-12,1,06:35:57,395.95,-1.9666666666666666
2016-04-12,1,06:45:57,405.95,-0.9333333333333333
2016-04-12,1,06:53:57,413.95,-0.5666666666666667
2016-04-12,1,07:01:57,421.95,-2.1333333333333333
2016-04-12,1,07:10:57,430.95,-0.6833333333333333
2016-04-12,1,07:19:57,439.95,-0.55
2016-04-12,1,07:28:57,448.95,-0.45
2016-04-12,1,07:35:57,455.95,-1.5833333333333333
2016-04-12,1,07:42:57,462.95,-0.11666666666666667
2016-04-12,1,07:50:57,470.95,2.816666666666667
2016-04-12,1,07:58:57,478.95,-1.8666666666666667
2016-04-12,1,08:07:57,487.95,-0.95
2016-04-12,1,08:14:57,494.95,1.3833333333333333
2016-04-12,1,08:23:57,503.95,-1.55
2016-04-12,1,08:31:57,511.95,0.9666666666666667
2016-04-12,1,08:40:57,520.95,0.8833333333333333
2016-04-12,1,08:48:57,528.95,0.4
2016-04-12,1,08:56:57,536.95,8.45
2016-04-12,1,09:04:57,544.95,1.0833333333333333
2016-04-12,1,09:12:57,552.95,-2.1166666666666667
2016-04-12,1,09:20:57,560.95,0.9166666666666666
2016-04-12,1,09:28:57,568.95,-0.9
2016-04-12,1,09:35:57,575.95,-0.1
2016-04-12,1,09:44:57,584.95,-1.5666666666666667
2016-04-12,1,09:53:57,593.95,0.13333333333333333
2016-04-12,1,10:03:57,603.95,1.7666666666666666
2016-04-12,1,10:15:57,615.95,1.9
2016-04-12,1,10:27:57,627.95,-0.03333333333333333
2016-04-12,1,10:40:57,640.95,-2.033333333333333
2016-04-12,1,10:52:57,652.95,0.4
2016-04-12,1,11:04:57,664.95,-0.65
2016-04-12,1,11:16:57,676.95,-0.8
2016-04-12,1,11:28:57,688.95,-2.3833333333333333
2016-04-12,1,11:40:57,700.95,-0.6166666666666667
2016-04-12,1,11:51:57,711.95,-0.95
2016-04-12,1,12:03:57,723.95,-1.0
2016-04-12,1,12:15:57,735.95,-2.65
2016-04-12,1,12:28:57,748.95,-2.1
2016-04-12,1,12:40:57,760.95,-0.8666666666666667
2016-04-12,1,12:52:57,772.95,0.45
2016-04-12,1,13:04:57,784.95,-0.9833333333333333
2016-04-12,1,13:16:57,796.95,0.38333333333333336
2016-04-12,1,13:28:57,808.95,-0.9833333333333333
2016-04-12,1,13:40:56,820.9333333333333,-1.0
2016-04-12,1,13:52:56,832.9333333333333,-2.35
2016-04-12,1,14:04:56,844.9333333333333,-2.8833333333333333
2016-04-12,1,14:16:56,856.9333333333333,-0.8833333333333333
2016-04-12,1,14:26:56,866.9333333333333,0.9666666666666667
2016-04-12,1,14:38:56,878.9333333333333,0.016666666666666666
2016-04-12,1,14:49:56,889.9333333333333,-1.05
2016-04-12,1,14:55:56,895.9333333333333,-3.2
2016-04-12,1,14:58:56,898.9333333333333,0.6166666666666667
2016-04-12,1,15:05:56,905.9333333333333,-1.9166666666666667
2016-04-12,1,15:11:56,911.9333333333333,-2.0
2016-04-12,1,15:17:56,917.9333333333333,-3.066666666666667
2016-04-12,1,15:24:56,924.9333333333333,0.55
2016-04-12,1,15:31:56,931.9333333333333,-0.8166666666666667
2016-04-12,1,15:38:56,938.9333333333333,-1.9666666666666666
2016-04-12,1,15:46:56,946.9333333333333,-0.55
2016-04-12,1,15:54:56,954.9333333333333,0.03333333333333333
2016-04-12,1,16:01:56,961.9333333333333,1.7833333333333334
2016-04-12,1,16:10:56,970.9333333333333,0.5666666666666667
2016-04-12,1,16:17:56,977.9333333333333,-0.5
2016-04-12,1,16:26:56,986.9333333333333,-2.8833333333333333
2016-04-12,1,16:34:56,994.9333333333333,-0.8833333333333333
2016-04-12,1,16:40:56,1000.9333333333333,-0.8833333333333333
2016-04-12,1,16:46:56,1006.9333333333333,0.48333333333333334
2016-04-12,1,16:51:56,1011.9333333333333,-0.03333333333333333
2016-04-12,1,16:56:56,1016.9333333333333,3.933333333333333
2016-04-12,1,17:01:56,1021.9333333333333,-0.5
2016-04-12,1,17:08:56,1028.9333333333334,-0.75
2016-04-12,1,17:14:56,1034.9333333333334,-0.5333333333333333
2016-04-12,1,17:20:56,1040.9333333333334,4.15
2016-04-12,1,17:26:56,1046.9333333333334,-0.5666666666666667
2016-04-12,1,17:32:56,1052.9333333333334,-1.95
2016-04-12,1,17:40:56,1060.9333333333334,27.433333333333334
2016-04-12,1,17:48:56,1068.9333333333334,4.633333333333334
2016-04-12,1,17:58:56,1078.9333333333334,-1.0166666666666666
2016-04-12,1,18:05:56,1085.9333333333334,1.5833333333333333
2016-04-12,1,18:13:57,1093.95,0.43333333333333335
2016-04-12,1,18:27:57,1107.95,-1.4166666666666667
2016-04-12,1,18:39:57,1119.95,0.36666666666666664
2016-04-12,1,18:49:57,1129.95,0.6
2016-04-12,1,18:59:57,1139.95,2.4
2016-04-12,1,19:09:57,1149.95,-0.6166666666666667
2016-04-12,1,19:21:57,1161.95,-2.066666666666667
2016-04-12,1,19:31:57,1171.95,-1.0166666666666666
2016-04-12,1,19:41:57,1181.95,-1.75
2016-04-12,1,19:52:57,1192.95,-3.466666666666667
2016-04-12,1,20:01:57,1201.95,-2.95
2016-04-12,1,20:16:57,1216.95,0.6166666666666667
2016-04-12,1,20:31:57,1231.95,0.4
2016-04-12,1,20:46:57,1246.95,-1.3
2016-04-12,1,21:02:57,1262.95,1.05
2016-04-12,1,21:17:57,1277.95,-1.3333333333333333
2016-04-12,1,21:33:57,1293.95,3.316666666666667
2016-04-12,1,21:49:57,1309.95,-0.36666666666666664
2016-04-12,1,22:03:57,1323.95,-1.3833333333333333
2016-04-12,1,22:18:57,1338.95,-1.7166666666666666
2016-04-12,1,22:34:57,1354.95,1.55
2016-04-12,1,22:49:57,1369.95,-2.9
2016-04-12,1,23:04:57,1384.95,0.36666666666666664
2016-04-12,1,23:19:57,1399.95,0.0
2016-04-12,1,23:34:57,1414.95,-1.7333333333333334
2016-04-12,1,23:49:57,1429.95,0.6166666666666667
2016-04-13,2,00:04:57,4.95,-3.316666666666667
2016-04-13,2,00:34:57,34.95,-0.38333333333333336
2016-04-13,2,01:11:57,71.95,-0.016666666666666666
2016-04-13,2,02:09:57,129.95,3.6666666666666665
2016-04-13,2,05:32:57,332.95,-1.9
2016-04-13,2,05:47:57,347.95,0.03333333333333333
2016-04-13,2,06:02:57,362.95,-1.5166666666666666
2016-04-13,2,06:15:57,375.95,-0.85
2016-04-13,2,06:25:57,385.95,-0.11666666666666667
2016-04-13,2,06:35:57,395.95,-3.0833333333333335
2016-04-13,2,06:45:57,405.95,-0.9
2016-04-13,2,06:53:57,413.95,-1.7
2016-04-13,2,07:01:57,421.95,-0.75
2016-04-13,2,07:10:57,430.95,-2.2
2016-04-13,2,07:19:57,439.95,-0.95
2016-04-13,2,07:28:57,448.95,-0.6333333333333333
2016-04-13,2,07:35:57,455.95,-1.8333333333333333
2016-04-13,2,07:42:57,462.95,-0.13333333333333333
2016-04-13,2,07:50:57,470.95,-0.48333333333333334
2016-04-13,2,07:58:57,478.95,0.5166666666666667
2016-04-13,2,08:07:57,487.95,-0.8833333333333333
2016-04-13,2,08:14:57,494.95,-1.5666666666666667
2016-04-13,2,08:23:57,503.95,2.9166666666666665
2016-04-13,2,08:31:57,511.95,-0.6333333333333333
2016-04-13,2,08:40:57,520.95,-0.9333333333333333
2016-04-13,2,08:48:57,528.95,0.38333333333333336
2016-04-13,2,08:56:57,536.95,-0.3
2016-04-13,2,09:04:57,544.95,0.38333333333333336
2016-04-13,2,09:12:57,552.95,1.8833333333333333
2016-04-13,2,09:20:57,560.95,1.2166666666666666
2016-04-13,2,09:28:57,568.95,1.0
2016-04-13,2,09:35:57,575.95,-0.2
2016-04-13,2,09:44:57,584.95,-1.3833333333333333
2016-04-13,2,09:53:57,593.95,-0.11666666666666667
2016-04-13,2,10:03:57,603.95,0.31666666666666665
2016-04-13,2,10:15:57,615.95,-0.7166666666666667
2016-04-13,2,10:27:57,627.95,0.3333333333333333
2016-04-13,2,10:40:57,640.95,4.4
2016-04-13,2,10:52:57,652.95,-1.9666666666666666
2016-04-13,2,11:04:57,664.95,-1.9666666666666666
2016-04-13,2,11:16:57,676.95,-0.7
2016-04-13,2,11:28:57,688.95,0.6166666666666667
2016-04-13,2,11:40:57,700.95,1.6166666666666667
2016-04-13,2,11:51:57,711.95,-2.3333333333333335
2016-04-13,2,12:03:57,723.95,0.03333333333333333
2016-04-13,2,12:15:57,735.95,-1.3
2016-04-13,2,12:28:57,748.95,0.4166666666666667
2016-04-13,2,12:40:57,760.95,1.7
2016-04-13,2,12:52:57,772.95,2.0166666666666666
2016-04-13,2,13:04:57,784.95,0.8833333333333333
2016-04-13,2,13:16:57,796.95,-0.8333333333333334
2016-04-13,2,13:28:57,808.95,-2.3
2016-04-13,2,13:40:56,820.9333333333333,-4.983333333333333
2016-04-13,2,13:52:56,832.9333333333333,-1.8333333333333333
2016-04-13,2,14:04:56,844.9333333333333,-3.316666666666667
2016-04-13,2,14:16:56,856.9333333333333,3.4
2016-04-13,2,14:26:56,866.9333333333333,-1.5
2016-04-13,2,14:38:56,878.9333333333333,-0.3333333333333333
2016-04-13,2,14:49:56,889.9333333333333,-0.4666666666666667
2016-04-13,2,14:55:56,895.9333333333333,-0.9166666666666666
2016-04-13,2,14:58:56,898.9333333333333,0.5666666666666667
2016-04-13,2,15:05:56,905.9333333333333,-1.3833333333333333
2016-04-13,2,15:11:56,911.9333333333333,-1.05
2016-04-13,2,15:17:56,917.9333333333333,1.3833333333333333
2016-04-13,2,15:24:56,924.9333333333333,0.6666666666666666
2016-04-13,2,15:31:56,931.9333333333333,-2.216666666666667
2016-04-13,2,15:38:56,938.9333333333333,0.9333333333333333
2016-04-13,2,15:46:56,946.9333333333333,0.43333333333333335
2016-04-13,2,15:54:56,954.9333333333333,2.216666666666667
2016-04-13,2,16:01:56,961.9333333333333,5.0
2016-04-13,2,16:10:56,970.9333333333333,0.48333333333333334
2016-04-13,2,16:17:56,977.9333333333333,-2.9833333333333334
2016-04-13,2,16:26:56,986.9333333333333,-0.21666666666666667
2016-04-13,2,16:34:56,994.9333333333333,-0.26666666666666666
2016-04-13,2,16:40:56,1000.9333333333333,-0.6666666666666666
2016-04-13,2,16:46:56,1006.9333333333333,-1.0166666666666666
2016-04-13,2,16:51:56,1011.9333333333333,-0.06666666666666667
2016-04-13,2,16:56:56,1016.9333333333333,0.36666666666666664
2016-04-13,2,17:01:56,1021.9333333333333,-2.3833333333333333
2016-04-13,2,17:08:56,1028.9333333333334,-1.1
2016-04-13,2,17:14:56,1034.9333333333334,-0.36666666666666664
2016-04-13,2,17:20:56,1040.9333333333334,1.2166666666666666
2016-04-13,2,17:26:56,1046.9333333333334,-1.8666666666666667
2016-04-13,2,17:32:56,1052.9333333333334,-1.65
2016-04-13,2,17:40:56,1060.9333333333334,-2.0166666666666666
2016-04-13,2,17:48:56,1068.9333333333334,-1.1166666666666667
2016-04-13,2,17:58:56,1078.9333333333334,-1.0833333333333333
2016-04-13,2,18:05:56,1085.9333333333334,0.9833333333333333
2016-04-13,2,18:13:57,1093.95,-2.3666666666666667
2016-04-13,2,18:27:57,1107.95,0.4166666666666667
2016-04-13,2,18:39:57,1119.95,-0.03333333333333333
2016-04-13,2,18:49:57,1129.95,1.4166666666666667
2016-04-13,2,18:59:57,1139.95,0.03333333333333333
2016-04-13,2,19:09:57,1149.95,-0.65
2016-04-13,2,19:21:57,1161.95,-1.8666666666666667
2016-04-13,2,19:31:57,1171.95,-1.0833333333333333
2016-04-13,2,19:41:57,1181.95,0.8
2016-04-13,2,19:52:57,1192.95,-2.3833333333333333
2016-04-13,2,20:01:57,1201.95,-2.9
2016-04-13,2,20:16:57,1216.95,0.5166666666666667
2016-04-13,2,20:31:57,1231.95,-0.9666666666666667
2016-04-13,2,20:46:57,1246.95,0.25
2016-04-13,2,21:02:57,1262.95,-1.25
2016-04-13,2,21:17:57,1277.95,-0.45
2016-04-13,2,21:33:57,1293.95,-1.9666666666666666
2016-04-13,2,21:49:57,1309.95,-0.7
2016-04-13,2,22:03:57,1323.95,1.75
2016-04-13,2,22:18:57,1338.95,-1.2833333333333334
2016-04-13,2,22:34:57,1354.95,-1.1166666666666667
2016-04-13,2,22:49:57,1369.95,-1.6166666666666667
2016-04-13,2,23:04:57,1384.95,0.7833333333333333
2016-04-13,2,23:19:57,1399.95,-0.9
2016-04-13,2,23:34:57,1414.95,-1.25
2016-04-13,2,23:49:57,1429.95,-2.0
2016-04-14,3,00:04:57,4.95,-0.5833333333333334
2016-04-14,3,00:34:57,34.95,-0.13333333333333333
2016-04-14,3,01:11:57,71.95,-3.6166666666666667
2016-04-14,3,02:09:57,129.95,-0.2
2016-04-14,3,03:24:57,204.95,0.5
2016-04-14,3,05:32:57,332.95,-0.8
2016-04-14,3,05:47:57,347.95,0.5
2016-04-14,3,06:02:57,362.95,-1.05
2016-04-14,3,06:15:57,375.95,-0.8833333333333333
2016-04-14,3,06:25:57,385.95,-2.5833333333333335
2016-04-14,3,06:35:57,395.95,2.533333333333333
2016-04-14,3,06:45:57,405.95,-0.8333333333333334
2016-04-14,3,06:53:57,413.95,-0.43333333333333335
2016-04-14,3,07:01:57,421.95,-1.1833333333333333
2016-04-14,3,07:10:57,430.95,-2.15
2016-04-14,3,07:19:57,439.95,-0.6166666666666667
2016-04-14,3,07:28:57,448.95,-0.6833333333333333
2016-04-14,3,07:35:57,455.95,-1.5833333333333333
2016-04-14,3,07:42:57,462.95,0.016666666666666666
2016-04-14,3,07:50:57,470.95,0.9166666666666666
2016-04-14,3,07:58:57,478.95,1.3833333333333333
2016-04-14,3,08:07:57,487.95,0.5
2016-04-14,3,08:14:57,494.95,-1.6166666666666667
2016-04-14,3,08:23:57,503.95,0.45
2016-04-14,3,08:31:57,511.95,1.0333333333333334
2016-04-14,3,08:40:57,520.95,0.9333333333333333
2016-04-14,3,08:48:57,528.95,6.283333333333333
2016-04-14,3,08:56:57,536.95,1.5
2016-04-14,3,09:04:57,544.95,-1.0666666666666667
2016-04-14,3,09:12:57,552.95,0.4166666666666667
2016-04-14,3,09:20:57,560.95,-3.15
2016-04-14,3,09:28:57,568.95,-0.6833333333333333
2016-04-14,3,09:35:57,575.95,-0.6333333333333333
2016-04-14,3,09:44:57,584.95,0.8833333333333333
2016-04-14,3,09:53:57,593.95,-1.1
2016-04-14,3,10:03:57,603.95,0.3333333333333333
2016-04-14,3,10:15:57,615.95,1.4166666666666667
2016-04-14,3,10:27:57,627.95,0.016666666666666666
2016-04-14,3,10:40:57,640.95,-3.25
2016-04-14,3,10:52:57,652.95,-2.433333333333333
2016-04-14,3,11:04:57,664.95,-0.21666666666666667
2016-04-14,3,11:16:57,676.95,-0.9833333333333333
2016-04-14,3,11:28:57,688.95,-0.6333333333333333
2016-04-14,3,11:40:57,700.95,-0.6833333333333333
2016-04-14,3,11:51:57,711.95,-0.06666666666666667
2016-04-14,3,12:03:57,723.95,-0.13333333333333333
2016-04-14,3,12:15:57,735.95,-1.1
2016-04-14,3,12:28:57,748.95,-0.6333333333333333
2016-04-14,3,12:40:57,760.95,-0.55
2016-04-14,3,12:52:57,772.95,2.9833333333333334
2016-04-14,3,13:04:57,784.95,-3.316666666666667
2016-04-14,3,13:16:57,796.95,-1.1333333333333333
2016-04-14,3,13:28:57,808.95,3.2333333333333334
2016-04-14,3,13:40:56,820.9333333333333,4.3
2016-04-14,3,13:52:56,832.9333333333333,-1.0166666666666666
2016-04-14,3,14:04:56,844.9333333333333,-2.2333333333333334
2016-04-14,3,14:16:56,856.9333333333333,-1.8833333333333333
2016-04-14,3,14:26:56,866.9333333333333,-0.21666666666666667
2016-04-14,3,14:38:56,878.9333333333333,-0.2833333333333333
2016-04-14,3,14:49:56,889.9333333333333,-1.0833333333333333
2016-04-14,3,14:55:56,895.9333333333333,-2.5
2016-04-14,3,14:58:56,898.9333333333333,1.0
2016-04-14,3,15:05:56,905.9333333333333,-2.0166666666666666
2016-04-14,3,15:11:56,911.9333333333333,0.3333333333333333
2016-04-14,3,15:17:56,917.9333333333333,-1.5666666666666667
2016-04-14,3,15:24:56,924.9333333333333,1.45
2016-04-14,3,15:31:56,931.9333333333333,-2.533333333333333
2016-04-14,3,15:38:56,938.9333333333333,-2.033333333333333
2016-04-14,3,15:46:56,946.9333333333333,-0.43333333333333335
2016-04-14,3,15:54:56,954.9333333333333,0.6666666666666666
2016-04-14,3,16:01:56,961.9333333333333,-0.9
2016-04-14,3,16:10:56,970.9333333333333,0.45
2016-04-14,3,16:17:56,977.9333333333333,-1.2666666666666666
2016-04-14,3,16:26:56,986.9333333333333,1.0
2016-04-14,3,16:34:56,994.9333333333333,-0.5
2016-04-14,3,16:40:56,1000.9333333333333,-0.9333333333333333
2016-04-14,3,16:46:56,1006.9333333333333,-0.25
2016-04-14,3,16:51:56,1011.9333333333333,-1.1666666666666667
2016-04-14,3,16:56:56,1016.9333333333333,-2.8833333333333333
2016-04-14,3,17:01:56,1021.9333333333333,-4.15
2016-04-14,3,17:08:56,1028.9333333333334,0.21666666666666667
2016-04-14,3,17:14:56,1034.9333333333334,-1.9833333333333334
2016-04-14,3,17:20:56,1040.9333333333334,1.5833333333333333
2016-04-14,3,17:26:56,1046.9333333333334,-0.23333333333333334
2016-04-14,3,17:32:56,1052.9333333333334,4.016666666666667
2016-04-14,3,17:40:56,1060.9333333333334,-1.6
2016-04-14,3,17:48:56,1068.9333333333334,0.016666666666666666
2016-04-14,3,17:58:56,1078.9333333333334,-0.7
2016-04-14,3,18:05:56,1085.9333333333334,0.9833333333333333
2016-04-14,3,18:13:57,1093.95,-0.9
2016-04-14,3,18:27:57,1107.95,1.4666666666666666
2016-04-14,3,18:39:57,1119.95,2.216666666666667
2016-04-14,3,18:49:57,1129.95,2.0166666666666666
2016-04-14,3,18:59:57,1139.95,-1.3333333333333333
2016-04-14,3,19:09:57,1149.95,-0.36666666666666664
2016-04-14,3,19:21:57,1161.95,-1.8666666666666667
2016-04-14,3,19:31:57,1171.95,-0.8666666666666667
2016-04-14,3,19:41:57,1181.95,2.3833333333333333
2016-04-14,3,19:52:57,1192.95,0.26666666666666666
2016-04-14,3,20:01:57,1201.95,-0.5666666666666667
2016-04-14,3,20:16:57,1216.95,0.31666666666666665
2016-04-14,3,20:31:57,1231.95,-1.2666666666666666
2016-04-14,3,20:46:57,1246.95,-1.7
2016-04-14,3,21:02:57,1262.95,1.0666666666666667
2016-04-14,3,21:17:57,1277.95,4.633333333333334
2016-04-14,3,21:33:57,1293.95,-0.55
2016-04-14,3,21:49:57,1309.95,0.6833333333333333
2016-04-14,3,22:03:57,1323.95,1.3833333333333333
2016-04-14,3,22:18:57,1338.95,-0.4
2016-04-14,3,22:34:57,1354.95,0.08333333333333333
2016-04-14,3,22:49:57,1369.95,-3.433333333333333
2016-04-14,3,23:04:57,1384.95,-1.9833333333333334
2016-04-14,3,23:19:57,1399.95,2.5833333333333335
2016-04-14,3,23:34:57,1414.95,-1.3
2016-04-14,3,23:49:57,1429.95,-0.6166666666666667
2016-04-15,4,00:04:57,4.95,-3.3
2016-04-15,4,00:34:57,34.95,-3.8833333333333333
2016-04-15,4,01:11:57,71.95,0.4166666666666667
2016-04-15,4,02:09:57,129.95,-0.3
2016-04-15,4,05:32:57,332.95,-0.9
2016-04-15,4,05:47:57,347.95,-1.0166666666666666
2016-04-15,4,06:02:57,362.95,-0.9833333333333333
2016-04-15,4,06:25:57,385.95,-0.6666666666666666
2016-04-15,4,06:35:57,395.95,-1.6
2016-04-15,4,06:45:57,405.95,-1.1
2016-04-15,4,06:53:57,413.95,-0.11666666666666667
2016-04-15,4,07:01:57,421.95,-3.6
2016-04-15,4,07:10:57,430.95,0.38333333333333336
2016-04-15,4,07:19:57,439.95,-1.0833333333333333
2016-04-15,4,07:28:57,448.95,1.9166666666666667
2016-04-15,4,07:35:57,455.95,-0.65
2016-04-15,4,07:42:57,462.95,-3.066666666666667
2016-04-15,4,07:50:57,470.95,-0.016666666666666666
2016-04-15,4,07:58:57,478.95,-1.1833333333333333
2016-04-15,4,08:07:57,487.95,1.8
2016-04-15,4,08:14:57,494.95,-0.18333333333333332
2016-04-15,4,08:23:57,503.95,2.3333333333333335
2016-04-15,4,08:40:57,520.95,0.65
2016-04-15,4,08:48:57,528.95,1.3666666666666667
2016-04-15,4,08:56:57,536.95,-0.016666666666666666
2016-04-15,4,09:04:57,544.95,1.2
2016-04-15,4,09:12:57,552.95,-0.8333333333333334
2016-04-15,4,09:20:57,560.95,-1.8166666666666667
2016-04-15,4,09:28:57,568.95,0.8833333333333333
2016-04-15,4,09:35:57,575.95,-0.25
2016-04-15,4,09:44:57,584.95,-1.3666666666666667
2016-04-15,4,09:53:57,593.95,-1.9166666666666667
2016-04-15,4,10:03:57,603.95,-1.3166666666666667
2016-04-15,4,10:15:57,615.95,0.016666666666666666
2016-04-15,4,10:27:57,627.95,0.06666666666666667
2016-04-15,4,10:40:57,640.95,1.9833333333333334
2016-04-15,4,10:52:57,652.95,-2.3666666666666667
2016-04-15,4,11:04:57,664.95,-1.0833333333333333
2016-04-15,4,11:16:57,676.95,-2.05
2016-04-15,4,11:28:57,688.95,-0.8166666666666667
2016-04-15,4,11:40:57,700.95,0.3
2016-04-15,4,11:51:57,711.95,1.2666666666666666
2016-04-15,4,12:03:57,723.95,-0.8333333333333334
2016-04-15,4,12:15:57,735.95,-2.6
2016-04-15,4,12:28:57,748.95,3.55
2016-04-15,4,12:40:57,760.95,0.9166666666666666
2016-04-15,4,12:52:57,772.95,2.1333333333333333
2016-04-15,4,13:04:57,784.95,2.95
2016-04-15,4,13:16:57,796.95,-2.316666666666667
2016-04-15,4,13:28:57,808.95,-1.9833333333333334
2016-04-15,4,13:40:56,820.9333333333333,-2.3
2016-04-15,4,13:52:56,832.9333333333333,-0.43333333333333335
2016-04-15,4,14:04:56,844.9333333333333,-2.3
2016-04-15,4,14:16:56,856.9333333333333,-3.466666666666667
2016-04-15,4,14:26:56,866.9333333333333,-1.7
2016-04-15,4,14:38:56,878.9333333333333,-0.08333333333333333
2016-04-15,4,14:49:56,889.9333333333333,-1.8333333333333333
2016-04-15,4,14:55:56,895.9333333333333,0.8666666666666667
2016-04-15,4,14:58:56,898.9333333333333,0.4
2016-04-15,4,15:05:56,905.9333333333333,-2.0833333333333335
2016-04-15,4,15:11:56,911.9333333333333,-1.4333333333333333
2016-04-15,4,15:17:56,917.9333333333333,-0.3333333333333333
2016-04-15,4,15:24:56,924.9333333333333,-1.5666666666666667
2016-04-15,4,15:31:56,931.9333333333333,-1.0
2016-04-15,4,15:38:56,938.9333333333333,-1.6333333333333333
2016-04-15,4,15:46:56,946.9333333333333,-0.38333333333333336
2016-04-15,4,15:54:56,954.9333333333333,0.5333333333333333
2016-04-15,4,16:01:56,961.9333333333333,1.0
2016-04-15,4,16:10:56,970.9333333333333,-3.55
2016-04-15,4,16:17:56,977.9333333333333,-2.1166666666666667
2016-04-15,4,16:26:56,986.9333333333333,-3.033333333333333
2016-04-15,4,16:34:56,994.9333333333333,0.5666666666666667
2016-04-15,4,16:40:56,1000.9333333333333,-1.1
2016-04-15,4,16:46:56,1006.9333333333333,-0.26666666666666666
2016-04-15,4,16:51:56,1011.9333333333333,-1.6
2016-04-15,4,16:56:56,1016.9333333333333,4.033333333333333
2016-04-15,4,17:01:56,1021.9333333333333,-0.9166666666666666
2016-04-15,4,17:08:56,1028.9333333333334,11.583333333333334
2016-04-15,4,17:14:56,1034.9333333333334,-0.21666666666666667
2016-04-15,4,17:20:56,1040.9333333333334,2.4
2016-04-15,4,17:26:56,1046.9333333333334,-1.5833333333333333
2016-04-15,4,17:32:56,1052.9333333333334,-1.6333333333333333
2016-04-15,4,17:40:56,1060.9333333333334,1.2166666666666666
2016-04-15,4,17:48:56,1068.9333333333334,-1.5666666666666667
2016-04-15,4,17:58:56,1078.9333333333334,-0.31666666666666665
2016-04-15,4,18:05:56,1085.9333333333334,2.9166666666666665
2016-04-15,4,18:13:57,1093.95,-0.5
2016-04-15,4,18:27:57,1107.95,-1.2666666666666666
2016-04-15,4,18:39:57,1119.95,-1.5
2016-04-15,4,18:49:57,1129.95,-0.2
2016-04-15,4,18:59:57,1139.95,-3.1666666666666665
2016-04-15,4,19:09:57,1149.95,-0.65
2016-04-15,4,19:21:57,1161.95,-1.65
2016-04-15,4,19:31:57,1171.95,-2.15
2016-04-15,4,19:41:57,1181.95,0.7333333333333333
2016-04-15,4,19:52:57,1192.95,-0.5666666666666667
2016-04-15,4,20:01:57,1201.95,-0.43333333333333335
2016-04-15,4,20:16:57,1216.95,1.7
2016-04-15,4,20:31:57,1231.95,0.3333333333333333
2016-04-15,4,20:46:57,1246.95,0.9833333333333333
2016-04-15,4,21:02:57,1262.95,-1.3166666666666667
2016-04-15,4,21:17:57,1277.95,-2.066666666666667
2016-04-15,4,21:33:57,1293.95,-0.38333333333333336
2016-04-15,4,21:49:57,1309.95,-1.9666666666666666
2016-04-15,4,22:03:57,1323.95,0.48333333333333334
2016-04-15,4,22:18:57,1338.95,-0.23333333333333334
2016-04-15,4,22:34:57,1354.95,-0.3
2016-04-15,4,22:49:57,1369.95,-1.45
2016-04-15,4,23:04:57,1384.95,0.7666666666666667
2016-04-15,4,23:19:57,1399.95,-2.7
2016-04-15,4,23:34:57,1414.95,-1.35
2016-04-15,4,23:49:57,1429.95,-0.6833333333333333
2016-04-16,5,00:04:57,4.95,0.2833333333333333
2016-04-16,5,00:34:57,34.95,0.95
2016-04-16,5,01:11:57,71.95,-4.05
2016-04-16,5,02:09:57,129.95,0.6333333333333333
2016-04-16,5,05:34:57,334.95,-0.31666666666666665
2016-04-16,5,06:04:57,364.95,-1.8666666666666667
2016-04-16,5,06:19:57,379.95,-1.25
2016-04-16,5,06:34:57,394.95,-3.0166666666666666
2016-04-16,5,06:49:57,409.95,-1.6166666666666667
2016-04-16,5,07:04:57,424.95,-1.1
2016-04-16,5,07:19:57,439.95,0.4166666666666667
2016-04-16,5,07:34:57,454.95,-0.3333333333333333
2016-04-16,5,07:49:57,469.95,-0.35
2016-04-16,5,08:04:57,484.95,-3.35
2016-04-16,5,08:18:57,498.95,-1.6
2016-04-16,5,08:30:57,510.95,-1.7333333333333334
2016-04-16,5,08:42:57,522.95,-1.4333333333333333
2016-04-16,5,08:54:57,534.95,-1.2833333333333334
2016-04-16,5,09:06:57,546.95,1.35
2016-04-16,5,09:18:57,558.95,0.05
2016-04-16,5,09:30:57,570.95,-0.4
2016-04-16,5,09:42:57,582.95,2.7
2016-04-16,5,09:54:57,594.95,0.05
2016-04-16,5,10:06:57,606.95,0.016666666666666666
2016-04-16,5,10:18:57,618.95,-1.2166666666666666
2016-04-16,5,10:30:57,630.95,-1.7166666666666666
2016-04-16,5,10:41:57,641.95,0.6333333333333333
2016-04-16,5,10:54:57,654.95,-2.6333333333333333
2016-04-16,5,11:06:57,666.95,-1.4
2016-04-16,5,11:18:57,678.95,5.0
2016-04-16,5,11:30:57,690.95,1.0
2016-04-16,5,11:42:57,702.95,-0.3
2016-04-16,5,11:54:57,714.95,-1.5166666666666666
2016-04-16,5,12:06:57,726.95,-3.05
2016-04-16,5,12:18:57,738.95,0.06666666666666667
2016-04-16,5,12:30:57,750.95,-2.783333333333333
2016-04-16,5,12:42:57,762.95,0.03333333333333333
2016-04-16,5,12:54:57,774.95,-1.6666666666666667
2016-04-16,5,13:06:57,786.95,2.3
2016-04-16,5,13:18:57,798.95,-2.95
2016-04-16,5,13:30:57,810.95,-0.25
2016-04-16,5,13:42:57,822.95,-2.683333333333333
2016-04-16,5,13:54:57,834.95,-0.2833333333333333
2016-04-16,5,14:06:57,846.95,-1.35
2016-04-16,5,14:18:57,858.95,0.4166666666666667
2016-04-16,5,14:30:57,870.95,-1.6666666666666667
2016-04-16,5,14:42:57,882.95,3.1666666666666665
2016-04-16,5,14:54:57,894.95,4.916666666666667
2016-04-16,5,15:06:57,906.95,-1.1833333333333333
2016-04-16,5,15:18:57,918.95,-5.266666666666667
2016-04-16,5,15:30:57,930.95,0.05
2016-04-16,5,15:42:57,942.95,-3.8333333333333335
2016-04-16,5,15:54:57,954.95,-1.1
2016-04-16,5,16:06:57,966.95,-2.6166666666666667
2016-04-16,5,16:18:57,978.95,-3.033333333333333
2016-04-16,5,16:30:57,990.95,-1.5
2016-04-16,5,16:42:57,1002.95,-0.25
2016-04-16,5,16:54:57,1014.95,-0.2833333333333333
2016-04-16,5,17:06:57,1026.95,-2.45
2016-04-16,5,17:18:57,1038.95,-0.31666666666666665
2016-04-16,5,17:30:57,1050.95,0.13333333333333333
2016-04-16,5,17:42:57,1062.95,0.18333333333333332
2016-04-16,5,17:54:57,1074.95,1.2166666666666666
2016-04-16,5,18:06:57,1086.95,-2.65
2016-04-16,5,18:18:57,1098.95,-0.03333333333333333
2016-04-16,5,18:30:57,1110.95,0.15
2016-04-16,5,18:38:57,1118.95,-1.5333333333333334
2016-04-16,5,18:49:57,1129.95,-2.7333333333333334
2016-04-16,5,19:04:57,1144.95,-2.183333333333333
2016-04-16,5,19:19:57,1159.95,0.5666666666666667
2016-04-16,5,19:34:57,1174.95,1.0
2016-04-16,5,19:49:57,1189.95,-0.3333333333333333
2016-04-16,5,20:04:57,1204.95,-3.75
2016-04-16,5,20:19:57,1219.95,-0.03333333333333333
2016-04-16,5,20:34:57,1234.95,0.03333333333333333
2016-04-16,5,20:49:57,1249.95,-0.25
2016-04-16,5,21:04:57,1264.95,-2.3666666666666667
2016-04-16,5,21:19:57,1279.95,-2.2666666666666666
2016-04-16,5,21:34:57,1294.95,1.0166666666666666
2016-04-16,5,21:49:57,1309.95,2.0
2016-04-16,5,22:04:57,1324.95,0.36666666666666664
2016-04-16,5,22:19:57,1339.95,1.5666666666666667
2016-04-16,5,22:34:57,1354.95,5.033333333333333
2016-04-16,5,22:49:57,1369.95,1.9833333333333334
2016-04-16,5,23:04:57,1384.95,-0.6833333333333333
2016-04-16,5,23:19:57,1399.95,-3.6666666666666665
2016-04-16,5,23:34:57,1414.95,-1.35
2016-04-16,5,23:49:57,1429.95,1.9666666666666666
2016-04-17,6,00:04:57,4.95,2.1
2016-04-17,6,00:34:57,34.95,1.35
2016-04-17,6,01:11:57,71.95,-3.85
2016-04-17,6,02:09:57,129.95,-0.11666666666666667
2016-04-17,6,05:31:58,331.96666666666664,1.55
2016-04-17,6,06:04:58,364.96666666666664,-0.7333333333333333
2016-04-17,6,06:19:58,379.96666666666664,2.933333333333333
2016-04-17,6,06:34:58,394.96666666666664,-0.45
2016-04-17,6,06:49:58,409.96666666666664,0.6333333333333333
2016-04-17,6,07:04:58,424.96666666666664,-0.75
2016-04-17,6,07:19:58,439.96666666666664,1.6666666666666667
2016-04-17,6,07:34:58,454.96666666666664,-2.6
2016-04-17,6,07:49:58,469.96666666666664,0.7
2016-04-17,6,08:04:58,484.96666666666664,-1.1166666666666667
2016-04-17,6,08:19:57,499.95,0.4
2016-04-17,6,08:34:57,514.95,2.35
2016-04-17,6,08:49:57,529.95,-0.7666666666666667
2016-04-17,6,09:04:57,544.95,-0.8666666666666667
2016-04-17,6,09:19:57,559.95,-0.9
2016-04-17,6,09:34:57,574.95,0.06666666666666667
2016-04-17,6,09:49:57,589.95,4.616666666666666
2016-04-17,6,10:04:57,604.95,0.31666666666666665
2016-04-17,6,10:19:57,619.95,-1.05
2016-04-17,6,10:34:57,634.95,0.9833333333333333
2016-04-17,6,10:49:57,649.95,1.0833333333333333
2016-04-17,6,11:04:57,664.95,3.4
2016-04-17,6,11:19:57,679.95,-0.9
2016-04-17,6,11:34:57,694.95,-1.3833333333333333
2016-04-17,6,11:49:57,709.95,-1.5
2016-04-17,6,12:04:57,724.95,3.3
2016-04-17,6,12:19:57,739.95,4.033333333333333
2016-04-17,6,12:34:57,754.95,2.5
2016-04-17,6,12:49:57,769.95,-0.6833333333333333
2016-04-17,6,13:04:57,784.95,0.4
2016-04-17,6,13:19:57,799.95,4.016666666666667
2016-04-17,6,13:34:57,814.95,-0.08333333333333333
2016-04-17,6,13:49:57,829.95,-0.35
2016-04-17,6,14:04:57,844.95,1.6166666666666667
2016-04-17,6,14:19:57,859.95,0.08333333333333333
2016-04-17,6,14:34:57,874.95,-0.26666666666666666
2016-04-17,6,14:49:57,889.95,2.933333333333333
2016-04-17,6,15:04:57,904.95,-0.6333333333333333
2016-04-17,6,15:19:57,919.95,-2.566666666666667
2016-04-17,6,15:34:57,934.95,-0.016666666666666666
2016-04-17,6,15:49:57,949.95,1.1166666666666667
2016-04-17,6,16:04:57,964.95,2.1666666666666665
2016-04-17,6,16:19:57,979.95,0.36666666666666664
2016-04-17,6,16:34:57,994.95,4.083333333333333
2016-04-17,6,16:49:57,1009.95,-0.26666666666666666
2016-04-17,6,17:04:57,1024.95,3.283333333333333
2016-04-17,6,17:19:57,1039.95,1.7
2016-04-17,6,17:34:57,1054.95,-1.2333333333333334
2016-04-17,6,17:49:57,1069.95,-1.1666666666666667
2016-04-17,6,18:04:57,1084.95,0.4166666666666667
2016-04-17,6,18:19:57,1099.95,0.45
2016-04-17,6,18:34:57,1114.95,2.4
2016-04-17,6,18:49:57,1129.95,-0.15
2016-04-17,6,19:04:57,1144.95,0.75
2016-04-17,6,19:19:57,1159.95,0.5333333333333333
2016-04-17,6,19:34:57,1174.95,-3.0
2016-04-17,6,19:49:57,1189.95,0.6
2016-04-17,6,20:04:57,1204.95,-2.283333333333333
2016-04-17,6,20:19:57,1219.95,0.08333333333333333
2016-04-17,6,20:34:57,1234.95,-0.016666666666666666
2016-04-17,6,20:49:57,1249.95,-1.7833333333333334
2016-04-17,6,21:04:57,1264.95,-1.85
2016-04-17,6,21:19:57,1279.95,-0.9333333333333333
2016-04-17,6,21:34:57,1294.95,-1.1
2016-04-17,6,21:49:57,1309.95,-1.95
2016-04-17,6,22:04:57,1324.95,0.7833333333333333
2016-04-17,6,22:19:57,1339.95,0.5166666666666667
2016-04-17,6,22:34:57,1354.95,3.1
2016-04-17,6,22:49:57,1369.95,0.7
2016-04-17,6,23:04:57,1384.95,-0.9833333333333333
2016-04-17,6,23:19:57,1399.95,-3.5
2016-04-17,6,23:34:57,1414.95,1.0166666666666666
2016-04-17,6,23:49:57,1429.95,-1.6833333333333333
2016-04-18,0,00:04:57,4.95,-1.0166666666666666
2016-04-18,0,00:34:57,34.95,-0.36666666666666664
2016-04-18,0,01:11:57,71.95,0.05
2016-04-18,0,02:09:57,129.95,-0.55
2016-04-18,0,05:32:57,332.95,-1.8833333333333333
2016-04-18,0,05:47:57,347.95,1.75
2016-04-18,0,06:02:57,362.95,-0.5833333333333334
2016-04-18,0,06:15:57,375.95,-1.05
2016-04-18,0,06:25:57,385.95,-0.6833333333333333
2016-04-18,0,06:35:57,395.95,-1.7333333333333334
2016-04-18,0,06:45:57,405.95,-0.05
2016-04-18,0,06:53:57,413.95,1.1666666666666667
2016-04-18,0,07:01:57,421.95,-0.6333333333333333
2016-04-18,0,07:10:57,430.95,-0.48333333333333334
2016-04-18,0,07:19:57,439.95,0.36666666666666664
2016-04-18,0,07:28:57,448.95,-0.43333333333333335
2016-04-18,0,07:35:57,455.95,-0.21666666666666667
2016-04-18,0,07:42:57,462.95,-1.35
2016-04-18,0,07:50:57,470.95,0.0
2016-04-18,0,07:58:57,478.95,0.8833333333333333
2016-04-18,0,08:07:57,487.95,2.3
2016-04-18,0,08:14:57,494.95,1.3166666666666667
2016-04-18,0,08:23:57,503.95,1.4333333333333333
2016-04-18,0,08:31:57,511.95,-0.5333333333333333
2016-04-18,0,08:40:57,520.95,0.9333333333333333
2016-04-18,0,08:48:57,528.95,0.2833333333333333
2016-04-18,0,08:56:57,536.95,1.2666666666666666
2016-04-18,0,09:04:57,544.95,-0.7666666666666667
2016-04-18,0,09:12:57,552.95,1.9
2016-04-18,0,09:20:57,560.95,-0.5833333333333334
2016-04-18,0,09:28:57,568.95,0.5333333333333333
2016-04-18,0,09:35:57,575.95,2.3666666666666667
2016-04-18,0,09:44:57,584.95,-0.21666666666666667
2016-04-18,0,09:53:57,593.95,-2.1
2016-04-18,0,10:03:57,603.95,-0.95
2016-04-18,0,10:15:57,615.95,1.4166666666666667
2016-04-18,0,10:27:57,627.95,1.7666666666666666
2016-04-18,0,10:40:57,640.95,-0.9666666666666667
2016-04-18,0,10:52:57,652.95,-0.6166666666666667
2016-04-18,0,11:04:57,664.95,1.0166666666666666
2016-04-18,0,11:16:57,676.95,-1.9833333333333334
2016-04-18,0,11:28:57,688.95,2.033333333333333
2016-04-18,0,11:40:57,700.95,-0.85
2016-04-18,0,11:51:57,711.95,-1.0833333333333333
2016-04-18,0,12:03:57,723.95,0.03333333333333333
2016-04-18,0,12:15:57,735.95,0.16666666666666666
2016-04-18,0,12:28:57,748.95,-0.7166666666666667
2016-04-18,0,12:40:57,760.95,0.45
2016-04-18,0,12:52:57,772.95,0.85
2016-04-18,0,13:04:57,784.95,-0.48333333333333334
2016-04-18,0,13:16:57,796.95,-0.9333333333333333
2016-04-18,0,13:28:57,808.95,-5.633333333333334
2016-04-18,0,13:40:56,820.9333333333333,-1.0333333333333334
2016-04-18,0,13:52:56,832.9333333333333,2.15
2016-04-18,0,14:04:56,844.9333333333333,-1.95
2016-04-18,0,14:16:56,856.9333333333333,0.25
2016-04-18,0,14:26:56,866.9333333333333,-2.8833333333333333
2016-04-18,0,14:38:56,878.9333333333333,0.4
2016-04-18,0,14:49:56,889.9333333333333,-1.65
2016-04-18,0,14:55:56,895.9333333333333,-3.466666666666667
2016-04-18,0,14:58:56,898.9333333333333,1.1166666666666667
2016-04-18,0,15:05:56,905.9333333333333,-1.9333333333333333
2016-04-18,0,15:11:56,911.9333333333333,-3.1333333333333333
2016-04-18,0,15:17:56,917.9333333333333,-2.5166666666666666
2016-04-18,0,15:24:56,924.9333333333333,-0.11666666666666667
2016-04-18,0,15:31:56,931.9333333333333,-1.8333333333333333
2016-04-18,0,15:38:56,938.9333333333333,-1.5166666666666666
2016-04-18,0,15:46:56,946.9333333333333,2.2
2016-04-18,0,15:54:56,954.9333333333333,-0.03333333333333333
2016-04-18,0,16:01:56,961.9333333333333,-0.9833333333333333
2016-04-18,0,16:10:56,970.9333333333333,0.6833333333333333
2016-04-18,0,16:17:56,977.9333333333333,-2.0833333333333335
2016-04-18,0,16:26:56,986.9333333333333,-1.2833333333333334
2016-04-18,0,16:34:56,994.9333333333333,-1.0166666666666666
2016-04-18,0,16:40:56,1000.9333333333333,-1.9
2016-04-18,0,16:46:56,1006.9333333333333,-0.8166666666666667
2016-04-18,0,16:51:56,1011.9333333333333,0.1
2016-04-18,0,16:56:56,1016.9333333333333,-1.35
2016-04-18,0,17:01:56,1021.9333333333333,-2.066666666666667
2016-04-18,0,17:08:56,1028.9333333333334,-1.6666666666666667
2016-04-18,0,17:14:56,1034.9333333333334,-2.9166666666666665
2016-04-18,0,17:20:56,1040.9333333333334,5.366666666666666
2016-04-18,0,17:26:56,1046.9333333333334,-0.43333333333333335
2016-04-18,0,17:32:56,1052.9333333333334,-1.9666666666666666
2016-04-18,0,17:40:56,1060.9333333333334,-2.5833333333333335
2016-04-18,0,17:48:56,1068.9333333333334,0.6333333333333333
2016-04-18,0,17:58:56,1078.9333333333334,-2.35
2016-04-18,0,18:05:56,1085.9333333333334,-0.45
2016-04-18,0,18:13:57,1093.95,0.4666666666666667
2016-04-18,0,18:27:57,1107.95,-1.5333333333333334
2016-04-18,0,18:39:57,1119.95,-0.1
2016-04-18,0,18:49:57,1129.95,-0.9666666666666667
2016-04-18,0,18:59:57,1139.95,-1.9166666666666667
2016-04-18,0,19:09:57,1149.95,-0.7
2016-04-18,0,19:21:57,1161.95,1.0333333333333334
2016-04-18,0,19:31:57,1171.95,-0.8333333333333334
2016-04-18,0,19:41:57,1181.95,2.0
2016-04-18,0,19:52:57,1192.95,-2.3666666666666667
2016-04-18,0,20:01:57,1201.95,-1.9666666666666666
2016-04-18,0,20:16:57,1216.95,1.6333333333333333
2016-04-18,0,20:31:57,1231.95,1.7333333333333334
2016-04-18,0,20:46:57,1246.95,0.2
2016-04-18,0,21:02:57,1262.95,-1.4333333333333333
2016-04-18,0,21:17:57,1277.95,-1.9
2016-04-18,0,21:33:57,1293.95,2.066666666666667
2016-04-18,0,21:49:57,1309.95,1.0166666666666666
2016-04-18,0,22:03:57,1323.95,1.5166666666666666
2016-04-18,0,22:18:57,1338.95,-2.9833333333333334
2016-04-18,0,22:34:57,1354.95,-1.6333333333333333
2016-04-18,0,22:49:57,1369.95,3.3666666666666667
2016-04-18,0,23:04:57,1384.95,-0.65
2016-04-18,0,23:19:57,1399.95,0.25
2016-04-18,0,23:34:57,1414.95,-2.9166666666666665
2016-04-18,0,23:49:57,1429.95,-0.35
2016-04-19,1,00:04:57,4.95,-2.1166666666666667
2016-04-19,1,00:34:57,34.95,-4.283333333333333
2016-04-19,1,01:11:57,71.95,-1.1166666666666667
2016-04-19,1,02:09:57,129.95,-0.2
2016-04-19,1,05:32:57,332.95,-1.7833333333333334
2016-04-19,1,05:47:57,347.95,-1.3
2016-04-19,1,06:02:57,362.95,-3.683333333333333
2016-04-19,1,06:15:57,375.95,-1.0
2016-04-19,1,06:25:57,385.95,-0.7333333333333333
2016-04-19,1,06:35:57,395.95,-1.65
2016-04-19,1,06:45:57,405.95,-0.7
2016-04-19,1,06:53:57,413.95,-0.4166666666666667
2016-04-19,1,07:01:57,421.95,-1.15
2016-04-19,1,07:10:57,430.95,-2.066666666666667
2016-04-19,1,07:19:57,439.95,-0.5
2016-04-19,1,07:28:57,448.95,-0.5833333333333334
2016-04-19,1,07:35:57,455.95,1.4833333333333334
2016-04-19,1,07:42:57,462.95,-2.15
2016-04-19,1,07:50:57,470.95,0.05
2016-04-19,1,07:58:57,478.95,1.1666666666666667
2016-04-19,1,08:07:57,487.95,0.3
2016-04-19,1,08:14:57,494.95,0.9666666666666667
2016-04-19,1,08:23:57,503.95,1.35
2016-04-19,1,08:31:57,511.95,-0.65
2016-04-19,1,08:40:57,520.95,1.4
2016-04-19,1,08:48:57,528.95,-1.1833333333333333
2016-04-19,1,08:56:57,536.95,-0.6666666666666666
2016-04-19,1,09:04:57,544.95,-2.1333333333333333
2016-04-19,1,09:12:57,552.95,1.7333333333333334
2016-04-19,1,09:20:57,560.95,-2.966666666666667
2016-04-19,1,09:28:57,568.95,2.3666666666666667
2016-04-19,1,09:35:57,575.95,-0.65
2016-04-19,1,09:44:57,584.95,-1.35
2016-04-19,1,09:53:57,593.95,-1.4
2016-04-19,1,10:03:57,603.95,-2.75
2016-04-19,1,10:15:57,615.95,-0.8333333333333334
2016-04-19,1,10:27:57,627.95,1.8333333333333333
2016-04-19,1,10:40:57,640.95,-2.3333333333333335
2016-04-19,1,10:52:57,652.95,-1.1333333333333333
2016-04-19,1,11:04:57,664.95,-0.9
2016-04-19,1,11:16:57,676.95,0.7666666666666667
2016-04-19,1,11:28:57,688.95,1.65
2016-04-19,1,11:40:57,700.95,-0.5666666666666667
2016-04-19,1,11:51:57,711.95,0.05
2016-04-19,1,12:03:57,723.95,-0.11666666666666667
2016-04-19,1,12:15:57,735.95,-3.55
2016-04-19,1,12:28:57,748.95,-0.9833333333333333
2016-04-19,1,12:40:57,760.95,-2.2333333333333334
2016-04-19,1,12:52:57,772.95,-0.95
2016-04-19,1,13:04:57,784.95,-3.2
2016-04-19,1,13:16:57,796.95,0.2833333333333333
2016-04-19,1,13:28:57,808.95,-0.65
2016-04-19,1,13:40:56,820.9333333333333,-3.55
2016-04-19,1,13:52:56,832.9333333333333,0.75
2016-04-19,1,14:04:56,844.9333333333333,-1.8166666666666667
2016-04-19,1,14:16:56,856.9333333333333,-0.3
2016-04-19,1,14:26:56,866.9333333333333,-2.933333333333333
2016-04-19,1,14:38:56,878.9333333333333,2.5833333333333335
2016-04-19,1,14:49:56,889.9333333333333,-1.8166666666666667
2016-04-19,1,14:55:56,895.9333333333333,-0.85
2016-04-19,1,14:58:56,898.9333333333333,-0.35
2016-04-19,1,15:05:56,905.9333333333333,5.7
2016-04-19,1,15:11:56,911.9333333333333,-1.9666666666666666
2016-04-19,1,15:17:56,917.9333333333333,1.8166666666666667
2016-04-19,1,15:24:56,924.9333333333333,2.316666666666667
2016-04-19,1,15:31:56,931.9333333333333,-1.1
2016-04-19,1,15:38:56,938.9333333333333,0.9833333333333333
2016-04-19,1,15:46:56,946.9333333333333,2.45
2016-04-19,1,15:54:56,954.9333333333333,-0.9
2016-04-19,1,16:01:56,961.9333333333333,-2.05
2016-04-19,1,16:10:56,970.9333333333333,-0.23333333333333334
2016-04-19,1,16:17:56,977.9333333333333,-2.7
2016-04-19,1,16:26:56,986.9333333333333,-0.03333333333333333
2016-04-19,1,16:34:56,994.9333333333333,0.5666666666666667
2016-04-19,1,16:40:56,1000.9333333333333,-0.9166666666666666
2016-04-19,1,16:46:56,1006.9333333333333,-0.5333333333333333
2016-04-19,1,16:51:56,1011.9333333333333,-1.2333333333333334
2016-04-19,1,16:56:56,1016.9333333333333,5.5
2016-04-19,1,17:01:56,1021.9333333333333,0.5833333333333334
2016-04-19,1,17:08:56,1028.9333333333334,-1.9166666666666667
2016-04-19,1,17:14:56,1034.9333333333334,-1.8833333333333333
2016-04-19,1,17:20:56,1040.9333333333334,1.6333333333333333
2016-04-19,1,17:26:56,1046.9333333333334,0.31666666666666665
2016-04-19,1,17:32:56,1052.9333333333334,8.566666666666666
2016-04-19,1,17:40:56,1060.9333333333334,-1.0833333333333333
2016-04-19,1,17:48:56,1068.9333333333334,-1.0
2016-04-19,1,17:58:56,1078.9333333333334,-2.4
2016-04-19,1,18:05:56,1085.9333333333334,-0.3
2016-04-19,1,18:13:57,1093.95,3.55
2016-04-19,1,18:27:57,1107.95,-2.5
2016-04-19,1,18:39:57,1119.95,2.933333333333333
2016-04-19,1,18:49:57,1129.95,0.5333333333333333
2016-04-19,1,18:59:57,1139.95,-1.4666666666666666
2016-04-19,1,19:09:57,1149.95,-0.7
2016-04-19,1,19:21:57,1161.95,-1.5333333333333334
2016-04-19,1,19:31:57,1171.95,-1.2833333333333334
2016-04-19,1,19:41:57,1181.95,-0.6833333333333333
2016-04-19,1,19:52:57,1192.95,-1.9
2016-04-19,1,20:01:57,1201.95,-4.616666666666666
2016-04-19,1,20:16:57,1216.95,-0.7833333333333333
2016-04-19,1,20:31:57,1231.95,1.55
2016-04-19,1,20:46:57,1246.95,0.2
2016-04-19,1,21:02:57,1262.95,0.05
2016-04-19,1,21:17:57,1277.95,-2.0
2016-04-19,1,21:33:57,1293.95,-0.75
2016-04-19,1,21:49:57,1309.95,-0.75
2016-04-19,1,22:03:57,1323.95,5.016666666666667
2016-04-19,1,22:18:57,1338.95,-0.35
2016-04-19,1,22:34:57,1354.95,-1.7333333333333334
2016-04-19,1,22:49:57,1369.95,2.3666666666666667
2016-04-19,1,23:04:57,1384.95,-0.5833333333333334
2016-04-19,1,23:19:57,1399.95,0.45
2016-04-19,1,23:34:57,1414.95,-0.31666666666666665
2016-04-19,1,23:49:57,1429.95,-0.2
2016-04-20,2,00:04:57,4.95,-1.95
2016-04-20,2,00:34:57,34.95,-0.35
2016-04-20,2,01:11:57,71.95,-0.85
2016-04-20,2,05:32:57,332.95,-0.9166666666666666
2016-04-20,2,05:47:57,347.95,0.06666666666666667
2016-04-20,2,06:02:57,362.95,-3.0
2016-04-20,2,06:15:57,375.95,-1.0
2016-04-20,2,06:25:57,385.95,0.55
2016-04-20,2,06:35:57,395.95,-2.0
2016-04-20,2,06:45:57,405.95,-0.5
2016-04-20,2,06:53:57,413.95,1.3
2016-04-20,2,07:01:57,421.95,-3.35
2016-04-20,2,07:10:57,430.95,-2.033333333333333
2016-04-20,2,07:19:57,439.95,-1.95
2016-04-20,2,07:28:57,448.95,-0.65
2016-04-20,2,07:35:57,455.95,-0.25
2016-04-20,2,07:42:57,462.95,1.75
2016-04-20,2,07:50:57,470.95,0.16666666666666666
2016-04-20,2,07:58:57,478.95,4.866666666666666
2016-04-20,2,08:07:57,487.95,-1.0666666666666667
2016-04-20,2,08:14:57,494.95,3.933333333333333
2016-04-20,2,08:23:57,503.95,-0.18333333333333332
2016-04-20,2,08:31:57,511.95,-0.25
2016-04-20,2,08:40:57,520.95,-0.7666666666666667
2016-04-20,2,08:48:57,528.95,-1.2333333333333334
2016-04-20,2,08:56:57,536.95,1.2666666666666666
2016-04-20,2,09:04:57,544.95,-0.95
2016-04-20,2,09:12:57,552.95,2.05
2016-04-20,2,09:20:57,560.95,-1.2166666666666666
2016-04-20,2,09:28:57,568.95,-0.4666666666666667
2016-04-20,2,09:35:57,575.95,2.8333333333333335
2016-04-20,2,09:44:57,584.95,1.35
2016-04-20,2,09:53:57,593.95,-0.6333333333333333
2016-04-20,2,10:03:57,603.95,0.38333333333333336
2016-04-20,2,10:15:57,615.95,-0.03333333333333333
2016-04-20,2,10:27:57,627.95,-1.2333333333333334
2016-04-20,2,10:40:57,640.95,-0.9833333333333333
2016-04-20,2,10:52:57,652.95,-1.0333333333333334
2016-04-20,2,11:04:57,664.95,-1.1333333333333333
2016-04-20,2,11:16:57,676.95,-1.8666666666666667
2016-04-20,2,11:28:57,688.95,3.2666666666666666
2016-04-20,2,11:40:57,700.95,-0.55
2016-04-20,2,11:51:57,711.95,1.3
2016-04-20,2,12:03:57,723.95,0.31666666666666665
2016-04-20,2,12:15:57,735.95,-1.25
2016-04-20,2,12:28:57,748.95,-0.5833333333333334
2016-04-20,2,12:40:57,760.95,0.4
2016-04-20,2,12:52:57,772.95,-0.7166666666666667
2016-04-20,2,13:04:57,784.95,0.3
2016-04-20,2,13:16:57,796.95,1.7666666666666666
2016-04-20,2,13:28:57,808.95,-1.05
2016-04-20,2,13:40:56,820.9333333333333,-1.95
2016-04-20,2,13:52:56,832.9333333333333,0.38333333333333336
2016-04-20,2,14:04:56,844.9333333333333,-0.65
2016-04-20,2,14:16:56,856.9333333333333,-0.8833333333333333
2016-04-20,2,14:26:56,866.9333333333333,-2.4
2016-04-20,2,14:38:56,878.9333333333333,4.283333333333333
2016-04-20,2,14:49:56,889.9333333333333,-0.36666666666666664
2016-04-20,2,14:55:56,895.9333333333333,-1.7333333333333334
2016-04-20,2,14:58:56,898.9333333333333,2.316666666666667
2016-04-20,2,15:05:56,905.9333333333333,0.21666666666666667
2016-04-20,2,15:11:56,911.9333333333333,-2.8666666666666667
2016-04-20,2,15:17:56,917.9333333333333,2.4
2016-04-20,2,15:24:56,924.9333333333333,-0.1
2016-04-20,2,15:31:56,931.9333333333333,-0.95
2016-04-20,2,15:38:56,938.9333333333333,-1.0833333333333333
2016-04-20,2,15:46:56,946.9333333333333,-1.05
2016-04-20,2,15:54:56,954.9333333333333,0.08333333333333333
2016-04-20,2,16:01:56,961.9333333333333,-0.6
2016-04-20,2,16:10:56,970.9333333333333,-2.5833333333333335
2016-04-20,2,16:17:56,977.9333333333333,5.666666666666667
2016-04-20,2,16:26:56,986.9333333333333,-1.45
2016-04-20,2,16:34:56,994.9333333333333,1.4833333333333334
2016-04-20,2,16:40:56,1000.9333333333333,-2.0166666666666666
2016-04-20,2,16:46:56,1006.9333333333333,-12.866666666666667
2016-04-20,2,16:51:56,1011.9333333333333,1.4166666666666667
2016-04-20,2,16:56:56,1016.9333333333333,3.15
2016-04-20,2,17:01:56,1021.9333333333333,15.8
2016-04-20,2,17:08:56,1028.9333333333334,-1.8666666666666667
2016-04-20,2,17:14:56,1034.9333333333334,0.16666666666666666
2016-04-20,2,17:20:56,1040.9333333333334,5.933333333333334
2016-04-20,2,17:26:56,1046.9333333333334,1.2166666666666666
2016-04-20,2,17:32:56,1052.9333333333334,-1.45
2016-04-20,2,17:40:56,1060.9333333333334,1.2333333333333334
2016-04-20,2,17:48:56,1068.9333333333334,-2.3333333333333335
2016-04-20,2,17:58:56,1078.9333333333334,-1.0166666666666666
2016-04-20,2,18:05:56,1085.9333333333334,-2.7333333333333334
2016-04-20,2,18:13:57,1093.95,-1.85
2016-04-20,2,18:27:57,1107.95,-0.08333333333333333
2016-04-20,2,18:39:57,1119.95,-3.433333333333333
2016-04-20,2,18:49:57,1129.95,1.0
2016-04-20,2,18:59:57,1139.95,0.8833333333333333
2016-04-20,2,19:09:57,1149.95,-0.26666666666666666
2016-04-20,2,19:21:57,1161.95,7.216666666666667
2016-04-20,2,19:31:57,1171.95,2.783333333333333
2016-04-20,2,19:41:57,1181.95,-0.6666666666666666
2016-04-20,2,19:52:57,1192.95,-2.1
2016-04-20,2,20:01:57,1201.95,1.1
2016-04-20,2,20:16:57,1216.95,0.7333333333333333
2016-04-20,2,20:31:57,1231.95,1.6333333333333333
2016-04-20,2,20:46:57,1246.95,-1.6333333333333333
2016-04-20,2,21:02:57,1262.95,0.9666666666666667
2016-04-20,2,21:17:57,1277.95,-0.23333333333333334
2016-04-20,2,21:33:57,1293.95,-0.45
2016-04-20,2,21:49:57,1309.95,3.533333333333333
2016-04-20,2,22:03:57,1323.95,0.4666666666666667
2016-04-20,2,22:18:57,1338.95,-1.7666666666666666
2016-04-20,2,22:34:57,1354.95,-0.3333333333333333
2016-04-20,2,22:49:57,1369.95,0.6
2016-04-20,2,23:04:57,1384.95,-0.8666666666666667
2016-04-20,2,23:19:57,1399.95,2.6333333333333333
2016-04-20,2,23:34:57,1414.95,-1.25
2016-04-20,2,23:49:57,1429.95,-2.05
2016-04-21,3,00:04:57,4.95,0.35
2016-04-21,3,00:34:57,34.95,-3.85
2016-04-21,3,01:11:57,71.95,-1.3833333333333333
2016-04-21,3,05:32:57,332.95,-0.9333333333333333
2016-04-21,3,05:47:57,347.95,0.55
2016-04-21,3,06:02:57,362.95,-2.4833333333333334
2016-04-21,3,06:15:57,375.95,-1.0333333333333334
2016-04-21,3,06:25:57,385.95,-0.7
2016-04-21,3,06:35:57,395.95,-0.16666666666666666
2016-04-21,3,06:45:57,405.95,-0.8166666666666667
2016-04-21,3,06:53:57,413.95,-0.5833333333333334
2016-04-21,3,07:01:57,421.95,-0.6166666666666667
2016-04-21,3,07:10:57,430.95,-0.6166666666666667
2016-04-21,3,07:19:57,439.95,0.4166666666666667
2016-04-21,3,07:28:57,448.95,-0.6833333333333333
2016-04-21,3,07:35:57,455.95,-1.5333333333333334
2016-04-21,3,07:42:57,462.95,0.43333333333333335
2016-04-21,3,07:50:57,470.95,-1.5666666666666667
2016-04-21,3,07:58:57,478.95,2.4833333333333334
2016-04-21,3,08:07:57,487.95,0.36666666666666664
2016-04-21,3,08:14:57,494.95,1.6166666666666667
2016-04-21,3,08:23:57,503.95,1.4833333333333334
2016-04-21,3,08:31:57,511.95,3.3833333333333333
2016-04-21,3,08:40:57,520.95,-1.8
2016-04-21,3,08:48:57,528.95,0.55
2016-04-21,3,08:56:57,536.95,-0.65
2016-04-21,3,09:04:57,544.95,-0.9666666666666667
2016-04-21,3,09:12:57,552.95,0.4166666666666667
2016-04-21,3,09:20:57,560.95,-1.75
2016-04-21,3,09:28:57,568.95,0.4
2016-04-21,3,09:35:57,575.95,-0.21666666666666667
2016-04-21,3,09:44:57,584.95,0.9166666666666666
2016-04-21,3,09:53:57,593.95,-0.48333333333333334
2016-04-21,3,10:03:57,603.95,1.8
2016-04-21,3,10:15:57,615.95,-1.4166666666666667
2016-04-21,3,10:27:57,627.95,3.1
2016-04-21,3,10:40:57,640.95,-0.9666666666666667
2016-04-21,3,10:52:57,652.95,0.7333333333333333
2016-04-21,3,11:04:57,664.95,-1.9
2016-04-21,3,11:16:57,676.95,-1.9166666666666667
2016-04-21,3,11:28:57,688.95,-1.9
2016-04-21,3,11:40:57,700.95,-1.0
2016-04-21,3,11:51:57,711.95,-0.9666666666666667
2016-04-21,3,12:03:57,723.95,-1.1333333333333333
2016-04-21,3,12:15:57,735.95,-2.1166666666666667
2016-04-21,3,12:28:57,748.95,-0.6
2016-04-21,3,12:40:57,760.95,0.5666666666666667
2016-04-21,3,12:52:57,772.95,0.3333333333333333
2016-04-21,3,13:04:57,784.95,-0.5833333333333334
2016-04-21,3,13:16:57,796.95,-0.9166666666666666
2016-04-21,3,13:28:57,808.95,-0.48333333333333334
2016-04-21,3,13:40:56,820.9333333333333,-1.6166666666666667
2016-04-21,3,13:52:56,832.9333333333333,0.8333333333333334
2016-04-21,3,14:04:56,844.9333333333333,-0.8833333333333333
2016-04-21,3,14:16:56,856.9333333333333,-0.48333333333333334
2016-04-21,3,14:26:56,866.9333333333333,-1.15
2016-04-21,3,14:38:56,878.9333333333333,-3.1333333333333333
2016-04-21,3,14:49:56,889.9333333333333,0.3
2016-04-21,3,14:55:56,895.9333333333333,-0.7166666666666667
2016-04-21,3,14:58:56,898.9333333333333,2.0
2016-04-21,3,15:05:56,905.9333333333333,-1.4333333333333333
2016-04-21,3,15:11:56,911.9333333333333,-1.95
2016-04-21,3,15:17:56,917.9333333333333,-0.6166666666666667
2016-04-21,3,15:24:56,924.9333333333333,1.4
2016-04-21,3,15:31:56,931.9333333333333,-1.05
2016-04-21,3,15:38:56,938.9333333333333,-2.1
2016-04-21,3,15:46:56,946.9333333333333,-2.4833333333333334
2016-04-21,3,15:54:56,954.9333333333333,1.65
2016-04-21,3,16:01:56,961.9333333333333,-0.4666666666666667
2016-04-21,3,16:10:56,970.9333333333333,-0.3
2016-04-21,3,16:17:56,977.9333333333333,-0.4166666666666667
2016-04-21,3,16:26:56,986.9333333333333,-0.7666666666666667
2016-04-21,3,16:34:56,994.9333333333333,-1.9
2016-04-21,3,16:40:56,1000.9333333333333,-2.45
2016-04-21,3,16:46:56,1006.9333333333333,2.2
2016-04-21,3,16:51:56,1011.9333333333333,2.1
2016-04-21,3,16:56:56,1016.9333333333333,35.833333333333336
2016-04-21,3,17:01:56,1021.9333333333333,-0.65
2016-04-21,3,17:08:56,1028.9333333333334,0.8833333333333333
2016-04-21,3,17:14:56,1034.9333333333334,-3.3666666666666667
2016-04-21,3,17:20:56,1040.9333333333334,2.75
2016-04-21,3,17:26:56,1046.9333333333334,2.5166666666666666
2016-04-21,3,17:32:56,1052.9333333333334,11.466666666666667
2016-04-21,3,17:40:56,1060.9333333333334,0.8166666666666667
2016-04-21,3,17:48:56,1068.9333333333334,4.533333333333333
2016-04-21,3,17:58:56,1078.9333333333334,2.1666666666666665
2016-04-21,3,18:05:56,1085.9333333333334,9.816666666666666
2016-04-21,3,18:13:57,1093.95,1.1
2016-04-21,3,18:27:57,1107.95,0.2
2016-04-21,3,18:39:57,1119.95,0.35
2016-04-21,3,18:49:57,1129.95,0.5833333333333334
2016-04-21,3,18:59:57,1139.95,-4.966666666666667
2016-04-21,3,19:09:57,1149.95,-0.6
2016-04-21,3,19:21:57,1161.95,-0.36666666666666664
2016-04-21,3,19:31:57,1171.95,-1.3166666666666667
2016-04-21,3,19:41:57,1181.95,-0.6
2016-04-21,3,19:52:57,1192.95,-2.2333333333333334
2016-04-21,3,20:01:57,1201.95,-0.35
2016-04-21,3,20:16:57,1216.95,1.6666666666666667
2016-04-21,3,20:31:57,1231.95,-1.4333333333333333
2016-04-21,3,20:46:57,1246.95,-1.25
2016-04-21,3,21:02:57,1262.95,1.1166666666666667
2016-04-21,3,21:17:57,1277.95,1.1333333333333333
2016-04-21,3,21:33:57,1293.95,-0.36666666666666664
2016-04-21,3,21:49:57,1309.95,-0.7333333333333333
2016-04-21,3,22:03:57,1323.95,-0.05
2016-04-21,3,22:18:57,1338.95,1.3333333333333333
2016-04-21,3,22:34:57,1354.95,1.0166666666666666
2016-04-21,3,22:49:57,1369.95,3.2
2016-04-21,3,23:04:57,1384.95,-2.4
2016-04-21,3,23:19:57,1399.95,1.45
2016-04-21,3,23:34:57,1414.95,-7.05
2016-04-21,3,23:49:57,1429.95,-1.6333333333333333
2016-04-22,4,00:04:57,4.95,0.36666666666666664
2016-04-22,4,00:34:57,34.95,-1.3666666666666667
2016-04-22,4,01:11:57,71.95,2.816666666666667
2016-04-22,4,02:09:57,129.95,-0.7333333333333333
2016-04-22,4,05:32:57,332.95,-0.9833333333333333
2016-04-22,4,05:47:57,347.95,-1.35
2016-04-22,4,06:02:57,362.95,-2.5833333333333335
2016-04-22,4,06:15:57,375.95,-0.9833333333333333
2016-04-22,4,06:25:57,385.95,-2.6666666666666665
2016-04-22,4,06:35:57,395.95,-1.2833333333333334
2016-04-22,4,06:45:57,405.95,0.0
2016-04-22,4,06:53:57,413.95,-0.48333333333333334
2016-04-22,4,07:01:57,421.95,-0.43333333333333335
2016-04-22,4,07:10:57,430.95,0.7166666666666667
2016-04-22,4,07:19:57,439.95,-0.55
2016-04-22,4,07:28:57,448.95,2.1666666666666665
2016-04-22,4,07:35:57,455.95,-0.6166666666666667
2016-04-22,4,07:50:57,470.95,0.95
2016-04-22,4,07:58:57,478.95,-0.9333333333333333
2016-04-22,4,08:07:57,487.95,-0.31666666666666665
2016-04-22,4,08:14:57,494.95,1.4166666666666667
2016-04-22,4,08:23:57,503.95,0.9
2016-04-22,4,08:31:57,511.95,-0.5166666666666667
2016-04-22,4,08:40:57,520.95,-1.1833333333333333
2016-04-22,4,08:48:57,528.95,4.416666666666667
2016-04-22,4,08:56:57,536.95,-0.11666666666666667
2016-04-22,4,09:04:57,544.95,-1.0166666666666666
2016-04-22,4,09:12:57,552.95,-0.9833333333333333
2016-04-22,4,09:20:57,560.95,-2.7333333333333334
2016-04-22,4,09:28:57,568.95,-0.36666666666666664
2016-04-22,4,09:35:57,575.95,-0.5166666666666667
2016-04-22,4,09:44:57,584.95,0.38333333333333336
2016-04-22,4,10:03:57,603.95,0.18333333333333332
2016-04-22,4,10:15:57,615.95,1.7166666666666666
2016-04-22,4,10:27:57,627.95,1.3833333333333333
2016-04-22,4,10:40:57,640.95,-3.3666666666666667
2016-04-22,4,10:52:57,652.95,0.6166666666666667
2016-04-22,4,11:04:57,664.95,-1.05
2016-04-22,4,11:16:57,676.95,-2.2666666666666666
2016-04-22,4,11:28:57,688.95,-0.55
2016-04-22,4,11:40:57,700.95,-0.45
2016-04-22,4,11:51:57,711.95,-1.2
2016-04-22,4,12:03:57,723.95,0.26666666666666666
2016-04-22,4,12:15:57,735.95,-2.2
2016-04-22,4,12:28:57,748.95,0.4
2016-04-22,4,12:40:57,760.95,0.75
2016-04-22,4,12:52:57,772.95,2.05
2016-04-22,4,13:04:57,784.95,-4.483333333333333
2016-04-22,4,13:16:57,796.95,0.8833333333333333
2016-04-22,4,13:28:57,808.95,-2.183333333333333
2016-04-22,4,13:40:56,820.9333333333333,-0.5
2016-04-22,4,13:52:56,832.9333333333333,-0.85
2016-04-22,4,14:04:56,844.9333333333333,-1.0
2016-04-22,4,14:16:56,856.9333333333333,-3.2333333333333334
2016-04-22,4,14:26:56,866.9333333333333,-0.21666666666666667
2016-04-22,4,14:38:56,878.9333333333333,-0.4666666666666667
2016-04-22,4,14:49:56,889.9333333333333,-3.0
2016-04-22,4,14:55:56,895.9333333333333,1.8666666666666667
2016-04-22,4,14:58:56,898.9333333333333,-0.43333333333333335
2016-04-22,4,15:05:56,905.9333333333333,-2.0
2016-04-22,4,15:11:56,911.9333333333333,7.05
2016-04-22,4,15:17:56,917.9333333333333,4.05
2016-04-22,4,15:24:56,924.9333333333333,2.95
2016-04-22,4,15:31:56,931.9333333333333,-0.8
2016-04-22,4,15:38:56,938.9333333333333,1.1833333333333333
2016-04-22,4,15:46:56,946.9333333333333,4.2
2016-04-22,4,15:54:56,954.9333333333333,0.23333333333333334
2016-04-22,4,16:01:56,961.9333333333333,2.7
2016-04-22,4,16:10:56,970.9333333333333,1.05
2016-04-22,4,16:17:56,977.9333333333333,-0.16666666666666666
2016-04-22,4,16:26:56,986.9333333333333,5.183333333333334
2016-04-22,4,16:34:56,994.9333333333333,0.95
2016-04-22,4,16:40:56,1000.9333333333333,1.15
2016-04-22,4,16:46:56,1006.9333333333333,0.5666666666666667
2016-04-22,4,16:51:56,1011.9333333333333,0.05
2016-04-22,4,16:56:56,1016.9333333333333,-1.95
2016-04-22,4,17:01:56,1021.9333333333333,0.5
2016-04-22,4,17:08:56,1028.9333333333334,7.9
2016-04-22,4,17:14:56,1034.9333333333334,-0.5833333333333334
2016-04-22,4,17:20:56,1040.9333333333334,7.133333333333334
2016-04-22,4,17:26:56,1046.9333333333334,1.5
2016-04-22,4,17:32:56,1052.9333333333334,5.5
2016-04-22,4,17:40:56,1060.9333333333334,7.25
2016-04-22,4,17:48:56,1068.9333333333334,3.066666666666667
2016-04-22,4,17:58:56,1078.9333333333334,-2.05
2016-04-22,4,18:05:56,1085.9333333333334,4.416666666666667
2016-04-22,4,18:13:57,1093.95,3.9166666666666665
2016-04-22,4,18:27:57,1107.95,-1.3833333333333333
2016-04-22,4,18:39:57,1119.95,-0.65
2016-04-22,4,18:49:57,1129.95,-0.95
2016-04-22,4,18:59:57,1139.95,-3.05
2016-04-22,4,19:09:57,1149.95,-1.6
2016-04-22,4,19:21:57,1161.95,-1.9333333333333333
2016-04-22,4,19:31:57,1171.95,-2.1166666666666667
2016-04-22,4,19:41:57,1181.95,-0.7166666666666667
2016-04-22,4,19:52:57,1192.95,-2.3
2016-04-22,4,20:01:57,1201.95,-0.6666666666666666
2016-04-22,4,20:16:57,1216.95,-0.9833333333333333
2016-04-22,4,20:31:57,1231.95,2.8833333333333333
2016-04-22,4,20:46:57,1246.95,-1.1166666666666667
2016-04-22,4,21:02:57,1262.95,-1.6833333333333333
2016-04-22,4,21:17:57,1277.95,-0.7166666666666667
2016-04-22,4,21:33:57,1293.95,-0.7333333333333333
2016-04-22,4,21:49:57,1309.95,1.1166666666666667
2016-04-22,4,22:03:57,1323.95,1.6166666666666667
2016-04-22,4,22:18:57,1338.95,-0.31666666666666665
2016-04-22,4,22:34:57,1354.95,-0.43333333333333335
2016-04-22,4,22:49:57,1369.95,-1.6166666666666667
2016-04-22,4,23:04:57,1384.95,0.4166666666666667
2016-04-22,4,23:19:57,1399.95,0.31666666666666665
2016-04-22,4,23:34:57,1414.95,-1.7333333333333334
2016-04-22,4,23:49:57,1429.95,-1.7833333333333334
2016-04-23,5,00:04:57,4.95,-0.5166666666666667
2016-04-23,5,00:34:57,34.95,0.03333333333333333
2016-04-23,5,01:11:57,71.95,-3.6666666666666665
2016-04-23,5,02:09:57,129.95,-0.38333333333333336
2016-04-23,5,05:34:57,334.95,0.0
2016-04-23,5,06:04:57,364.95,-2.05
2016-04-23,5,06:19:57,379.95,-1.2833333333333334
2016-04-23,5,06:34:57,394.95,-3.066666666666667
2016-04-23,5,06:49:57,409.95,-2.0166666666666666
2016-04-23,5,07:04:57,424.95,-0.8166666666666667
2016-04-23,5,07:19:57,439.95,-0.9166666666666666
2016-04-23,5,07:34:57,454.95,-0.2833333333333333
2016-04-23,5,07:49:57,469.95,-0.4166666666666667
2016-04-23,5,08:04:57,484.95,-3.35
2016-04-23,5,08:18:57,498.95,-1.4833333333333334
2016-04-23,5,08:30:57,510.95,-2.6
2016-04-23,5,08:42:57,522.95,-1.2666666666666666
2016-04-23,5,08:54:57,534.95,-1.2833333333333334
2016-04-23,5,09:06:57,546.95,5.05
2016-04-23,5,09:18:57,558.95,1.3833333333333333
2016-04-23,5,09:30:57,570.95,0.21666666666666667
2016-04-23,5,09:42:57,582.95,0.15
2016-04-23,5,09:54:57,594.95,-1.6333333333333333
2016-04-23,5,10:06:57,606.95,-2.55
2016-04-23,5,10:18:57,618.95,-1.2333333333333334
2016-04-23,5,10:30:57,630.95,-1.65
2016-04-23,5,10:41:57,641.95,1.1333333333333333
2016-04-23,5,10:54:57,654.95,-1.7
2016-04-23,5,11:06:57,666.95,-1.1
2016-04-23,5,11:18:57,678.95,-1.3666666666666667
2016-04-23,5,11:30:57,690.95,1.3666666666666667
2016-04-23,5,11:42:57,702.95,1.15
2016-04-23,5,11:54:57,714.95,-1.55
2016-04-23,5,12:06:57,726.95,-2.6333333333333333
2016-04-23,5,12:18:57,738.95,-1.2
2016-04-23,5,12:30:57,750.95,-3.8
2016-04-23,5,12:42:57,762.95,0.18333333333333332
2016-04-23,5,12:54:57,774.95,-1.6166666666666667
2016-04-23,5,13:06:57,786.95,1.1
2016-04-23,5,13:18:57,798.95,-2.8666666666666667
2016-04-23,5,13:30:57,810.95,-0.13333333333333333
2016-04-23,5,13:42:57,822.95,1.0166666666666666
2016-04-23,5,13:54:57,834.95,-0.5833333333333334
2016-04-23,5,14:06:57,846.95,-0.36666666666666664
2016-04-23,5,14:18:57,858.95,2.5833333333333335
2016-04-23,5,14:30:57,870.95,-2.566666666666667
2016-04-23,5,14:42:57,882.95,3.783333333333333
2016-04-23,5,14:54:57,894.95,-1.2166666666666666
2016-04-23,5,15:06:57,906.95,-0.16666666666666666
2016-04-23,5,15:18:57,918.95,-3.0
2016-04-23,5,15:30:57,930.95,1.1666666666666667
2016-04-23,5,15:42:57,942.95,-3.0166666666666666
2016-04-23,5,15:54:57,954.95,-0.18333333333333332
2016-04-23,5,16:06:57,966.95,-1.6666666666666667
2016-04-23,5,16:18:57,978.95,-0.16666666666666666
2016-04-23,5,16:30:57,990.95,-1.45
2016-04-23,5,16:42:57,1002.95,1.4833333333333334
2016-04-23,5,16:54:57,1014.95,-2.9833333333333334
2016-04-23,5,17:06:57,1026.95,-5.683333333333334
2016-04-23,5,17:18:57,1038.95,0.7
2016-04-23,5,17:30:57,1050.95,-0.13333333333333333
2016-04-23,5,17:42:57,1062.95,-1.25
2016-04-23,5,17:54:57,1074.95,1.4166666666666667
2016-04-23,5,18:06:57,1086.95,-2.45
2016-04-23,5,18:18:57,1098.95,0.2
2016-04-23,5,18:30:57,1110.95,-4.033333333333333
2016-04-23,5,18:38:57,1118.95,-1.1833333333333333
2016-04-23,5,18:49:57,1129.95,1.5666666666666667
2016-04-23,5,19:04:57,1144.95,-1.5166666666666666
2016-04-23,5,19:19:57,1159.95,0.4666666666666667
2016-04-23,5,19:34:57,1174.95,2.4
2016-04-23,5,19:49:57,1189.95,-0.21666666666666667
2016-04-23,5,20:04:57,1204.95,-1.0666666666666667
2016-04-23,5,20:19:57,1219.95,1.8
2016-04-23,5,20:34:57,1234.95,-1.05
2016-04-23,5,20:49:57,1249.95,-1.8833333333333333
2016-04-23,5,21:04:57,1264.95,-0.95
2016-04-23,5,21:19:57,1279.95,-1.0333333333333334
2016-04-23,5,21:34:57,1294.95,-0.15
2016-04-23,5,21:49:57,1309.95,0.6
2016-04-23,5,22:04:57,1324.95,0.7166666666666667
2016-04-23,5,22:19:57,1339.95,1.45
2016-04-23,5,22:34:57,1354.95,7.6
2016-04-23,5,22:49:57,1369.95,2.35
2016-04-23,5,23:04:57,1384.95,-2.3333333333333335
2016-04-23,5,23:19:57,1399.95,-1.9833333333333334
2016-04-23,5,23:34:57,1414.95,-0.2
2016-04-23,5,23:49:57,1429.95,2.033333333333333
2016-04-24,6,00:04:57,4.95,1.95
2016-04-24,6,00:34:57,34.95,3.566666666666667
2016-04-24,6,01:11:57,71.95,-4.116666666666666
2016-04-24,6,02:09:57,129.95,0.7333333333333333
2016-04-24,6,05:31:58,331.96666666666664,2.6333333333333333
2016-04-24,6,06:04:58,364.96666666666664,1.0166666666666666
2016-04-24,6,06:19:58,379.96666666666664,0.3
2016-04-24,6,06:34:58,394.96666666666664,0.8666666666666667
2016-04-24,6,06:49:58,409.96666666666664,-2.0833333333333335
2016-04-24,6,07:04:58,424.96666666666664,-1.9666666666666666
2016-04-24,6,07:19:58,439.96666666666664,1.3333333333333333
2016-04-24,6,07:34:58,454.96666666666664,0.8833333333333333
2016-04-24,6,07:49:58,469.96666666666664,0.6
2016-04-24,6,08:04:58,484.96666666666664,-0.9333333333333333
2016-04-24,6,08:19:57,499.95,-0.03333333333333333
2016-04-24,6,08:34:57,514.95,1.4666666666666666
2016-04-24,6,08:49:57,529.95,0.8666666666666667
2016-04-24,6,09:04:57,544.95,-2.3833333333333333
2016-04-24,6,09:19:57,559.95,-2.35
2016-04-24,6,09:34:57,574.95,-1.25
2016-04-24,6,09:49:57,589.95,-0.4166666666666667
2016-04-24,6,10:04:57,604.95,0.7333333333333333
2016-04-24,6,10:19:57,619.95,-1.25
2016-04-24,6,10:34:57,634.95,1.2666666666666666
2016-04-24,6,10:49:57,649.95,3.25
2016-04-24,6,11:04:57,664.95,-0.7
2016-04-24,6,11:19:57,679.95,-1.4
2016-04-24,6,11:34:57,694.95,2.3
2016-04-24,6,11:49:57,709.95,-1.7333333333333334
2016-04-24,6,12:04:57,724.95,0.38333333333333336
2016-04-24,6,12:19:57,739.95,-0.8166666666666667
2016-04-24,6,12:34:57,754.95,0.11666666666666667
2016-04-24,6,12:49:57,769.95,-2.8333333333333335
2016-04-24,6,13:04:57,784.95,-0.5833333333333334
2016-04-24,6,13:19:57,799.95,1.7166666666666666
2016-04-24,6,13:34:57,814.95,-2.6166666666666667
2016-04-24,6,13:49:57,829.95,0.6833333333333333
2016-04-24,6,14:04:57,844.95,-1.0833333333333333
2016-04-24,6,14:19:57,859.95,0.55
2016-04-24,6,14:34:57,874.95,-1.6166666666666667
2016-04-24,6,14:49:57,889.95,-0.36666666666666664
2016-04-24,6,15:04:57,904.95,0.6666666666666666
2016-04-24,6,15:19:57,919.95,-1.1666666666666667
2016-04-24,6,15:34:57,934.95,0.9666666666666667
2016-04-24,6,15:49:57,949.95,4.683333333333334
2016-04-24,6,16:04:57,964.95,-0.55
2016-04-24,6,16:19:57,979.95,0.03333333333333333
2016-04-24,6,16:34:57,994.95,-1.75
2016-04-24,6,16:49:57,1009.95,-0.38333333333333336
2016-04-24,6,17:04:57,1024.95,0.26666666666666666
2016-04-24,6,17:19:57,1039.95,1.9
2016-04-24,6,17:34:57,1054.95,-0.05
2016-04-24,6,17:49:57,1069.95,-1.9666666666666666
2016-04-24,6,18:04:57,1084.95,0.6166666666666667
2016-04-24,6,18:19:57,1099.95,1.3333333333333333
2016-04-24,6,18:34:57,1114.95,1.05
2016-04-24,6,18:49:57,1129.95,-0.25
2016-04-24,6,19:04:57,1144.95,3.4166666666666665
2016-04-24,6,19:19:57,1159.95,-2.3333333333333335
2016-04-24,6,19:34:57,1174.95,1.2666666666666666
2016-04-24,6,19:49:57,1189.95,2.1
2016-04-24,6,20:04:57,1204.95,-3.716666666666667
2016-04-24,6,20:19:57,1219.95,-2.3833333333333333
2016-04-24,6,20:34:57,1234.95,-0.26666666666666666
2016-04-24,6,20:49:57,1249.95,-1.9833333333333334
2016-04-24,6,21:04:57,1264.95,-1.0333333333333334
2016-04-24,6,21:19:57,1279.95,0.38333333333333336
2016-04-24,6,21:34:57,1294.95,-1.25
2016-04-24,6,21:49:57,1309.95,-0.38333333333333336
2016-04-24,6,22:04:57,1324.95,1.6
2016-04-24,6,22:19:57,1339.95,-3.4
2016-04-24,6,22:34:57,1354.95,0.18333333333333332
2016-04-24,6,22:49:57,1369.95,-0.6333333333333333
2016-04-24,6,23:04:57,1384.95,-0.9333333333333333
2016-04-24,6,23:19:57,1399.95,-4.033333333333333
2016-04-24,6,23:34:57,1414.95,2.5166666666666666
2016-04-24,6,23:49:57,1429.95,-0.36666666666666664
2016-04-25,0,00:04:57,4.95,-1.0333333333333334
2016-04-25,0,00:34:57,34.95,-3.8833333333333333
2016-04-25,0,01:11:57,71.95,-0.03333333333333333
2016-04-25,0,02:09:57,129.95,3.6666666666666665
2016-04-25,0,03:24:57,204.95,-0.6666666666666666
2016-04-25,0,05:32:57,332.95,-2.316666666666667
2016-04-25,0,05:47:57,347.95,1.3
2016-04-25,0,06:02:57,362.95,-1.2833333333333334
2016-04-25,0,06:15:57,375.95,0.5666666666666667
2016-04-25,0,06:25:57,385.95,0.35
2016-04-25,0,06:35:57,395.95,-1.2833333333333334
2016-04-25,0,06:45:57,405.95,-0.9333333333333333
2016-04-25,0,06:53:57,413.95,1.3
2016-04-25,0,07:01:57,421.95,0.3
2016-04-25,0,07:10:57,430.95,-0.6
2016-04-25,0,07:19:57,439.95,0.8166666666666667
2016-04-25,0,07:28:57,448.95,0.8166666666666667
2016-04-25,0,07:35:57,455.95,-0.5166666666666667
2016-04-25,0,07:42:57,462.95,0.016666666666666666
2016-04-25,0,07:50:57,470.95,0.0
2016-04-25,0,07:58:57,478.95,1.45
2016-04-25,0,08:07:57,487.95,2.066666666666667
2016-04-25,0,08:14:57,494.95,1.2166666666666666
2016-04-25,0,08:23:57,503.95,3.066666666666667
2016-04-25,0,08:31:57,511.95,3.7666666666666666
2016-04-25,0,08:40:57,520.95,1.85
2016-04-25,0,08:48:57,528.95,-1.0333333333333334
2016-04-25,0,08:56:57,536.95,9.883333333333333
2016-04-25,0,09:04:57,544.95,-0.7666666666666667
2016-04-25,0,09:12:57,552.95,1.4333333333333333
2016-04-25,0,09:20:57,560.95,-1.45
2016-04-25,0,09:28:57,568.95,1.8333333333333333
2016-04-25,0,09:35:57,575.95,3.8
2016-04-25,0,09:44:57,584.95,0.85
2016-04-25,0,09:53:57,593.95,-0.15
2016-04-25,0,10:03:57,603.95,2.6333333333333333
2016-04-25,0,10:15:57,615.95,1.6833333333333333
2016-04-25,0,10:27:57,627.95,-0.8833333333333333
2016-04-25,0,10:40:57,640.95,-0.23333333333333334
2016-04-25,0,10:52:57,652.95,0.25
2016-04-25,0,11:04:57,664.95,-2.2
2016-04-25,0,11:16:57,676.95,0.43333333333333335
2016-04-25,0,11:28:57,688.95,0.38333333333333336
2016-04-25,0,11:40:57,700.95,-1.9
2016-04-25,0,11:51:57,711.95,-0.9166666666666666
2016-04-25,0,12:03:57,723.95,-1.1833333333333333
2016-04-25,0,12:15:57,735.95,0.18333333333333332
2016-04-25,0,12:28:57,748.95,-0.6
2016-04-25,0,12:40:57,760.95,0.35
2016-04-25,0,12:52:57,772.95,-0.85
2016-04-25,0,13:04:57,784.95,-0.8666666666666667
2016-04-25,0,13:16:57,796.95,-1.8166666666666667
2016-04-25,0,13:28:57,808.95,-3.7333333333333334
2016-04-25,0,13:40:56,820.9333333333333,-1.9666666666666666
2016-04-25,0,13:52:56,832.9333333333333,0.3
2016-04-25,0,14:04:56,844.9333333333333,-0.7666666666666667
2016-04-25,0,14:16:56,856.9333333333333,-1.9166666666666667
2016-04-25,0,14:26:56,866.9333333333333,-1.6166666666666667
2016-04-25,0,14:38:56,878.9333333333333,-4.55
2016-04-25,0,14:49:56,889.9333333333333,-1.6333333333333333
2016-04-25,0,14:55:56,895.9333333333333,-2.466666666666667
2016-04-25,0,14:58:56,898.9333333333333,5.0
2016-04-25,0,15:05:56,905.9333333333333,-0.5833333333333334
2016-04-25,0,15:11:56,911.9333333333333,-0.2833333333333333
2016-04-25,0,15:17:56,917.9333333333333,-2.033333333333333
2016-04-25,0,15:24:56,924.9333333333333,-0.13333333333333333
2016-04-25,0,15:31:56,931.9333333333333,-1.1166666666666667
2016-04-25,0,15:38:56,938.9333333333333,-0.11666666666666667
2016-04-25,0,15:46:56,946.9333333333333,-0.9333333333333333
2016-04-25,0,15:54:56,954.9333333333333,4.516666666666667
2016-04-25,0,16:01:56,961.9333333333333,-0.31666666666666665
2016-04-25,0,16:10:56,970.9333333333333,-1.0666666666666667
2016-04-25,0,16:17:56,977.9333333333333,-0.5333333333333333
2016-04-25,0,16:26:56,986.9333333333333,-2.966666666666667
2016-04-25,0,16:34:56,994.9333333333333,0.38333333333333336
2016-04-25,0,16:40:56,1000.9333333333333,-0.8833333333333333
2016-04-25,0,16:46:56,1006.9333333333333,-1.0666666666666667
2016-04-25,0,16:51:56,1011.9333333333333,-2.65
2016-04-25,0,16:56:56,1016.9333333333333,11.683333333333334
2016-04-25,0,17:01:56,1021.9333333333333,-1.1333333333333333
2016-04-25,0,17:08:56,1028.9333333333334,-1.2166666666666666
2016-04-25,0,17:14:56,1034.9333333333334,0.9666666666666667
2016-04-25,0,17:20:56,1040.9333333333334,2.5833333333333335
2016-04-25,0,17:26:56,1046.9333333333334,-0.6
2016-04-25,0,17:32:56,1052.9333333333334,1.2
2016-04-25,0,17:40:56,1060.9333333333334,-2.533333333333333
2016-04-25,0,17:48:56,1068.9333333333334,-1.0833333333333333
2016-04-25,0,17:58:56,1078.9333333333334,-1.1166666666666667
2016-04-25,0,18:05:56,1085.9333333333334,-0.5166666666666667
2016-04-25,0,18:13:57,1093.95,-0.4166666666666667
2016-04-25,0,18:27:57,1107.95,0.016666666666666666
2016-04-25,0,18:39:57,1119.95,0.3333333333333333
2016-04-25,0,18:49:57,1129.95,0.5833333333333334
2016-04-25,0,18:59:57,1139.95,-0.5
2016-04-25,0,19:09:57,1149.95,-0.75
2016-04-25,0,19:21:57,1161.95,-0.7
2016-04-25,0,19:31:57,1171.95,0.03333333333333333
2016-04-25,0,19:41:57,1181.95,-0.7
2016-04-25,0,19:52:57,1192.95,-2.0
2016-04-25,0,20:01:57,1201.95,-3.0166666666666666
2016-04-25,0,20:16:57,1216.95,0.25
2016-04-25,0,20:31:57,1231.95,0.23333333333333334
2016-04-25,0,20:46:57,1246.95,0.1
2016-04-25,0,21:02:57,1262.95,-1.35
2016-04-25,0,21:17:57,1277.95,-1.6
2016-04-25,0,21:33:57,1293.95,-0.6333333333333333
2016-04-25,0,21:49:57,1309.95,-0.6333333333333333
2016-04-25,0,22:03:57,1323.95,1.4833333333333334
2016-04-25,0,22:18:57,1338.95,-2.6666666666666665
2016-04-25,0,22:34:57,1354.95,1.4
2016-04-25,0,22:49:57,1369.95,-0.45
2016-04-25,0,23:04:57,1384.95,-0.6166666666666667
2016-04-25,0,23:19:57,1399.95,-0.9666666666666667
2016-04-25,0,23:34:57,1414.95,-1.6166666666666667
2016-04-25,0,23:49:57,1429.95,-0.6666666666666666
2016-04-26,1,00:04:57,4.95,-3.7666666666666666
2016-04-26,1,00:34:57,34.95,-2.6
2016-04-26,1,01:11:57,71.95,-3.8833333333333333
2016-04-26,1,02:09:57,129.95,0.36666666666666664
2016-04-26,1,05:32:57,332.95,1.6833333333333333
2016-04-26,1,05:47:57,347.95,-0.8666666666666667
2016-04-26,1,06:02:57,362.95,-0.35
2016-04-26,1,06:15:57,375.95,-0.9
2016-04-26,1,06:25:57,385.95,1.7666666666666666
2016-04-26,1,06:35:57,395.95,-0.16666666666666666
2016-04-26,1,06:45:57,405.95,-0.3333333333333333
2016-04-26,1,06:53:57,413.95,1.3
2016-04-26,1,07:01:57,421.95,-0.55
2016-04-26,1,07:10:57,430.95,-0.7666666666666667
2016-04-26,1,07:19:57,439.95,-0.7
2016-04-26,1,07:28:57,448.95,0.8
2016-04-26,1,07:35:57,455.95,0.3
2016-04-26,1,07:42:57,462.95,-1.1666666666666667
2016-04-26,1,07:50:57,470.95,-0.23333333333333334
2016-04-26,1,07:58:57,478.95,1.15
2016-04-26,1,08:07:57,487.95,0.6166666666666667
2016-04-26,1,08:14:57,494.95,4.366666666666666
2016-04-26,1,08:23:57,503.95,0.2833333333333333
2016-04-26,1,08:31:57,511.95,0.5333333333333333
2016-04-26,1,08:40:57,520.95,3.3
2016-04-26,1,08:48:57,528.95,2.0833333333333335
2016-04-26,1,08:56:57,536.95,3.783333333333333
2016-04-26,1,09:04:57,544.95,-0.5166666666666667
2016-04-26,1,09:12:57,552.95,1.6833333333333333
2016-04-26,1,09:20:57,560.95,-1.5
2016-04-26,1,09:28:57,568.95,-0.5833333333333334
2016-04-26,1,09:35:57,575.95,-0.15
2016-04-26,1,09:44:57,584.95,-0.15
2016-04-26,1,09:53:57,593.95,-0.11666666666666667
2016-04-26,1,10:03:57,603.95,-1.0333333333333334
2016-04-26,1,10:15:57,615.95,2.7333333333333334
2016-04-26,1,10:27:57,627.95,0.11666666666666667
2016-04-26,1,10:40:57,640.95,-1.0
2016-04-26,1,10:52:57,652.95,2.9
2016-04-26,1,11:04:57,664.95,0.6166666666666667
2016-04-26,1,11:16:57,676.95,-1.8833333333333333
2016-04-26,1,11:28:57,688.95,0.6166666666666667
2016-04-26,1,11:40:57,700.95,-0.6166666666666667
2016-04-26,1,11:51:57,711.95,-0.016666666666666666
2016-04-26,1,12:03:57,723.95,2.6
2016-04-26,1,12:15:57,735.95,-0.016666666666666666
2016-04-26,1,12:28:57,748.95,0.36666666666666664
2016-04-26,1,12:40:57,760.95,-1.8666666666666667
2016-04-26,1,12:52:57,772.95,-0.9666666666666667
2016-04-26,1,13:04:57,784.95,-1.85
2016-04-26,1,13:16:57,796.95,0.2
2016-04-26,1,13:28:57,808.95,-2.316666666666667
2016-04-26,1,13:40:56,820.9333333333333,-3.066666666666667
2016-04-26,1,13:52:56,832.9333333333333,0.23333333333333334
2016-04-26,1,14:04:56,844.9333333333333,-1.8166666666666667
2016-04-26,1,14:16:56,856.9333333333333,0.2833333333333333
2016-04-26,1,14:26:56,866.9333333333333,-1.6833333333333333
2016-04-26,1,14:38:56,878.9333333333333,1.0166666666666666
2016-04-26,1,14:49:56,889.9333333333333,-1.6666666666666667
2016-04-26,1,14:55:56,895.9333333333333,1.95
2016-04-26,1,14:58:56,898.9333333333333,-0.5166666666666667
2016-04-26,1,15:05:56,905.9333333333333,-0.5166666666666667
2016-04-26,1,15:11:56,911.9333333333333,-1.9833333333333334
2016-04-26,1,15:17:56,917.9333333333333,-3.3666666666666667
2016-04-26,1,15:24:56,924.9333333333333,1.4666666666666666
2016-04-26,1,15:31:56,931.9333333333333,-1.0
2016-04-26,1,15:38:56,938.9333333333333,-1.55
2016-04-26,1,15:46:56,946.9333333333333,1.9666666666666666
2016-04-26,1,15:54:56,954.9333333333333,1.05
2016-04-26,1,16:01:56,961.9333333333333,-0.5666666666666667
2016-04-26,1,16:10:56,970.9333333333333,2.783333333333333
2016-04-26,1,16:17:56,977.9333333333333,-1.8833333333333333
2016-04-26,1,16:26:56,986.9333333333333,2.466666666666667
2016-04-26,1,16:34:56,994.9333333333333,0.45
2016-04-26,1,16:40:56,1000.9333333333333,-0.4666666666666667
2016-04-26,1,16:46:56,1006.9333333333333,-1.0833333333333333
2016-04-26,1,16:51:56,1011.9333333333333,-1.3833333333333333
2016-04-26,1,16:56:56,1016.9333333333333,3.033333333333333
2016-04-26,1,17:01:56,1021.9333333333333,0.45
2016-04-26,1,17:08:56,1028.9333333333334,-1.2166666666666666
2016-04-26,1,17:14:56,1034.9333333333334,-0.31666666666666665
2016-04-26,1,17:20:56,1040.9333333333334,-0.4166666666666667
2016-04-26,1,17:26:56,1046.9333333333334,0.9
2016-04-26,1,17:32:56,1052.9333333333334,-0.5666666666666667
2016-04-26,1,17:40:56,1060.9333333333334,5.05
2016-04-26,1,17:48:56,1068.9333333333334,-1.5166666666666666
2016-04-26,1,17:58:56,1078.9333333333334,-1.0833333333333333
2016-04-26,1,18:05:56,1085.9333333333334,-0.6333333333333333
2016-04-26,1,18:27:57,1107.95,-0.13333333333333333
2016-04-26,1,18:39:57,1119.95,1.5333333333333334
2016-04-26,1,18:49:57,1129.95,-1.0333333333333334
2016-04-26,1,18:59:57,1139.95,2.95
2016-04-26,1,19:09:57,1149.95,-0.2833333333333333
2016-04-26,1,19:21:57,1161.95,-0.7
2016-04-26,1,19:31:57,1171.95,-1.2333333333333334
2016-04-26,1,19:41:57,1181.95,-1.4
2016-04-26,1,19:52:57,1192.95,-1.95
2016-04-26,1,20:01:57,1201.95,1.1166666666666667
2016-04-26,1,20:16:57,1216.95,0.3333333333333333
2016-04-26,1,20:31:57,1231.95,1.3166666666666667
2016-04-26,1,20:46:57,1246.95,1.5666666666666667
2016-04-26,1,21:02:57,1262.95,-0.35
2016-04-26,1,21:17:57,1277.95,-0.5
2016-04-26,1,21:33:57,1293.95,1.9833333333333334
2016-04-26,1,21:49:57,1309.95,-0.75
2016-04-26,1,22:03:57,1323.95,0.05
2016-04-26,1,22:18:57,1338.95,-3.033333333333333
2016-04-26,1,22:34:57,1354.95,-1.2333333333333334
2016-04-26,1,22:49:57,1369.95,-0.3333333333333333
2016-04-26,1,23:04:57,1384.95,-0.9833333333333333
2016-04-26,1,23:19:57,1399.95,0.0
2016-04-26,1,23:34:57,1414.95,-1.65
2016-04-26,1,23:49:57,1429.95,-0.6833333333333333
2016-04-27,2,00:04:57,4.95,-3.6666666666666665
2016-04-27,2,00:34:57,34.95,-1.7
2016-04-27,2,02:09:57,129.95,-0.5333333333333333
2016-04-27,2,03:24:57,204.95,-3.033333333333333
2016-04-27,2,05:32:57,332.95,-1.7833333333333334
2016-04-27,2,05:47:57,347.95,-0.9166666666666666
2016-04-27,2,06:02:57,362.95,-1.3333333333333333
2016-04-27,2,06:15:57,375.95,-1.0333333333333334
2016-04-27,2,06:25:57,385.95,-1.25
2016-04-27,2,06:35:57,395.95,-2.1166666666666667
2016-04-27,2,06:45:57,405.95,-1.0666666666666667
2016-04-27,2,06:53:57,413.95,-0.13333333333333333
2016-04-27,2,07:01:57,421.95,-0.65
2016-04-27,2,07:10:57,430.95,1.7833333333333334
2016-04-27,2,07:19:57,439.95,2.316666666666667
2016-04-27,2,07:28:57,448.95,1.0833333333333333
2016-04-27,2,07:35:57,455.95,0.16666666666666666
2016-04-27,2,07:42:57,462.95,0.45
2016-04-27,2,07:50:57,470.95,-1.6833333333333333
2016-04-27,2,07:58:57,478.95,-2.1166666666666667
2016-04-27,2,08:07:57,487.95,1.1166666666666667
2016-04-27,2,08:14:57,494.95,-0.6666666666666666
2016-04-27,2,08:23:57,503.95,-0.5666666666666667
2016-04-27,2,08:31:57,511.95,-0.5833333333333334
2016-04-27,2,08:40:57,520.95,-2.3333333333333335
2016-04-27,2,08:48:57,528.95,-0.8333333333333334
2016-04-27,2,08:56:57,536.95,4.466666666666667
2016-04-27,2,09:04:57,544.95,1.2833333333333334
2016-04-27,2,09:12:57,552.95,3.3333333333333335
2016-04-27,2,09:20:57,560.95,-3.15
2016-04-27,2,09:28:57,568.95,0.31666666666666665
2016-04-27,2,09:35:57,575.95,2.8333333333333335
2016-04-27,2,09:44:57,584.95,2.3333333333333335
2016-04-27,2,09:53:57,593.95,1.2666666666666666
2016-04-27,2,10:03:57,603.95,-0.9166666666666666
2016-04-27,2,10:15:57,615.95,0.4666666666666667
2016-04-27,2,10:27:57,627.95,-0.08333333333333333
2016-04-27,2,10:40:57,640.95,-0.6166666666666667
2016-04-27,2,10:52:57,652.95,-4.783333333333333
2016-04-27,2,11:04:57,664.95,-1.0666666666666667
2016-04-27,2,11:16:57,676.95,-2.1333333333333333
2016-04-27,2,11:28:57,688.95,4.6
2016-04-27,2,11:40:57,700.95,1.0666666666666667
2016-04-27,2,11:51:57,711.95,1.4166666666666667
2016-04-27,2,12:03:57,723.95,-1.2
2016-04-27,2,12:15:57,735.95,-0.9833333333333333
2016-04-27,2,12:28:57,748.95,0.25
2016-04-27,2,12:40:57,760.95,-1.8833333333333333
2016-04-27,2,12:52:57,772.95,-0.5666666666666667
2016-04-27,2,13:04:57,784.95,-0.95
2016-04-27,2,13:16:57,796.95,0.6833333333333333
2016-04-27,2,13:28:57,808.95,-4.633333333333334
2016-04-27,2,13:40:56,820.9333333333333,-2.316666666666667
2016-04-27,2,13:52:56,832.9333333333333,-1.85
2016-04-27,2,14:04:56,844.9333333333333,-1.95
2016-04-27,2,14:16:56,856.9333333333333,-3.433333333333333
2016-04-27,2,14:26:56,866.9333333333333,-1.25
2016-04-27,2,14:38:56,878.9333333333333,0.016666666666666666
2016-04-27,2,14:55:56,895.9333333333333,-1.0333333333333334
2016-04-27,2,14:58:56,898.9333333333333,-0.7833333333333333
2016-04-27,2,15:05:56,905.9333333333333,-2.066666666666667
2016-04-27,2,15:11:56,911.9333333333333,-3.466666666666667
2016-04-27,2,15:17:56,917.9333333333333,-4.6
2016-04-27,2,15:24:56,924.9333333333333,-1.4333333333333333
2016-04-27,2,15:31:56,931.9333333333333,-2.4833333333333334
2016-04-27,2,15:38:56,938.9333333333333,-1.05
2016-04-27,2,15:46:56,946.9333333333333,-1.0833333333333333
2016-04-27,2,15:54:56,954.9333333333333,-0.6666666666666666
2016-04-27,2,16:01:56,961.9333333333333,-1.0666666666666667
2016-04-27,2,16:10:56,970.9333333333333,3.35
2016-04-27,2,16:17:56,977.9333333333333,-0.48333333333333334
2016-04-27,2,16:26:56,986.9333333333333,-0.5833333333333334
2016-04-27,2,16:34:56,994.9333333333333,-0.6166666666666667
2016-04-27,2,16:40:56,1000.9333333333333,-1.7166666666666666
2016-04-27,2,16:46:56,1006.9333333333333,-0.26666666666666666
2016-04-27,2,16:51:56,1011.9333333333333,0.4
2016-04-27,2,17:01:56,1021.9333333333333,-0.9166666666666666
2016-04-27,2,17:08:56,1028.9333333333334,-1.4333333333333333
2016-04-27,2,17:14:56,1034.9333333333334,-1.2666666666666666
2016-04-27,2,17:20:56,1040.9333333333334,0.11666666666666667
2016-04-27,2,17:26:56,1046.9333333333334,0.21666666666666667
2016-04-27,2,17:32:56,1052.9333333333334,-2.066666666666667
2016-04-27,2,17:40:56,1060.9333333333334,2.3666666666666667
2016-04-27,2,17:48:56,1068.9333333333334,-2.4166666666666665
2016-04-27,2,17:58:56,1078.9333333333334,-2.0166666666666666
2016-04-27,2,18:05:56,1085.9333333333334,0.9833333333333333
2016-04-27,2,18:13:57,1093.95,-1.9333333333333333
2016-04-27,2,18:27:57,1107.95,0.06666666666666667
2016-04-27,2,18:39:57,1119.95,-1.15
2016-04-27,2,18:49:57,1129.95,4.05
2016-04-27,2,18:59:57,1139.95,-1.35
2016-04-27,2,19:09:57,1149.95,-0.31666666666666665
2016-04-27,2,19:21:57,1161.95,-0.7166666666666667
2016-04-27,2,19:31:57,1171.95,-1.2666666666666666
2016-04-27,2,19:41:57,1181.95,-0.6166666666666667
2016-04-27,2,19:52:57,1192.95,-3.6666666666666665
2016-04-27,2,20:01:57,1201.95,-1.6666666666666667
2016-04-27,2,20:16:57,1216.95,-1.9166666666666667
2016-04-27,2,20:31:57,1231.95,-1.3166666666666667
2016-04-27,2,20:46:57,1246.95,-3.0
2016-04-27,2,21:02:57,1262.95,-0.36666666666666664
2016-04-27,2,21:17:57,1277.95,1.45
2016-04-27,2,21:33:57,1293.95,7.283333333333333
2016-04-27,2,21:49:57,1309.95,-0.7666666666666667
2016-04-27,2,22:03:57,1323.95,2.683333333333333
2016-04-27,2,22:18:57,1338.95,-0.4166666666666667
2016-04-27,2,22:34:57,1354.95,-0.31666666666666665
2016-04-27,2,22:49:57,1369.95,-1.4666666666666666
2016-04-27,2,23:04:57,1384.95,-2.3333333333333335
2016-04-27,2,23:19:57,1399.95,-2.3666666666666667
2016-04-27,2,23:34:57,1414.95,-1.2
2016-04-27,2,23:49:57,1429.95,-4.683333333333334
2016-04-28,3,00:04:57,4.95,-2.216666666666667
2016-04-28,3,00:34:57,34.95,-2.566666666666667
2016-04-28,3,01:11:57,71.95,-0.9166666666666666
2016-04-28,3,02:09:57,129.95,-0.35
2016-04-28,3,05:32:57,332.95,-1.8333333333333333
2016-04-28,3,05:47:57,347.95,-0.03333333333333333
2016-04-28,3,06:02:57,362.95,-0.8
2016-04-28,3,06:15:57,375.95,-1.1666666666666667
2016-04-28,3,06:25:57,385.95,0.4
2016-04-28,3,06:35:57,395.95,-0.2
2016-04-28,3,06:45:57,405.95,-1.1333333333333333
2016-04-28,3,06:53:57,413.95,-0.2
2016-04-28,3,07:01:57,421.95,-0.6
2016-04-28,3,07:10:57,430.95,-1.0166666666666666
2016-04-28,3,07:19:57,439.95,-1.0666666666666667
2016-04-28,3,07:28:57,448.95,-0.35
2016-04-28,3,07:35:57,455.95,-0.4
2016-04-28,3,07:42:57,462.95,0.11666666666666667
2016-04-28,3,07:50:57,470.95,-0.05
2016-04-28,3,07:58:57,478.95,-0.36666666666666664
2016-04-28,3,08:07:57,487.95,-1.7666666666666666
2016-04-28,3,08:14:57,494.95,-0.15
2016-04-28,3,08:23:57,503.95,-1.6833333333333333
2016-04-28,3,08:31:57,511.95,2.2
2016-04-28,3,08:40:57,520.95,2.05
2016-04-28,3,08:48:57,528.95,3.283333333333333
2016-04-28,3,08:56:57,536.95,4.016666666666667
2016-04-28,3,09:04:57,544.95,2.25
2016-04-28,3,09:12:57,552.95,2.1666666666666665
2016-04-28,3,09:20:57,560.95,-0.18333333333333332
2016-04-28,3,09:28:57,568.95,3.3666666666666667
2016-04-28,3,09:35:57,575.95,-1.6833333333333333
2016-04-28,3,09:44:57,584.95,0.9333333333333333
2016-04-28,3,09:53:57,593.95,-1.5833333333333333
2016-04-28,3,10:03:57,603.95,0.2833333333333333
2016-04-28,3,10:15:57,615.95,6.983333333333333
2016-04-28,3,10:27:57,627.95,2.783333333333333
2016-04-28,3,10:40:57,640.95,-1.95
2016-04-28,3,10:52:57,652.95,-1.05
2016-04-28,3,11:04:57,664.95,-1.8333333333333333
2016-04-28,3,11:16:57,676.95,-0.7166666666666667
2016-04-28,3,11:28:57,688.95,0.7666666666666667
2016-04-28,3,11:40:57,700.95,-1.0
2016-04-28,3,11:51:57,711.95,0.3
2016-04-28,3,12:03:57,723.95,0.4166666666666667
2016-04-28,3,12:15:57,735.95,0.06666666666666667
2016-04-28,3,12:28:57,748.95,-0.5166666666666667
2016-04-28,3,12:40:57,760.95,0.5
2016-04-28,3,12:52:57,772.95,0.7
2016-04-28,3,13:04:57,784.95,0.7333333333333333
2016-04-28,3,13:16:57,796.95,-2.0
2016-04-28,3,13:28:57,808.95,0.4
2016-04-28,3,13:40:56,820.9333333333333,-1.8333333333333333
2016-04-28,3,13:52:56,832.9333333333333,0.48333333333333334
2016-04-28,3,14:04:56,844.9333333333333,-1.5
2016-04-28,3,14:16:56,856.9333333333333,-3.5
2016-04-28,3,14:26:56,866.9333333333333,-1.4166666666666667
2016-04-28,3,14:38:56,878.9333333333333,-0.4
2016-04-28,3,14:49:56,889.9333333333333,-1.65
2016-04-28,3,14:55:56,895.9333333333333,-3.35
2016-04-28,3,14:58:56,898.9333333333333,2.15
2016-04-28,3,15:05:56,905.9333333333333,-1.6166666666666667
2016-04-28,3,15:11:56,911.9333333333333,-1.6166666666666667
2016-04-28,3,15:17:56,917.9333333333333,-3.3666666666666667
2016-04-28,3,15:24:56,924.9333333333333,-0.06666666666666667
2016-04-28,3,15:31:56,931.9333333333333,-1.9666666666666666
2016-04-28,3,15:38:56,938.9333333333333,-0.38333333333333336
2016-04-28,3,15:46:56,946.9333333333333,-2.35
2016-04-28,3,15:54:56,954.9333333333333,1.5166666666666666
2016-04-28,3,16:01:56,961.9333333333333,0.5333333333333333
2016-04-28,3,16:10:56,970.9333333333333,-1.95
2016-04-28,3,16:17:56,977.9333333333333,1.4
2016-04-28,3,16:26:56,986.9333333333333,-2.05
2016-04-28,3,16:34:56,994.9333333333333,0.5
2016-04-28,3,16:40:56,1000.9333333333333,-1.4666666666666666
2016-04-28,3,16:46:56,1006.9333333333333,0.5166666666666667
2016-04-28,3,16:51:56,1011.9333333333333,-1.55
2016-04-28,3,16:56:56,1016.9333333333333,-0.3
2016-04-28,3,17:01:56,1021.9333333333333,-1.75
2016-04-28,3,17:08:56,1028.9333333333334,-0.2833333333333333
2016-04-28,3,17:14:56,1034.9333333333334,-0.21666666666666667
2016-04-28,3,17:20:56,1040.9333333333334,7.033333333333333
2016-04-28,3,17:26:56,1046.9333333333334,6.916666666666667
2016-04-28,3,17:32:56,1052.9333333333334,2.5166666666666666
2016-04-28,3,17:48:56,1068.9333333333334,6.516666666666667
2016-04-28,3,17:58:56,1078.9333333333334,-1.0666666666666667
2016-04-28,3,18:05:56,1085.9333333333334,4.816666666666666
2016-04-28,3,18:13:57,1093.95,-1.0833333333333333
2016-04-28,3,18:27:57,1107.95,-0.06666666666666667
2016-04-28,3,18:39:57,1119.95,1.5166666666666666
2016-04-28,3,18:49:57,1129.95,0.4166666666666667
2016-04-28,3,18:59:57,1139.95,5.7
2016-04-28,3,19:09:57,1149.95,-0.36666666666666664
2016-04-28,3,19:21:57,1161.95,-1.65
2016-04-28,3,19:31:57,1171.95,-1.3666666666666667
2016-04-28,3,19:41:57,1181.95,-0.6333333333333333
2016-04-28,3,19:52:57,1192.95,-2.0
2016-04-28,3,20:01:57,1201.95,-2.1
2016-04-28,3,20:16:57,1216.95,-0.9666666666666667
2016-04-28,3,20:31:57,1231.95,-0.43333333333333335
2016-04-28,3,20:46:57,1246.95,-1.65
2016-04-28,3,21:02:57,1262.95,0.95
2016-04-28,3,21:17:57,1277.95,-3.35
2016-04-28,3,21:33:57,1293.95,0.6166666666666667
2016-04-28,3,21:49:57,1309.95,-1.5666666666666667
2016-04-28,3,22:03:57,1323.95,0.25
2016-04-28,3,22:18:57,1338.95,-1.6333333333333333
2016-04-28,3,22:34:57,1354.95,-1.2166666666666666
2016-04-28,3,22:49:57,1369.95,-3.2
2016-04-28,3,23:04:57,1384.95,-0.7166666666666667
2016-04-28,3,23:19:57,1399.95,1.4
2016-04-28,3,23:34:57,1414.95,1.35
2016-04-28,3,23:49:57,1429.95,-0.7166666666666667
2016-04-29,4,00:04:57,4.95,-1.9833333333333334
2016-04-29,4,00:34:57,34.95,0.65
2016-04-29,4,01:11:57,71.95,0.4
2016-04-29,4,02:09:57,129.95,-0.3333333333333333
2016-04-29,4,05:32:57,332.95,-2.3833333333333333
2016-04-29,4,05:47:57,347.95,-1.3833333333333333
2016-04-29,4,06:02:57,362.95,-1.4
2016-04-29,4,06:15:57,375.95,-2.55
2016-04-29,4,06:25:57,385.95,-4.1
2016-04-29,4,06:35:57,395.95,1.1166666666666667
2016-04-29,4,06:45:57,405.95,-1.3
2016-04-29,4,06:53:57,413.95,2.35
2016-04-29,4,07:01:57,421.95,-2.2
2016-04-29,4,07:10:57,430.95,1.25
2016-04-29,4,07:19:57,439.95,-2.95
2016-04-29,4,07:28:57,448.95,-0.5166666666666667
2016-04-29,4,07:35:57,455.95,-0.5166666666666667
2016-04-29,4,07:42:57,462.95,1.7166666666666666
2016-04-29,4,07:50:57,470.95,-0.9
2016-04-29,4,07:58:57,478.95,11.983333333333333
2016-04-29,4,08:07:57,487.95,0.6333333333333333
2016-04-29,4,08:23:57,503.95,-0.2833333333333333
2016-04-29,4,08:31:57,511.95,7.816666666666666
2016-04-29,4,08:48:57,528.95,4.483333333333333
2016-04-29,4,08:56:57,536.95,38.11666666666667
2016-04-29,4,09:04:57,544.95,0.55
2016-04-29,4,09:20:57,560.95,23.783333333333335
2016-04-29,4,09:28:57,568.95,3.1666666666666665
2016-04-29,4,09:35:57,575.95,29.333333333333332
2016-04-29,4,09:44:57,584.95,27.116666666666667
2016-04-29,4,09:53:57,593.95,6.616666666666666
2016-04-29,4,10:03:57,603.95,34.61666666666667
2016-04-29,4,10:15:57,615.95,7.083333333333333
2016-04-29,4,10:27:57,627.95,25.1
2016-04-29,4,10:40:57,640.95,-1.75
2016-04-29,4,10:52:57,652.95,3.6
2016-04-29,4,11:04:57,664.95,0.23333333333333334
2016-04-29,4,11:16:57,676.95,0.06666666666666667
2016-04-29,4,11:40:57,700.95,0.8833333333333333
2016-04-29,4,11:51:57,711.95,38.15
2016-04-29,4,12:03:57,723.95,8.833333333333334
2016-04-29,4,12:15:57,735.95,8.0
2016-04-29,4,12:28:57,748.95,41.55
2016-04-29,4,12:40:57,760.95,2.716666666666667
2016-04-29,4,12:52:57,772.95,3.85
2016-04-29,4,13:04:57,784.95,6.533333333333333
2016-04-29,4,13:16:57,796.95,1.3333333333333333
2016-04-29,4,13:28:57,808.95,-0.5166666666666667
2016-04-29,4,13:40:56,820.9333333333333,4.116666666666666
2016-04-29,4,13:52:56,832.9333333333333,0.5166666666666667
2016-04-29,4,14:04:56,844.9333333333333,-0.5833333333333334
2016-04-29,4,14:26:56,866.9333333333333,1.6833333333333333
2016-04-29,4,14:38:56,878.9333333333333,-0.03333333333333333
2016-04-29,4,14:49:56,889.9333333333333,15.933333333333334
2016-04-29,4,14:55:56,895.9333333333333,-0.7166666666666667
2016-04-29,4,14:58:56,898.9333333333333,0.6333333333333333
2016-04-29,4,15:05:56,905.9333333333333,0.38333333333333336
2016-04-29,4,15:11:56,911.9333333333333,-1.8833333333333333
2016-04-29,4,15:17:56,917.9333333333333,3.35
2016-04-29,4,15:24:56,924.9333333333333,-2.25
2016-04-29,4,15:31:56,931.9333333333333,1.0833333333333333
2016-04-29,4,15:38:56,938.9333333333333,2.683333333333333
2016-04-29,4,15:46:56,946.9333333333333,-0.5833333333333334
2016-04-29,4,15:54:56,954.9333333333333,0.16666666666666666
2016-04-29,4,16:01:56,961.9333333333333,35.03333333333333
2016-04-29,4,16:10:56,970.9333333333333,0.8333333333333334
2016-04-29,4,16:17:56,977.9333333333333,10.933333333333334
2016-04-29,4,16:26:56,986.9333333333333,32.833333333333336
2016-04-29,4,16:34:56,994.9333333333333,3.55
2016-04-29,4,16:40:56,1000.9333333333333,33.833333333333336
2016-04-29,4,16:46:56,1006.9333333333333,6.65
2016-04-29,4,16:51:56,1011.9333333333333,16.583333333333332
2016-04-29,4,16:56:56,1016.9333333333333,33.86666666666667
2016-04-29,4,17:01:56,1021.9333333333333,36.38333333333333
2016-04-29,4,17:14:56,1034.9333333333334,38.35
2016-04-29,4,17:20:56,1040.9333333333334,31.083333333333332
2016-04-29,4,17:26:56,1046.9333333333334,28.55
2016-04-29,4,17:32:56,1052.9333333333334,26.616666666666667
2016-04-29,4,17:40:56,1060.9333333333334,42.15
2016-04-29,4,17:48:56,1068.9333333333334,32.63333333333333
2016-04-29,4,17:58:56,1078.9333333333334,11.233333333333333
2016-04-29,4,18:05:56,1085.9333333333334,22.016666666666666
2016-04-29,4,18:13:57,1093.95,10.866666666666667
2016-04-29,4,18:39:57,1119.95,16.683333333333334
2016-04-29,4,18:49:57,1129.95,21.7
2016-04-29,4,18:59:57,1139.95,15.333333333333334
2016-04-29,4,19:31:57,1171.95,0.26666666666666666
2016-04-29,4,19:41:57,1181.95,41.11666666666667
2016-04-29,4,20:16:57,1216.95,-0.31666666666666665
2016-04-29,4,20:31:57,1231.95,4.066666666666666
2016-04-29,4,20:46:57,1246.95,6.383333333333334
2016-04-29,4,21:02:57,1262.95,6.716666666666667
2016-04-29,4,21:17:57,1277.95,10.3
2016-04-29,4,21:33:57,1293.95,-0.9166666666666666
2016-04-29,4,21:49:57,1309.95,-1.8666666666666667
2016-04-29,4,22:03:57,1323.95,6.95
2016-04-29,4,22:18:57,1338.95,-1.3833333333333333
2016-04-29,4,22:34:57,1354.95,-0.18333333333333332
2016-04-29,4,22:49:57,1369.95,-1.5833333333333333
2016-04-29,4,23:04:57,1384.95,-1.0166666666666666
2016-04-29,4,23:19:57,1399.95,-2.6666666666666665
2016-04-29,4,23:34:57,1414.95,-0.36666666666666664
2016-04-29,4,23:49:57,1429.95,0.8166666666666667
2016-04-30,5,00:04:57,4.95,-0.5333333333333333
2016-04-30,5,00:34:57,34.95,2.6
2016-04-30,5,01:11:57,71.95,-3.6
2016-04-30,5,02:09:57,129.95,-0.5833333333333334
2016-04-30,5,05:34:57,334.95,0.2833333333333333
2016-04-30,5,06:04:57,364.95,-0.5166666666666667
2016-04-30,5,06:19:57,379.95,-1.2166666666666666
2016-04-30,5,06:34:57,394.95,-1.5666666666666667
2016-04-30,5,06:49:57,409.95,-2.933333333333333
2016-04-30,5,07:04:57,424.95,-0.4666666666666667
2016-04-30,5,07:19:57,439.95,-2.3833333333333333
2016-04-30,5,08:18:57,498.95,-2.5833333333333335
2016-04-30,5,08:42:57,522.95,-3.9
2016-04-30,5,09:06:57,546.95,-0.2833333333333333
2016-04-30,5,10:18:57,618.95,15.85
2016-04-30,5,10:41:57,641.95,1.1
2016-04-30,5,11:18:57,678.95,-0.21666666666666667
2016-04-30,5,11:30:57,690.95,-1.3166666666666667
2016-04-30,5,11:42:57,702.95,25.65
2016-04-30,5,11:54:57,714.95,22.716666666666665
2016-04-30,5,12:06:57,726.95,27.583333333333332
2016-04-30,5,12:18:57,738.95,5.066666666666666
2016-04-30,5,12:30:57,750.95,-1.55
2016-04-30,5,12:42:57,762.95,9.533333333333333
2016-04-30,5,12:54:57,774.95,-1.25
2016-04-30,5,13:06:57,786.95,-2.75
2016-04-30,5,13:18:57,798.95,-2.933333333333333
2016-04-30,5,13:30:57,810.95,-3.95
2016-04-30,5,13:42:57,822.95,-1.3
2016-04-30,5,13:54:57,834.95,-2.6
2016-04-30,5,14:06:57,846.95,2.8
2016-04-30,5,14:18:57,858.95,2.316666666666667
2016-04-30,5,14:30:57,870.95,50.233333333333334
2016-04-30,5,14:42:57,882.95,-0.23333333333333334
2016-04-30,5,14:54:57,894.95,-3.0166666666666666
2016-04-30,5,15:06:57,906.95,-1.3
2016-04-30,5,15:18:57,918.95,-0.38333333333333336
2016-04-30,5,15:30:57,930.95,-1.7666666666666666
2016-04-30,5,15:42:57,942.95,-2.4833333333333334
2016-04-30,5,15:54:57,954.95,19.65
2016-04-30,5,16:06:57,966.95,14.566666666666666
2016-04-30,5,16:18:57,978.95,7.733333333333333
2016-04-30,5,16:30:57,990.95,6.716666666666667
2016-04-30,5,16:42:57,1002.95,-0.3333333333333333
2016-04-30,5,17:06:57,1026.95,-4.366666666666666
2016-04-30,5,17:18:57,1038.95,-0.3
2016-04-30,5,17:30:57,1050.95,15.633333333333333
2016-04-30,5,17:42:57,1062.95,2.316666666666667
2016-04-30,5,17:54:57,1074.95,9.4
2016-04-30,5,18:06:57,1086.95,-1.6
2016-04-30,5,18:30:57,1110.95,4.966666666666667
2016-04-30,5,18:38:57,1118.95,2.2
2016-04-30,5,18:49:57,1129.95,-0.26666666666666666
2016-04-30,5,19:04:57,1144.95,-2.3
2016-04-30,5,19:19:57,1159.95,5.8
2016-04-30,5,19:34:57,1174.95,-2.5166666666666666
2016-04-30,5,19:49:57,1189.95,0.65
2016-04-30,5,20:04:57,1204.95,4.3
2016-04-30,5,20:19:57,1219.95,2.65
2016-04-30,5,20:34:57,1234.95,-0.3333333333333333
2016-04-30,5,20:49:57,1249.95,-1.6833333333333333
2016-04-30,5,21:04:57,1264.95,-1.9666666666666666
2016-04-30,5,21:19:57,1279.95,-1.8666666666666667
2016-04-30,5,21:34:57,1294.95,2.6666666666666665
2016-04-30,5,21:49:57,1309.95,-1.8
2016-04-30,5,22:04:57,1324.95,0.31666666666666665
2016-04-30,5,22:19:57,1339.95,0.3333333333333333
2016-04-30,5,22:34:57,1354.95,3.9833333333333334
2016-04-30,5,22:49:57,1369.95,15.916666666666666
2016-04-30,5,23:04:57,1384.95,-1.0333333333333334
2016-04-30,5,23:19:57,1399.95,-3.8833333333333333
2016-04-30,5,23:34:57,1414.95,0.08333333333333333
2016-04-30,5,23:49:57,1429.95,-2.033333333333333
2016-05-01,6,00:04:57,4.95,-0.9333333333333333
2016-05-01,6,00:34:57,34.95,0.9833333333333333
2016-05-01,6,01:11:57,71.95,-3.9833333333333334
2016-05-01,6,02:09:57,129.95,-1.85
2016-05-01,6,03:24:57,204.95,-1.9333333333333333
2016-05-01,6,05:31:58,331.96666666666664,0.0
2016-05-01,6,06:04:58,364.96666666666664,-0.5333333333333333
2016-05-01,6,06:19:58,379.96666666666664,-2.3
2016-05-01,6,06:34:58,394.96666666666664,0.03333333333333333
2016-05-01,6,06:49:58,409.96666666666664,0.6
2016-05-01,6,07:04:58,424.96666666666664,0.3333333333333333
2016-05-01,6,07:19:58,439.96666666666664,2.5833333333333335
2016-05-01,6,07:34:58,454.96666666666664,-0.4666666666666667
2016-05-01,6,07:49:58,469.96666666666664,-0.48333333333333334
2016-05-01,6,08:04:58,484.96666666666664,0.26666666666666666
2016-05-01,6,08:19:57,499.95,2.5833333333333335
2016-05-01,6,08:34:57,514.95,-0.43333333333333335
2016-05-01,6,08:49:57,529.95,-1.6166666666666667
2016-05-01,6,09:04:57,544.95,-1.0833333333333333
2016-05-01,6,09:19:57,559.95,0.3
2016-05-01,6,09:34:57,574.95,0.06666666666666667
2016-05-01,6,09:49:57,589.95,-1.6166666666666667
2016-05-01,6,10:04:57,604.95,-1.95
2016-05-01,6,10:19:57,619.95,1.3833333333333333
2016-05-01,6,10:34:57,634.95,1.0166666666666666
2016-05-01,6,10:49:57,649.95,-0.7333333333333333
2016-05-01,6,11:04:57,664.95,-0.6
2016-05-01,6,11:19:57,679.95,-0.9833333333333333
2016-05-01,6,11:34:57,694.95,-0.35
2016-05-01,6,11:49:57,709.95,-0.5833333333333334
2016-05-01,6,12:04:57,724.95,0.6166666666666667
2016-05-01,6,12:19:57,739.95,0.31666666666666665
2016-05-01,6,12:34:57,754.95,-1.0833333333333333
2016-05-01,6,12:49:57,769.95,-1.8666666666666667
2016-05-01,6,13:04:57,784.95,1.6166666666666667
2016-05-01,6,13:19:57,799.95,-1.3666666666666667
2016-05-01,6,13:34:57,814.95,-0.25
2016-05-01,6,13:49:57,829.95,0.6833333333333333
2016-05-01,6,14:04:57,844.95,-0.95
2016-05-01,6,14:19:57,859.95,-0.03333333333333333
2016-05-01,6,14:34:57,874.95,-1.2
2016-05-01,6,14:49:57,889.95,-0.6333333333333333
2016-05-01,6,15:04:57,904.95,0.7333333333333333
2016-05-01,6,15:19:57,919.95,-0.9333333333333333
2016-05-01,6,15:34:57,934.95,0.016666666666666666
2016-05-01,6,15:49:57,949.95,2.1
2016-05-01,6,16:04:57,964.95,-0.5833333333333334
2016-05-01,6,16:19:57,979.95,1.3833333333333333
2016-05-01,6,16:34:57,994.95,3.7
2016-05-01,6,16:49:57,1009.95,6.516666666666667
2016-05-01,6,17:04:57,1024.95,1.6833333333333333
2016-05-01,6,17:19:57,1039.95,-2.2
2016-05-01,6,17:34:57,1054.95,-2.65
2016-05-01,6,17:49:57,1069.95,-0.5833333333333334
2016-05-01,6,18:04:57,1084.95,-1.0833333333333333
2016-05-01,6,18:19:57,1099.95,0.016666666666666666
2016-05-01,6,18:34:57,1114.95,-0.36666666666666664
2016-05-01,6,18:49:57,1129.95,6.133333333333334
2016-05-01,6,19:04:57,1144.95,8.366666666666667
2016-05-01,6,19:19:57,1159.95,3.1
2016-05-01,6,19:34:57,1174.95,-2.95
2016-05-01,6,19:49:57,1189.95,15.916666666666666
2016-05-01,6,20:04:57,1204.95,-0.6333333333333333
2016-05-01,6,20:19:57,1219.95,-0.9833333333333333
2016-05-01,6,20:34:57,1234.95,2.566666666666667
2016-05-01,6,20:49:57,1249.95,-1.5666666666666667
2016-05-01,6,21:04:57,1264.95,-1.0166666666666666
2016-05-01,6,21:19:57,1279.95,13.266666666666667
2016-05-01,6,21:34:57,1294.95,-2.5833333333333335
2016-05-01,6,21:49:57,1309.95,-1.6333333333333333
2016-05-01,6,22:04:57,1324.95,-0.8
2016-05-01,6,22:19:57,1339.95,-3.716666666666667
2016-05-01,6,22:34:57,1354.95,-1.4166666666666667
2016-05-01,6,22:49:57,1369.95,-0.36666666666666664
2016-05-01,6,23:04:57,1384.95,-0.95
2016-05-01,6,23:19:57,1399.95,-4.066666666666666
2016-05-01,6,23:34:57,1414.95,-1.65
2016-05-01,6,23:49:57,1429.95,-2.0166666666666666
2016-05-02,0,00:04:57,4.95,-1.0
2016-05-02,0,00:34:57,34.95,0.18333333333333332
2016-05-02,0,01:11:57,71.95,-2.15
2016-05-02,0,02:09:57,129.95,0.85
2016-05-02,0,03:24:57,204.95,6.0
2016-05-02,0,05:32:57,332.95,-1.9833333333333334
2016-05-02,0,05:47:57,347.95,0.06666666666666667
2016-05-02,0,06:02:57,362.95,0.48333333333333334
2016-05-02,0,06:15:57,375.95,-0.7333333333333333
2016-05-02,0,06:25:57,385.95,-2.4833333333333334
2016-05-02,0,06:35:57,395.95,4.05
2016-05-02,0,06:45:57,405.95,-0.7666666666666667
2016-05-02,0,06:53:57,413.95,-0.6333333333333333
2016-05-02,0,07:01:57,421.95,-3.466666666666667
2016-05-02,0,07:10:57,430.95,-0.6666666666666666
2016-05-02,0,07:19:57,439.95,8.816666666666666
2016-05-02,0,07:28:57,448.95,1.0333333333333334
2016-05-02,0,07:35:57,455.95,-2.183333333333333
2016-05-02,0,07:42:57,462.95,2.0
2016-05-02,0,07:50:57,470.95,0.36666666666666664
2016-05-02,0,07:58:57,478.95,5.6
2016-05-02,0,08:07:57,487.95,21.666666666666668
2016-05-02,0,08:14:57,494.95,12.95
2016-05-02,0,08:23:57,503.95,19.483333333333334
2016-05-02,0,08:31:57,511.95,7.65
2016-05-02,0,08:40:57,520.95,9.433333333333334
2016-05-02,0,08:48:57,528.95,6.433333333333334
2016-05-02,0,08:56:57,536.95,9.416666666666666
2016-05-02,0,09:04:57,544.95,3.8833333333333333
2016-05-02,0,09:12:57,552.95,0.7833333333333333
2016-05-02,0,09:20:57,560.95,0.31666666666666665
2016-05-02,0,09:28:57,568.95,2.65
2016-05-02,0,09:35:57,575.95,-0.8333333333333334
2016-05-02,0,09:44:57,584.95,-0.45
2016-05-02,0,09:53:57,593.95,-0.16666666666666666
2016-05-02,0,10:03:57,603.95,-1.0166666666666666
2016-05-02,0,10:15:57,615.95,31.233333333333334
2016-05-02,0,10:40:57,640.95,10.783333333333333
2016-05-02,0,10:52:57,652.95,0.08333333333333333
2016-05-02,0,11:04:57,664.95,1.6833333333333333
2016-05-02,0,11:16:57,676.95,-1.5833333333333333
2016-05-02,0,11:28:57,688.95,-0.75
2016-05-02,0,11:40:57,700.95,-0.9333333333333333
2016-05-02,0,11:51:57,711.95,0.9833333333333333
2016-05-02,0,12:03:57,723.95,-2.0166666666666666
2016-05-02,0,12:15:57,735.95,-1.3166666666666667
2016-05-02,0,12:28:57,748.95,-2.15
2016-05-02,0,12:52:57,772.95,0.5833333333333334
2016-05-02,0,13:04:57,784.95,8.733333333333333
2016-05-02,0,13:16:57,796.95,0.1
2016-05-02,0,13:28:57,808.95,-7.416666666666667
2016-05-02,0,13:40:56,820.9333333333333,-2.433333333333333
2016-05-02,0,13:52:56,832.9333333333333,0.13333333333333333
2016-05-02,0,14:04:56,844.9333333333333,-3.0833333333333335
2016-05-02,0,14:16:56,856.9333333333333,-1.75
2016-05-02,0,14:26:56,866.9333333333333,0.45
2016-05-02,0,14:38:56,878.9333333333333,-2.6
2016-05-02,0,14:49:56,889.9333333333333,-1.6
2016-05-02,0,14:58:56,898.9333333333333,8.133333333333333
2016-05-02,0,15:05:56,905.9333333333333,2.8
2016-05-02,0,15:11:56,911.9333333333333,-0.85
2016-05-02,0,15:17:56,917.9333333333333,3.9
2016-05-02,0,15:24:56,924.9333333333333,1.3333333333333333
2016-05-02,0,15:31:56,931.9333333333333,-1.65
2016-05-02,0,15:38:56,938.9333333333333,1.2166666666666666
2016-05-02,0,15:46:56,946.9333333333333,1.5333333333333334
2016-05-02,0,15:54:56,954.9333333333333,0.21666666666666667
2016-05-02,0,16:01:56,961.9333333333333,-0.2
2016-05-02,0,16:10:56,970.9333333333333,-0.9666666666666667
2016-05-02,0,16:17:56,977.9333333333333,3.3333333333333335
2016-05-02,0,16:26:56,986.9333333333333,-1.35
2016-05-02,0,16:34:56,994.9333333333333,9.733333333333333
2016-05-02,0,16:40:56,1000.9333333333333,16.133333333333333
2016-05-02,0,16:46:56,1006.9333333333333,1.85
2016-05-02,0,16:51:56,1011.9333333333333,11.533333333333333
2016-05-02,0,16:56:56,1016.9333333333333,9.583333333333334
2016-05-02,0,17:01:56,1021.9333333333333,9.383333333333333
2016-05-02,0,17:08:56,1028.9333333333334,7.433333333333334
2016-05-02,0,17:14:56,1034.9333333333334,-1.8833333333333333
2016-05-02,0,17:20:56,1040.9333333333334,6.166666666666667
2016-05-02,0,17:26:56,1046.9333333333334,53.43333333333333
2016-05-02,0,17:40:56,1060.9333333333334,34.516666666666666
2016-05-02,0,17:48:56,1068.9333333333334,28.1
2016-05-02,0,17:58:56,1078.9333333333334,6.2
2016-05-02,0,18:05:56,1085.9333333333334,-4.966666666666667
2016-05-02,0,18:13:57,1093.95,7.316666666666666
2016-05-02,0,18:27:57,1107.95,12.133333333333333
2016-05-02,0,18:39:57,1119.95,4.683333333333334
2016-05-02,0,18:49:57,1129.95,0.35
2016-05-02,0,18:59:57,1139.95,4.9
2016-05-02,0,19:09:57,1149.95,9.266666666666667
2016-05-02,0,19:21:57,1161.95,-1.5
2016-05-02,0,19:31:57,1171.95,-0.9833333333333333
2016-05-02,0,19:41:57,1181.95,7.583333333333333
2016-05-02,0,19:52:57,1192.95,-1.9166666666666667
2016-05-02,0,20:01:57,1201.95,34.233333333333334
2016-05-02,0,20:16:57,1216.95,23.35
2016-05-02,0,20:31:57,1231.95,2.7666666666666666
2016-05-02,0,20:46:57,1246.95,-1.3666666666666667
2016-05-02,0,21:02:57,1262.95,-1.6333333333333333
2016-05-02,0,21:17:57,1277.95,7.9
2016-05-02,0,21:33:57,1293.95,-2.1
2016-05-02,0,21:49:57,1309.95,-0.7
2016-05-02,0,22:03:57,1323.95,1.7166666666666666
2016-05-02,0,22:18:57,1338.95,-4.45
2016-05-02,0,22:34:57,1354.95,0.15
2016-05-02,0,22:49:57,1369.95,0.95
2016-05-02,0,23:04:57,1384.95,-1.9
2016-05-02,0,23:19:57,1399.95,-2.2666666666666666
2016-05-02,0,23:34:57,1414.95,-1.3666666666666667
2016-05-02,0,23:49:57,1429.95,0.6
2016-05-03,1,00:04:57,4.95,-5.05
2016-05-03,1,00:34:57,34.95,-2.6166666666666667
2016-05-03,1,01:11:57,71.95,-2.15
2016-05-03,1,02:09:57,129.95,7.8
2016-05-03,1,03:24:57,204.95,-0.8
2016-05-03,1,05:32:57,332.95,-1.8833333333333333
2016-05-03,1,05:47:57,347.95,-1.2833333333333334
2016-05-03,1,06:02:57,362.95,-1.1166666666666667
2016-05-03,1,06:15:57,375.95,0.6833333333333333
2016-05-03,1,06:25:57,385.95,2.6333333333333333
2016-05-03,1,06:35:57,395.95,-2.3833333333333333
2016-05-03,1,06:45:57,405.95,-1.2166666666666666
2016-05-03,1,06:53:57,413.95,-0.5333333333333333
2016-05-03,1,07:01:57,421.95,-1.6333333333333333
2016-05-03,1,07:10:57,430.95,-0.6166666666666667
2016-05-03,1,07:19:57,439.95,-0.38333333333333336
2016-05-03,1,07:28:57,448.95,-0.31666666666666665
2016-05-03,1,07:35:57,455.95,-0.9
2016-05-03,1,07:42:57,462.95,0.9333333333333333
2016-05-03,1,07:50:57,470.95,4.133333333333334
2016-05-03,1,07:58:57,478.95,17.416666666666668
2016-05-03,1,08:07:57,487.95,3.783333333333333
2016-05-03,1,08:14:57,494.95,11.95
2016-05-03,1,08:23:57,503.95,7.35
2016-05-03,1,08:31:57,511.95,9.433333333333334
2016-05-03,1,08:40:57,520.95,1.1166666666666667
2016-05-03,1,08:56:57,536.95,11.566666666666666
2016-05-03,1,09:04:57,544.95,5.5
2016-05-03,1,09:12:57,552.95,-1.25
2016-05-03,1,09:20:57,560.95,-0.43333333333333335
2016-05-03,1,09:28:57,568.95,0.48333333333333334
2016-05-03,1,09:35:57,575.95,5.866666666666666
2016-05-03,1,09:44:57,584.95,13.516666666666667
2016-05-03,1,09:53:57,593.95,6.5
2016-05-03,1,10:03:57,603.95,-0.95
2016-05-03,1,10:15:57,615.95,5.333333333333333
2016-05-03,1,10:27:57,627.95,6.7
2016-05-03,1,10:40:57,640.95,0.9666666666666667
2016-05-03,1,10:52:57,652.95,-2.65
2016-05-03,1,11:04:57,664.95,-1.7666666666666666
2016-05-03,1,11:16:57,676.95,-1.6833333333333333
2016-05-03,1,11:28:57,688.95,-0.6
2016-05-03,1,11:40:57,700.95,-0.6333333333333333
2016-05-03,1,11:51:57,711.95,-0.9
2016-05-03,1,12:03:57,723.95,0.16666666666666666
2016-05-03,1,12:15:57,735.95,0.45
2016-05-03,1,12:28:57,748.95,1.75
2016-05-03,1,12:40:57,760.95,-0.4666666666666667
2016-05-03,1,12:52:57,772.95,-1.95
2016-05-03,1,13:04:57,784.95,-3.3
2016-05-03,1,13:16:57,796.95,-2.3666666666666667
2016-05-03,1,13:28:57,808.95,-1.6333333333333333
2016-05-03,1,13:40:56,820.9333333333333,0.3333333333333333
2016-05-03,1,13:52:56,832.9333333333333,-2.7333333333333334
2016-05-03,1,14:04:56,844.9333333333333,1.4
2016-05-03,1,14:16:56,856.9333333333333,2.7333333333333334
2016-05-03,1,14:26:56,866.9333333333333,4.9
2016-05-03,1,14:38:56,878.9333333333333,-0.55
2016-05-03,1,14:49:56,889.9333333333333,-1.75
2016-05-03,1,14:55:56,895.9333333333333,2.466666666666667
2016-05-03,1,14:58:56,898.9333333333333,2.35
2016-05-03,1,15:05:56,905.9333333333333,-0.7833333333333333
2016-05-03,1,15:11:56,911.9333333333333,-1.7833333333333334
2016-05-03,1,15:17:56,917.9333333333333,-2.5166666666666666
2016-05-03,1,15:24:56,924.9333333333333,0.25
2016-05-03,1,15:31:56,931.9333333333333,-3.1
2016-05-03,1,15:38:56,938.9333333333333,-2.6
2016-05-03,1,15:46:56,946.9333333333333,5.316666666666666
2016-05-03,1,15:54:56,954.9333333333333,2.2
2016-05-03,1,16:01:56,961.9333333333333,-1.75
2016-05-03,1,16:10:56,970.9333333333333,4.166666666666667
2016-05-03,1,16:17:56,977.9333333333333,-1.7
2016-05-03,1,16:26:56,986.9333333333333,-3.5
2016-05-03,1,16:34:56,994.9333333333333,1.7666666666666666
2016-05-03,1,16:40:56,1000.9333333333333,0.016666666666666666
2016-05-03,1,16:46:56,1006.9333333333333,2.6166666666666667
2016-05-03,1,16:51:56,1011.9333333333333,3.1
2016-05-03,1,16:56:56,1016.9333333333333,31.116666666666667
2016-05-03,1,17:01:56,1021.9333333333333,6.333333333333333
2016-05-03,1,17:08:56,1028.9333333333334,19.583333333333332
2016-05-03,1,17:14:56,1034.9333333333334,35.03333333333333
2016-05-03,1,17:20:56,1040.9333333333334,-1.2333333333333334
2016-05-03,1,17:26:56,1046.9333333333334,24.75
2016-05-03,1,17:32:56,1052.9333333333334,20.533333333333335
2016-05-03,1,17:40:56,1060.9333333333334,29.033333333333335
2016-05-03,1,17:48:56,1068.9333333333334,26.183333333333334
2016-05-03,1,17:58:56,1078.9333333333334,1.0666666666666667
2016-05-03,1,18:05:56,1085.9333333333334,15.35
2016-05-03,1,18:13:57,1093.95,4.05
2016-05-03,1,18:27:57,1107.95,-1.6
2016-05-03,1,18:39:57,1119.95,6.866666666666666
2016-05-03,1,18:49:57,1129.95,1.35
2016-05-03,1,19:09:57,1149.95,-1.3833333333333333
2016-05-03,1,19:21:57,1161.95,-2.3666666666666667
2016-05-03,1,19:31:57,1171.95,6.65
2016-05-03,1,19:41:57,1181.95,-0.48333333333333334
2016-05-03,1,19:52:57,1192.95,-2.3333333333333335
2016-05-03,1,20:01:57,1201.95,8.85
2016-05-03,1,20:16:57,1216.95,0.5333333333333333
2016-05-03,1,20:31:57,1231.95,-1.0166666666666666
2016-05-03,1,20:46:57,1246.95,-0.26666666666666666
2016-05-03,1,21:02:57,1262.95,-1.3833333333333333
2016-05-03,1,21:17:57,1277.95,-2.8833333333333333
2016-05-03,1,21:33:57,1293.95,-0.2833333333333333
2016-05-03,1,21:49:57,1309.95,-3.1166666666666667
2016-05-03,1,22:03:57,1323.95,0.31666666666666665
2016-05-03,1,22:18:57,1338.95,-3.1166666666666667
2016-05-03,1,22:34:57,1354.95,-0.03333333333333333
2016-05-03,1,22:49:57,1369.95,0.5333333333333333
2016-05-03,1,23:04:57,1384.95,0.38333333333333336
2016-05-03,1,23:19:57,1399.95,0.31666666666666665
2016-05-03,1,23:34:57,1414.95,-2.566666666666667
2016-05-03,1,23:49:57,1429.95,0.6666666666666666
2016-05-04,2,00:04:57,4.95,-5.033333333333333
2016-05-04,2,00:34:57,34.95,-1.6666666666666667
2016-05-04,2,01:11:57,71.95,-1.0166666666666666
2016-05-04,2,02:09:57,129.95,-2.0833333333333335
2016-05-04,2,03:24:57,204.95,-0.7333333333333333
2016-05-04,2,05:32:57,332.95,-1.9166666666666667
2016-05-04,2,05:47:57,347.95,-2.283333333333333
2016-05-04,2,06:02:57,362.95,-1.3166666666666667
2016-05-04,2,06:15:57,375.95,-0.55
2016-05-04,2,06:25:57,385.95,1.0666666666666667
2016-05-04,2,06:35:57,395.95,5.8
2016-05-04,2,06:45:57,405.95,0.8666666666666667
2016-05-04,2,06:53:57,413.95,-0.5166666666666667
2016-05-04,2,07:01:57,421.95,-3.2333333333333334
2016-05-04,2,07:10:57,430.95,0.65
2016-05-04,2,07:19:57,439.95,-0.2833333333333333
2016-05-04,2,07:28:57,448.95,1.0166666666666666
2016-05-04,2,07:35:57,455.95,0.4
2016-05-04,2,07:42:57,462.95,-0.8833333333333333
2016-05-04,2,07:50:57,470.95,0.3333333333333333
2016-05-04,2,07:58:57,478.95,7.45
2016-05-04,2,08:07:57,487.95,3.4166666666666665
2016-05-04,2,08:14:57,494.95,-0.25
2016-05-04,2,08:23:57,503.95,5.65
2016-05-04,2,08:31:57,511.95,-0.08333333333333333
2016-05-04,2,08:40:57,520.95,0.36666666666666664
2016-05-04,2,08:48:57,528.95,2.566666666666667
2016-05-04,2,08:56:57,536.95,6.533333333333333
2016-05-04,2,09:04:57,544.95,2.033333333333333
2016-05-04,2,09:12:57,552.95,0.6333333333333333
2016-05-04,2,09:20:57,560.95,-0.7833333333333333
2016-05-04,2,09:28:57,568.95,1.05
2016-05-04,2,09:35:57,575.95,22.55
2016-05-04,2,09:44:57,584.95,17.716666666666665
2016-05-04,2,09:53:57,593.95,9.3
2016-05-04,2,10:03:57,603.95,5.75
2016-05-04,2,10:15:57,615.95,6.016666666666667
2016-05-04,2,10:27:57,627.95,15.6
2016-05-04,2,10:40:57,640.95,1.2166666666666666
2016-05-04,2,10:52:57,652.95,1.75
2016-05-04,2,11:04:57,664.95,-1.3833333333333333
2016-05-04,2,11:16:57,676.95,0.6333333333333333
2016-05-04,2,11:28:57,688.95,-0.13333333333333333
2016-05-04,2,11:40:57,700.95,-2.3
2016-05-04,2,11:51:57,711.95,24.9
2016-05-04,2,12:03:57,723.95,13.966666666666667
2016-05-04,2,12:15:57,735.95,-2.533333333333333
2016-05-04,2,12:28:57,748.95,1.2666666666666666
2016-05-04,2,12:40:57,760.95,-0.5
2016-05-04,2,12:52:57,772.95,-2.5166666666666666
2016-05-04,2,13:04:57,784.95,-2.7
2016-05-04,2,13:16:57,796.95,-3.566666666666667
2016-05-04,2,13:28:57,808.95,1.6
2016-05-04,2,13:40:56,820.9333333333333,-3.0166666666666666
2016-05-04,2,13:52:56,832.9333333333333,0.45
2016-05-04,2,14:04:56,844.9333333333333,-0.5666666666666667
2016-05-04,2,14:16:56,856.9333333333333,22.75
2016-05-04,2,14:26:56,866.9333333333333,-0.85
2016-05-04,2,14:38:56,878.9333333333333,6.483333333333333
2016-05-04,2,14:49:56,889.9333333333333,-1.3833333333333333
2016-05-04,2,14:55:56,895.9333333333333,1.1333333333333333
2016-05-04,2,14:58:56,898.9333333333333,0.8
2016-05-04,2,15:05:56,905.9333333333333,0.9833333333333333
2016-05-04,2,15:11:56,911.9333333333333,-0.6833333333333333
2016-05-04,2,15:17:56,917.9333333333333,0.45
2016-05-04,2,15:24:56,924.9333333333333,0.05
2016-05-04,2,15:31:56,931.9333333333333,-0.21666666666666667
2016-05-04,2,15:38:56,938.9333333333333,0.8
2016-05-04,2,15:46:56,946.9333333333333,5.0
2016-05-04,2,15:54:56,954.9333333333333,7.083333333333333
2016-05-04,2,16:01:56,961.9333333333333,3.1666666666666665
2016-05-04,2,16:10:56,970.9333333333333,-2.3
2016-05-04,2,16:17:56,977.9333333333333,2.466666666666667
2016-05-04,2,16:26:56,986.9333333333333,-3.2
2016-05-04,2,16:40:56,1000.9333333333333,1.2333333333333334
2016-05-04,2,16:46:56,1006.9333333333333,4.416666666666667
2016-05-04,2,16:51:56,1011.9333333333333,2.2666666666666666
2016-05-04,2,16:56:56,1016.9333333333333,13.416666666666666
2016-05-04,2,17:01:56,1021.9333333333333,4.566666666666666
2016-05-04,2,17:08:56,1028.9333333333334,23.766666666666666
2016-05-04,2,17:14:56,1034.9333333333334,12.05
2016-05-04,2,17:26:56,1046.9333333333334,25.016666666666666
2016-05-04,2,17:32:56,1052.9333333333334,12.283333333333333
2016-05-04,2,17:40:56,1060.9333333333334,11.033333333333333
2016-05-04,2,17:48:56,1068.9333333333334,24.083333333333332
2016-05-04,2,17:58:56,1078.9333333333334,-0.43333333333333335
2016-05-04,2,18:05:56,1085.9333333333334,3.966666666666667
2016-05-04,2,18:13:57,1093.95,1.3666666666666667
2016-05-04,2,18:27:57,1107.95,13.5
2016-05-04,2,18:39:57,1119.95,-1.3166666666666667
2016-05-04,2,18:49:57,1129.95,-3.216666666666667
2016-05-04,2,18:59:57,1139.95,6.616666666666666
2016-05-04,2,19:09:57,1149.95,-0.23333333333333334
2016-05-04,2,19:21:57,1161.95,-2.966666666666667
2016-05-04,2,19:31:57,1171.95,21.433333333333334
2016-05-04,2,19:41:57,1181.95,-0.7166666666666667
2016-05-04,2,19:52:57,1192.95,-2.3333333333333335
2016-05-04,2,20:01:57,1201.95,-3.3333333333333335
2016-05-04,2,20:16:57,1216.95,2.283333333333333
2016-05-04,2,20:31:57,1231.95,0.2833333333333333
2016-05-04,2,20:46:57,1246.95,-0.31666666666666665
2016-05-04,2,21:02:57,1262.95,1.25
2016-05-04,2,21:17:57,1277.95,-0.6166666666666667
2016-05-04,2,21:33:57,1293.95,-1.9833333333333334
2016-05-04,2,21:49:57,1309.95,-1.8333333333333333
2016-05-04,2,22:03:57,1323.95,-1.25
2016-05-04,2,22:18:57,1338.95,0.95
2016-05-04,2,22:34:57,1354.95,-2.5833333333333335
2016-05-04,2,22:49:57,1369.95,-2.0166666666666666
2016-05-04,2,23:04:57,1384.95,-1.9333333333333333
2016-05-04,2,23:19:57,1399.95,-0.1
2016-05-04,2,23:34:57,1414.95,-1.3
2016-05-04,2,23:49:57,1429.95,-2.0833333333333335
2016-05-05,3,00:04:57,4.95,-1.0166666666666666
2016-05-05,3,00:34:57,34.95,-1.35
2016-05-05,3,01:11:57,71.95,-1.0166666666666666
2016-05-05,3,02:09:57,129.95,-0.1
2016-05-05,3,03:24:57,204.95,-0.9333333333333333
2016-05-05,3,05:32:57,332.95,-2.2333333333333334
2016-05-05,3,05:47:57,347.95,0.0
2016-05-05,3,06:02:57,362.95,-0.23333333333333334
2016-05-05,3,06:15:57,375.95,0.7333333333333333
2016-05-05,3,06:25:57,385.95,-0.65
2016-05-05,3,06:35:57,395.95,-2.316666666666667
2016-05-05,3,06:45:57,405.95,-0.8166666666666667
2016-05-05,3,06:53:57,413.95,0.8
2016-05-05,3,07:01:57,421.95,-3.35
2016-05-05,3,07:10:57,430.95,0.9666666666666667
2016-05-05,3,07:19:57,439.95,-0.23333333333333334
2016-05-05,3,07:28:57,448.95,-0.2833333333333333
2016-05-05,3,07:35:57,455.95,0.5166666666666667
2016-05-05,3,07:42:57,462.95,-0.03333333333333333
2016-05-05,3,07:50:57,470.95,-0.8833333333333333
2016-05-05,3,07:58:57,478.95,-0.7666666666666667
2016-05-05,3,08:07:57,487.95,-0.8666666666666667
2016-05-05,3,08:14:57,494.95,18.75
2016-05-05,3,08:23:57,503.95,2.466666666666667
2016-05-05,3,08:31:57,511.95,3.5
2016-05-05,3,08:40:57,520.95,0.4166666666666667
2016-05-05,3,08:48:57,528.95,9.083333333333334
2016-05-05,3,08:56:57,536.95,26.0
2016-05-05,3,09:04:57,544.95,0.36666666666666664
2016-05-05,3,09:12:57,552.95,29.083333333333332
2016-05-05,3,09:20:57,560.95,0.35
2016-05-05,3,09:28:57,568.95,1.35
2016-05-05,3,09:35:57,575.95,12.033333333333333
2016-05-05,3,09:44:57,584.95,18.05
2016-05-05,3,09:53:57,593.95,9.933333333333334
2016-05-05,3,10:03:57,603.95,1.0833333333333333
2016-05-05,3,10:15:57,615.95,1.0833333333333333
2016-05-05,3,10:27:57,627.95,5.45
2016-05-05,3,10:40:57,640.95,-1.1166666666666667
2016-05-05,3,10:52:57,652.95,-3.2666666666666666
2016-05-05,3,11:04:57,664.95,-1.55
2016-05-05,3,11:16:57,676.95,-1.6833333333333333
2016-05-05,3,11:28:57,688.95,27.9
2016-05-05,3,11:40:57,700.95,-2.3333333333333335
2016-05-05,3,11:51:57,711.95,9.933333333333334
2016-05-05,3,12:03:57,723.95,16.366666666666667
2016-05-05,3,12:15:57,735.95,-0.8
2016-05-05,3,12:28:57,748.95,1.3166666666666667
2016-05-05,3,12:40:57,760.95,-0.7666666666666667
2016-05-05,3,12:52:57,772.95,1.6833333333333333
2016-05-05,3,13:04:57,784.95,-3.216666666666667
2016-05-05,3,13:16:57,796.95,0.1
2016-05-05,3,13:28:57,808.95,-0.31666666666666665
2016-05-05,3,13:40:56,820.9333333333333,-0.7833333333333333
2016-05-05,3,13:52:56,832.9333333333333,8.866666666666667
2016-05-05,3,14:04:56,844.9333333333333,-1.4333333333333333
2016-05-05,3,14:16:56,856.9333333333333,-0.2833333333333333
2016-05-05,3,14:26:56,866.9333333333333,1.45
2016-05-05,3,14:38:56,878.9333333333333,2.95
2016-05-05,3,14:49:56,889.9333333333333,-1.2833333333333334
2016-05-05,3,14:55:56,895.9333333333333,-2.533333333333333
2016-05-05,3,14:58:56,898.9333333333333,-3.2666666666666666
2016-05-05,3,15:05:56,905.9333333333333,1.2833333333333334
2016-05-05,3,15:11:56,911.9333333333333,-1.8
2016-05-05,3,15:17:56,917.9333333333333,-3.1333333333333333
2016-05-05,3,15:24:56,924.9333333333333,3.433333333333333
2016-05-05,3,15:31:56,931.9333333333333,-0.35
2016-05-05,3,15:38:56,938.9333333333333,2.8
2016-05-05,3,15:46:56,946.9333333333333,-3.1333333333333333
2016-05-05,3,15:54:56,954.9333333333333,3.6666666666666665
2016-05-05,3,16:01:56,961.9333333333333,1.65
2016-05-05,3,16:10:56,970.9333333333333,10.833333333333334
2016-05-05,3,16:17:56,977.9333333333333,1.8166666666666667
2016-05-05,3,16:26:56,986.9333333333333,9.6
2016-05-05,3,16:34:56,994.9333333333333,12.366666666666667
2016-05-05,3,16:40:56,1000.9333333333333,14.016666666666667
2016-05-05,3,16:46:56,1006.9333333333333,7.8
2016-05-05,3,16:51:56,1011.9333333333333,11.083333333333334
2016-05-05,3,16:56:56,1016.9333333333333,55.05
2016-05-05,3,17:01:56,1021.9333333333333,51.21666666666667
2016-05-05,3,17:08:56,1028.9333333333334,67.38333333333334
2016-05-05,3,17:14:56,1034.9333333333334,47.35
2016-05-05,3,17:20:56,1040.9333333333334,51.78333333333333
2016-05-05,3,17:26:56,1046.9333333333334,46.31666666666667
2016-05-05,3,17:32:56,1052.9333333333334,48.483333333333334
2016-05-05,3,17:40:56,1060.9333333333334,39.25
2016-05-05,3,17:48:56,1068.9333333333334,36.78333333333333
2016-05-05,3,18:05:56,1085.9333333333334,46.083333333333336
2016-05-05,3,18:13:57,1093.95,26.333333333333332
2016-05-05,3,18:39:57,1119.95,30.966666666666665
2016-05-05,3,18:49:57,1129.95,17.366666666666667
2016-05-05,3,18:59:57,1139.95,22.966666666666665
2016-05-05,3,19:09:57,1149.95,12.883333333333333
2016-05-05,3,19:21:57,1161.95,-3.3833333333333333
2016-05-05,3,19:41:57,1181.95,144.71666666666667
2016-05-05,3,20:16:57,1216.95,40.5
2016-05-05,3,20:31:57,1231.95,20.183333333333334
2016-05-05,3,20:46:57,1246.95,-0.4
2016-05-05,3,21:17:57,1277.95,16.666666666666668
2016-05-05,3,21:33:57,1293.95,0.9166666666666666
2016-05-05,3,21:49:57,1309.95,-0.35
2016-05-05,3,22:34:57,1354.95,1.2666666666666666
2016-05-05,3,22:49:57,1369.95,-0.36666666666666664
2016-05-05,3,23:04:57,1384.95,-1.1166666666666667
2016-05-05,3,23:19:57,1399.95,1.3333333333333333
2016-05-05,3,23:34:57,1414.95,7.65
2016-05-05,3,23:49:57,1429.95,-0.7
2016-05-06,4,00:04:57,4.95,-3.2666666666666666
2016-05-06,4,00:34:57,34.95,-0.08333333333333333
2016-05-06,4,01:11:57,71.95,0.35
2016-05-06,4,02:09:57,129.95,-0.16666666666666666
2016-05-06,4,05:32:57,332.95,-1.9333333333333333
2016-05-06,4,05:47:57,347.95,-1.2166666666666666
2016-05-06,4,06:02:57,362.95,1.05
2016-05-06,4,06:15:57,375.95,0.8333333333333334
2016-05-06,4,06:25:57,385.95,-2.533333333333333
2016-05-06,4,06:35:57,395.95,-2.3666666666666667
2016-05-06,4,06:45:57,405.95,-0.8333333333333334
2016-05-06,4,06:53:57,413.95,-0.13333333333333333
2016-05-06,4,07:01:57,421.95,-3.3666666666666667
2016-05-06,4,07:10:57,430.95,-0.5666666666666667
2016-05-06,4,07:19:57,439.95,-1.45
2016-05-06,4,07:28:57,448.95,-0.4666666666666667
2016-05-06,4,07:35:57,455.95,-2.283333333333333
2016-05-06,4,07:42:57,462.95,-1.2833333333333334
2016-05-06,4,07:50:57,470.95,-2.25
2016-05-06,4,07:58:57,478.95,3.033333333333333
2016-05-06,4,08:07:57,487.95,0.75
2016-05-06,4,08:14:57,494.95,8.15
2016-05-06,4,08:23:57,503.95,4.0
2016-05-06,4,08:31:57,511.95,2.7333333333333334
2016-05-06,4,08:40:57,520.95,1.9333333333333333
2016-05-06,4,08:48:57,528.95,1.4
2016-05-06,4,08:56:57,536.95,7.65
2016-05-06,4,09:04:57,544.95,6.816666666666666
2016-05-06,4,09:12:57,552.95,0.08333333333333333
2016-05-06,4,09:20:57,560.95,-0.4666666666666667
2016-05-06,4,09:28:57,568.95,1.1833333333333333
2016-05-06,4,09:35:57,575.95,4.316666666666666
2016-05-06,4,09:44:57,584.95,16.666666666666668
2016-05-06,4,09:53:57,593.95,16.25
2016-05-06,4,10:03:57,603.95,2.533333333333333
2016-05-06,4,10:15:57,615.95,0.8166666666666667
2016-05-06,4,10:27:57,627.95,5.066666666666666
2016-05-06,4,10:40:57,640.95,-2.283333333333333
2016-05-06,4,10:52:57,652.95,0.45
2016-05-06,4,11:04:57,664.95,-1.5666666666666667
2016-05-06,4,11:16:57,676.95,-1.7833333333333334
2016-05-06,4,11:28:57,688.95,6.35
2016-05-06,4,11:40:57,700.95,2.8833333333333333
2016-05-06,4,11:51:57,711.95,5.016666666666667
2016-05-06,4,12:03:57,723.95,4.4
2016-05-06,4,12:15:57,735.95,18.816666666666666
2016-05-06,4,12:28:57,748.95,-3.683333333333333
2016-05-06,4,12:40:57,760.95,1.1833333333333333
2016-05-06,4,12:52:57,772.95,3.8666666666666667
2016-05-06,4,13:04:57,784.95,0.2833333333333333
2016-05-06,4,13:16:57,796.95,-0.06666666666666667
2016-05-06,4,13:28:57,808.95,-0.31666666666666665
2016-05-06,4,13:40:56,820.9333333333333,-0.7166666666666667
2016-05-06,4,13:52:56,832.9333333333333,0.8166666666666667
2016-05-06,4,14:04:56,844.9333333333333,-3.0166666666666666
2016-05-06,4,14:16:56,856.9333333333333,4.983333333333333
2016-05-06,4,14:26:56,866.9333333333333,1.25
2016-05-06,4,14:38:56,878.9333333333333,1.4
2016-05-06,4,14:49:56,889.9333333333333,-1.7833333333333334
2016-05-06,4,14:55:56,895.9333333333333,1.1333333333333333
2016-05-06,4,14:58:56,898.9333333333333,2.933333333333333
2016-05-06,4,15:05:56,905.9333333333333,0.85
2016-05-06,4,15:11:56,911.9333333333333,-2.15
2016-05-06,4,15:17:56,917.9333333333333,-0.9166666666666666
2016-05-06,4,15:24:56,924.9333333333333,2.2
2016-05-06,4,15:31:56,931.9333333333333,0.8333333333333334
2016-05-06,4,15:38:56,938.9333333333333,4.166666666666667
2016-05-06,4,15:46:56,946.9333333333333,9.75
2016-05-06,4,15:54:56,954.9333333333333,3.0166666666666666
2016-05-06,4,16:01:56,961.9333333333333,12.916666666666666
2016-05-06,4,16:10:56,970.9333333333333,3.933333333333333
2016-05-06,4,16:17:56,977.9333333333333,8.366666666666667
2016-05-06,4,16:26:56,986.9333333333333,4.65
2016-05-06,4,16:34:56,994.9333333333333,11.866666666666667
2016-05-06,4,16:40:56,1000.9333333333333,18.666666666666668
2016-05-06,4,16:46:56,1006.9333333333333,19.7
2016-05-06,4,16:51:56,1011.9333333333333,1.5833333333333333
2016-05-06,4,16:56:56,1016.9333333333333,38.2
2016-05-06,4,17:01:56,1021.9333333333333,21.916666666666668
2016-05-06,4,17:08:56,1028.9333333333334,38.25
2016-05-06,4,17:14:56,1034.9333333333334,21.75
2016-05-06,4,17:20:56,1040.9333333333334,24.8
2016-05-06,4,17:26:56,1046.9333333333334,11.833333333333334
2016-05-06,4,17:32:56,1052.9333333333334,21.783333333333335
2016-05-06,4,17:40:56,1060.9333333333334,15.4
2016-05-06,4,17:48:56,1068.9333333333334,12.883333333333333
2016-05-06,4,17:58:56,1078.9333333333334,4.666666666666667
2016-05-06,4,18:05:56,1085.9333333333334,6.266666666666667
2016-05-06,4,18:13:57,1093.95,5.733333333333333
2016-05-06,4,18:27:57,1107.95,2.45
2016-05-06,4,18:39:57,1119.95,0.26666666666666666
2016-05-06,4,18:49:57,1129.95,0.2
2016-05-06,4,18:59:57,1139.95,16.833333333333332
2016-05-06,4,19:09:57,1149.95,5.25
2016-05-06,4,19:21:57,1161.95,-0.16666666666666666
2016-05-06,4,19:31:57,1171.95,1.7666666666666666
2016-05-06,4,19:41:57,1181.95,28.733333333333334
2016-05-06,4,19:52:57,1192.95,21.85
2016-05-06,4,20:01:57,1201.95,-1.9833333333333334
2016-05-06,4,20:16:57,1216.95,-0.7666666666666667
2016-05-06,4,20:31:57,1231.95,6.583333333333333
2016-05-06,4,20:46:57,1246.95,0.15
2016-05-06,4,21:02:57,1262.95,-4.45
2016-05-06,4,21:17:57,1277.95,-1.8
2016-05-06,4,21:33:57,1293.95,-0.7833333333333333
2016-05-06,4,21:49:57,1309.95,-0.3333333333333333
2016-05-06,4,22:03:57,1323.95,5.483333333333333
2016-05-06,4,22:18:57,1338.95,-0.3333333333333333
2016-05-06,4,22:34:57,1354.95,0.03333333333333333
2016-05-06,4,22:49:57,1369.95,2.15
2016-05-06,4,23:04:57,1384.95,-0.9166666666666666
2016-05-06,4,23:34:57,1414.95,-4.0
2016-05-06,4,23:49:57,1429.95,-0.38333333333333336
2016-05-07,5,00:04:57,4.95,0.3333333333333333
2016-05-07,5,00:34:57,34.95,0.0
2016-05-07,5,01:11:57,71.95,-3.6666666666666665
2016-05-07,5,02:09:57,129.95,-0.38333333333333336
2016-05-07,5,05:34:57,334.95,-2.55
2016-05-07,5,06:04:57,364.95,-1.9166666666666667
2016-05-07,5,06:19:57,379.95,-1.2833333333333334
2016-05-07,5,06:34:57,394.95,5.416666666666667
2016-05-07,5,06:49:57,409.95,-1.9833333333333334
2016-05-07,5,07:04:57,424.95,1.8833333333333333
2016-05-07,5,07:19:57,439.95,-2.566666666666667
2016-05-07,5,07:34:57,454.95,-2.966666666666667
2016-05-07,5,07:49:57,469.95,-1.6
2016-05-07,5,08:04:57,484.95,-3.216666666666667
2016-05-07,5,08:18:57,498.95,-2.8833333333333333
2016-05-07,5,08:30:57,510.95,2.3666666666666667
2016-05-07,5,08:42:57,522.95,-2.566666666666667
2016-05-07,5,08:54:57,534.95,-0.3333333333333333
2016-05-07,5,09:06:57,546.95,-1.4833333333333334
2016-05-07,5,09:18:57,558.95,-3.9
2016-05-07,5,09:30:57,570.95,-2.6
2016-05-07,5,09:42:57,582.95,1.1166666666666667
2016-05-07,5,09:54:57,594.95,-1.7
2016-05-07,5,10:06:57,606.95,-1.6833333333333333
2016-05-07,5,10:18:57,618.95,1.1333333333333333
2016-05-07,5,10:30:57,630.95,-1.6
2016-05-07,5,10:41:57,641.95,0.7
2016-05-07,5,10:54:57,654.95,-0.75
2016-05-07,5,11:06:57,666.95,-1.0833333333333333
2016-05-07,5,11:18:57,678.95,-1.4833333333333334
2016-05-07,5,11:30:57,690.95,-3.9166666666666665
2016-05-07,5,11:42:57,702.95,-1.6666666666666667
2016-05-07,5,11:54:57,714.95,1.0166666666666666
2016-05-07,5,12:06:57,726.95,-2.9166666666666665
2016-05-07,5,12:18:57,738.95,-5.366666666666666
2016-05-07,5,12:30:57,750.95,-3.0
2016-05-07,5,12:42:57,762.95,-0.3333333333333333
2016-05-07,5,12:54:57,774.95,-0.38333333333333336
2016-05-07,5,13:06:57,786.95,-0.03333333333333333
2016-05-07,5,13:18:57,798.95,-2.4166666666666665
2016-05-07,5,13:30:57,810.95,-2.9833333333333334
2016-05-07,5,13:42:57,822.95,0.06666666666666667
2016-05-07,5,13:54:57,834.95,-1.6166666666666667
2016-05-07,5,14:06:57,846.95,-2.8333333333333335
2016-05-07,5,14:18:57,858.95,6.1
2016-05-07,5,14:30:57,870.95,-2.6166666666666667
2016-05-07,5,14:42:57,882.95,0.48333333333333334
2016-05-07,5,14:54:57,894.95,-0.3
2016-05-07,5,15:06:57,906.95,-1.7333333333333334
2016-05-07,5,15:18:57,918.95,-3.6666666666666665
2016-05-07,5,15:30:57,930.95,0.85
2016-05-07,5,15:42:57,942.95,0.4
2016-05-07,5,15:54:57,954.95,-0.3333333333333333
2016-05-07,5,16:06:57,966.95,-3.183333333333333
2016-05-07,5,16:18:57,978.95,-1.0166666666666666
2016-05-07,5,16:30:57,990.95,-0.7666666666666667
2016-05-07,5,16:42:57,1002.95,0.6333333333333333
2016-05-07,5,16:54:57,1014.95,-4.733333333333333
2016-05-07,5,17:06:57,1026.95,-8.4
2016-05-07,5,17:18:57,1038.95,-4.016666666666667
2016-05-07,5,17:30:57,1050.95,0.9833333333333333
2016-05-07,5,17:42:57,1062.95,-1.7666666666666666
2016-05-07,5,17:54:57,1074.95,-1.2833333333333334
2016-05-07,5,18:06:57,1086.95,-2.55
2016-05-07,5,18:18:57,1098.95,0.06666666666666667
2016-05-07,5,18:30:57,1110.95,-1.2666666666666666
2016-05-07,5,18:38:57,1118.95,-1.65
2016-05-07,5,18:49:57,1129.95,-0.7166666666666667
2016-05-07,5,19:04:57,1144.95,-3.7333333333333334
2016-05-07,5,19:19:57,1159.95,-1.3166666666666667
2016-05-07,5,19:34:57,1174.95,0.8666666666666667
2016-05-07,5,19:49:57,1189.95,-0.26666666666666666
2016-05-07,5,20:04:57,1204.95,-3.283333333333333
2016-05-07,5,20:19:57,1219.95,0.3333333333333333
2016-05-07,5,20:34:57,1234.95,0.05
2016-05-07,5,20:49:57,1249.95,-2.05
2016-05-07,5,21:04:57,1264.95,-2.0166666666666666
2016-05-07,5,21:19:57,1279.95,-2.3
2016-05-07,5,21:34:57,1294.95,0.016666666666666666
2016-05-07,5,21:49:57,1309.95,0.6166666666666667
2016-05-07,5,22:04:57,1324.95,0.3
2016-05-07,5,22:19:57,1339.95,-0.05
2016-05-07,5,22:34:57,1354.95,0.9166666666666666
2016-05-07,5,22:49:57,1369.95,-1.5833333333333333
2016-05-07,5,23:04:57,1384.95,-3.316666666666667
2016-05-07,5,23:19:57,1399.95,-5.333333333333333
2016-05-07,5,23:34:57,1414.95,-0.35
2016-05-07,5,23:49:57,1429.95,1.9166666666666667
2016-05-08,6,00:04:57,4.95,0.65
2016-05-08,6,00:34:57,34.95,4.116666666666666
2016-05-08,6,01:11:57,71.95,-2.15
2016-05-08,6,02:09:57,129.95,-0.26666666666666666
2016-05-08,6,06:04:58,364.96666666666664,-1.35
2016-05-08,6,06:19:58,379.96666666666664,0.3333333333333333
2016-05-08,6,07:19:58,439.96666666666664,0.36666666666666664
2016-05-08,6,07:34:58,454.96666666666664,1.35
2016-05-08,6,08:19:57,499.95,1.35
2016-05-08,6,10:34:57,634.95,2.3833333333333333
2016-05-08,6,10:49:57,649.95,0.7833333333333333
2016-05-08,6,11:04:57,664.95,-1.9666666666666666
2016-05-08,6,11:19:57,679.95,-2.2333333333333334
2016-05-08,6,11:34:57,694.95,-1.5666666666666667
2016-05-08,6,11:49:57,709.95,-0.2
2016-05-08,6,12:04:57,724.95,-1.9166666666666667
2016-05-08,6,12:19:57,739.95,1.3
2016-05-08,6,12:34:57,754.95,2.533333333333333
2016-05-08,6,12:49:57,769.95,-0.55
2016-05-08,6,13:04:57,784.95,0.38333333333333336
2016-05-08,6,13:19:57,799.95,0.25
2016-05-08,6,13:34:57,814.95,-0.25
2016-05-08,6,13:49:57,829.95,-1.4833333333333334
2016-05-08,6,14:04:57,844.95,0.7666666666666667
2016-05-08,6,14:19:57,859.95,0.5
2016-05-08,6,14:34:57,874.95,-1.5333333333333334
2016-05-08,6,14:49:57,889.95,-1.85
2016-05-08,6,15:04:57,904.95,-2.2333333333333334
2016-05-08,6,15:19:57,919.95,0.08333333333333333
2016-05-08,6,15:34:57,934.95,2.816666666666667
2016-05-08,6,15:49:57,949.95,1.0166666666666666
2016-05-08,6,16:04:57,964.95,-0.6333333333333333
2016-05-08,6,16:19:57,979.95,-0.9666666666666667
2016-05-08,6,16:34:57,994.95,0.0
2016-05-08,6,16:49:57,1009.95,2.033333333333333
2016-05-08,6,17:04:57,1024.95,-0.5666666666666667
2016-05-08,6,17:19:57,1039.95,1.7166666666666666
2016-05-08,6,17:34:57,1054.95,-1.2333333333333334
2016-05-08,6,17:49:57,1069.95,2.033333333333333
2016-05-08,6,18:04:57,1084.95,0.3333333333333333
2016-05-08,6,18:19:57,1099.95,3.0166666666666666
2016-05-08,6,18:34:57,1114.95,-0.35
2016-05-08,6,18:49:57,1129.95,-0.55
2016-05-08,6,19:04:57,1144.95,-0.6333333333333333
2016-05-08,6,19:19:57,1159.95,-0.9
2016-05-08,6,19:34:57,1174.95,1.3333333333333333
2016-05-08,6,19:49:57,1189.95,-0.6833333333333333
2016-05-08,6,20:04:57,1204.95,-4.616666666666666
2016-05-08,6,20:19:57,1219.95,1.6
2016-05-08,6,20:34:57,1234.95,-1.2333333333333334
2016-05-08,6,20:49:57,1249.95,-2.95
2016-05-08,6,21:04:57,1264.95,-1.9
2016-05-08,6,21:19:57,1279.95,-0.9666666666666667
2016-05-08,6,21:34:57,1294.95,-1.65
2016-05-08,6,21:49:57,1309.95,-2.8333333333333335
2016-05-08,6,22:04:57,1324.95,4.3
2016-05-08,6,22:19:57,1339.95,-4.016666666666667
2016-05-08,6,22:34:57,1354.95,1.0166666666666666
2016-05-08,6,22:49:57,1369.95,-0.65
2016-05-08,6,23:04:57,1384.95,-2.3666666666666667
2016-05-08,6,23:19:57,1399.95,-3.6666666666666665
2016-05-08,6,23:34:57,1414.95,-0.06666666666666667
2016-05-08,6,23:49:57,1429.95,-0.7333333333333333
2016-05-09,0,00:04:57,4.95,-1.0666666666666667
2016-05-09,0,00:34:57,34.95,0.9333333333333333
2016-05-09,0,01:11:57,71.95,-0.05
2016-05-09,0,02:09:57,129.95,-0.11666666666666667
2016-05-09,0,05:32:57,332.95,-1.0
2016-05-09,0,05:47:57,347.95,0.43333333333333335
2016-05-09,0,06:02:57,362.95,-0.9166666666666666
2016-05-09,0,06:15:57,375.95,0.03333333333333333
2016-05-09,0,06:25:57,385.95,0.7
2016-05-09,0,06:35:57,395.95,-0.6166666666666667
2016-05-09,0,06:45:57,405.95,-1.0666666666666667
2016-05-09,0,06:53:57,413.95,-0.6
2016-05-09,0,07:01:57,421.95,-3.6166666666666667
2016-05-09,0,07:10:57,430.95,-1.0666666666666667
2016-05-09,0,07:19:57,439.95,-1.1166666666666667
2016-05-09,0,07:28:57,448.95,-0.7166666666666667
2016-05-09,0,07:35:57,455.95,-0.5333333333333333
2016-05-09,0,07:42:57,462.95,0.2833333333333333
2016-05-09,0,07:50:57,470.95,0.1
2016-05-09,0,07:58:57,478.95,0.85
2016-05-09,0,08:07:57,487.95,-1.1
2016-05-09,0,08:14:57,494.95,7.016666666666667
2016-05-09,0,08:23:57,503.95,-0.21666666666666667
2016-05-09,0,08:31:57,511.95,-0.3333333333333333
2016-05-09,0,08:40:57,520.95,-0.6666666666666666
2016-05-09,0,08:48:57,528.95,1.5166666666666666
2016-05-09,0,08:56:57,536.95,2.716666666666667
2016-05-09,0,09:04:57,544.95,2.5833333333333335
2016-05-09,0,09:12:57,552.95,0.45
2016-05-09,0,09:20:57,560.95,-2.1666666666666665
2016-05-09,0,09:28:57,568.95,-1.0833333333333333
2016-05-09,0,09:35:57,575.95,-0.1
2016-05-09,0,09:44:57,584.95,-0.16666666666666666
2016-05-09,0,09:53:57,593.95,0.21666666666666667
2016-05-09,0,10:03:57,603.95,1.5333333333333334
2016-05-09,0,10:15:57,615.95,1.45
2016-05-09,0,10:27:57,627.95,-0.8333333333333334
2016-05-09,0,10:40:57,640.95,-1.0333333333333334
2016-05-09,0,10:52:57,652.95,-1.9166666666666667
2016-05-09,0,11:04:57,664.95,1.6166666666666667
2016-05-09,0,11:16:57,676.95,-1.0166666666666666
2016-05-09,0,11:28:57,688.95,-0.5833333333333334
2016-05-09,0,11:40:57,700.95,-1.8833333333333333
2016-05-09,0,11:51:57,711.95,0.016666666666666666
2016-05-09,0,12:03:57,723.95,-0.95
2016-05-09,0,12:15:57,735.95,-2.183333333333333
2016-05-09,0,12:28:57,748.95,-0.4166666666666667
2016-05-09,0,12:40:57,760.95,-0.5666666666666667
2016-05-09,0,12:52:57,772.95,1.7666666666666666
2016-05-09,0,13:04:57,784.95,-1.0166666666666666
2016-05-09,0,13:16:57,796.95,-0.6666666666666666
2016-05-09,0,13:28:57,808.95,-6.433333333333334
2016-05-09,0,13:40:56,820.9333333333333,0.26666666666666666
2016-05-09,0,13:52:56,832.9333333333333,-1.5666666666666667
2016-05-09,0,14:04:56,844.9333333333333,-3.1666666666666665
2016-05-09,0,14:16:56,856.9333333333333,0.26666666666666666
2016-05-09,0,14:26:56,866.9333333333333,-3.05
2016-05-09,0,14:38:56,878.9333333333333,-0.4166666666666667
2016-05-09,0,14:49:56,889.9333333333333,-1.6833333333333333
2016-05-09,0,14:55:56,895.9333333333333,-2.466666666666667
2016-05-09,0,14:58:56,898.9333333333333,-0.03333333333333333
2016-05-09,0,15:05:56,905.9333333333333,-3.4166666666666665
2016-05-09,0,15:11:56,911.9333333333333,-1.95
2016-05-09,0,15:17:56,917.9333333333333,-1.7833333333333334
2016-05-09,0,15:24:56,924.9333333333333,-1.6166666666666667
2016-05-09,0,15:31:56,931.9333333333333,-2.5166666666666666
2016-05-09,0,15:38:56,938.9333333333333,-3.35
2016-05-09,0,15:46:56,946.9333333333333,-1.9
2016-05-09,0,15:54:56,954.9333333333333,-1.5333333333333334
2016-05-09,0,16:01:56,961.9333333333333,0.4
2016-05-09,0,16:10:56,970.9333333333333,-3.3
2016-05-09,0,16:17:56,977.9333333333333,-1.9
2016-05-09,0,16:26:56,986.9333333333333,0.9666666666666667
2016-05-09,0,16:34:56,994.9333333333333,-0.9666666666666667
2016-05-09,0,16:40:56,1000.9333333333333,-1.8666666666666667
2016-05-09,0,16:46:56,1006.9333333333333,-0.9833333333333333
2016-05-09,0,16:51:56,1011.9333333333333,-0.9833333333333333
2016-05-09,0,16:56:56,1016.9333333333333,-0.38333333333333336
2016-05-09,0,17:01:56,1021.9333333333333,-2.45
2016-05-09,0,17:08:56,1028.9333333333334,0.06666666666666667
2016-05-09,0,17:14:56,1034.9333333333334,4.6
2016-05-09,0,17:20:56,1040.9333333333334,7.416666666666667
2016-05-09,0,17:26:56,1046.9333333333334,2.466666666666667
2016-05-09,0,17:32:56,1052.9333333333334,1.0666666666666667
2016-05-09,0,17:40:56,1060.9333333333334,0.9833333333333333
2016-05-09,0,17:48:56,1068.9333333333334,0.3
2016-05-09,0,17:58:56,1078.9333333333334,-0.6833333333333333
2016-05-09,0,18:05:56,1085.9333333333334,-2.0
2016-05-09,0,18:13:57,1093.95,-0.3333333333333333
2016-05-09,0,18:39:57,1119.95,0.0
2016-05-09,0,18:49:57,1129.95,-1.9333333333333333
2016-05-09,0,18:59:57,1139.95,0.95
2016-05-09,0,19:09:57,1149.95,-0.5833333333333334
2016-05-09,0,19:21:57,1161.95,-1.5166666666666666
2016-05-09,0,19:31:57,1171.95,-1.1166666666666667
2016-05-09,0,19:41:57,1181.95,0.7333333333333333
2016-05-09,0,19:52:57,1192.95,-3.533333333333333
2016-05-09,0,20:01:57,1201.95,-0.7333333333333333
2016-05-09,0,20:16:57,1216.95,2.0166666666666666
2016-05-09,0,20:31:57,1231.95,0.11666666666666667
2016-05-09,0,20:46:57,1246.95,-0.2833333333333333
2016-05-09,0,21:02:57,1262.95,-1.2
2016-05-09,0,21:17:57,1277.95,1.0666666666666667
2016-05-09,0,21:33:57,1293.95,0.75
2016-05-09,0,21:49:57,1309.95,2.0833333333333335
2016-05-09,0,22:03:57,1323.95,0.05
2016-05-09,0,22:18:57,1338.95,-2.65
2016-05-09,0,22:34:57,1354.95,0.06666666666666667
2016-05-09,0,22:49:57,1369.95,2.05
2016-05-09,0,23:04:57,1384.95,-0.16666666666666666
2016-05-09,0,23:19:57,1399.95,-1.1
2016-05-09,0,23:34:57,1414.95,-3.033333333333333
2016-05-09,0,23:49:57,1429.95,-0.7166666666666667
2016-05-10,1,00:04:57,4.95,-3.4833333333333334
2016-05-10,1,00:34:57,34.95,0.05
2016-05-10,1,01:11:57,71.95,-2.2
2016-05-10,1,02:09:57,129.95,-0.05
2016-05-10,1,05:32:57,332.95,-1.8833333333333333
2016-05-10,1,05:47:57,347.95,0.08333333333333333
2016-05-10,1,06:02:57,362.95,-0.7166666666666667
2016-05-10,1,06:15:57,375.95,-0.16666666666666666
2016-05-10,1,06:25:57,385.95,-2.6
2016-05-10,1,06:35:57,395.95,-2.15
2016-05-10,1,06:45:57,405.95,-1.0666666666666667
2016-05-10,1,06:53:57,413.95,-0.43333333333333335
2016-05-10,1,07:01:57,421.95,-2.0166666666666666
2016-05-10,1,07:10:57,430.95,0.7333333333333333
2016-05-10,1,07:19:57,439.95,-2.1
2016-05-10,1,07:28:57,448.95,-0.7166666666666667
2016-05-10,1,07:35:57,455.95,1.15
2016-05-10,1,07:42:57,462.95,-1.1166666666666667
2016-05-10,1,07:50:57,470.95,2.3
2016-05-10,1,07:58:57,478.95,1.25
2016-05-10,1,08:07:57,487.95,-1.9666666666666666
2016-05-10,1,08:14:57,494.95,0.9333333333333333
2016-05-10,1,08:23:57,503.95,-1.6333333333333333
2016-05-10,1,08:31:57,511.95,3.1333333333333333
2016-05-10,1,08:40:57,520.95,2.3833333333333333
2016-05-10,1,08:48:57,528.95,-0.11666666666666667
2016-05-10,1,08:56:57,536.95,5.716666666666667
2016-05-10,1,09:04:57,544.95,-1.1666666666666667
2016-05-10,1,09:12:57,552.95,1.95
2016-05-10,1,09:20:57,560.95,2.8
2016-05-10,1,09:28:57,568.95,-0.75
2016-05-10,1,09:35:57,575.95,-0.55
2016-05-10,1,09:44:57,584.95,2.3333333333333335
2016-05-10,1,09:53:57,593.95,-0.7
2016-05-10,1,10:03:57,603.95,-0.05
2016-05-10,1,10:15:57,615.95,-2.65
2016-05-10,1,10:27:57,627.95,-0.03333333333333333
2016-05-10,1,10:40:57,640.95,-1.9
2016-05-10,1,10:52:57,652.95,2.9166666666666665
2016-05-10,1,11:04:57,664.95,-0.8666666666666667
2016-05-10,1,11:16:57,676.95,-1.0
2016-05-10,1,11:28:57,688.95,-0.5833333333333334
2016-05-10,1,11:40:57,700.95,0.23333333333333334
2016-05-10,1,11:51:57,711.95,-0.9833333333333333
2016-05-10,1,12:03:57,723.95,-1.45
2016-05-10,1,12:15:57,735.95,-1.0833333333333333
2016-05-10,1,12:28:57,748.95,1.5333333333333334
2016-05-10,1,12:40:57,760.95,0.7666666666666667
2016-05-10,1,12:52:57,772.95,0.7666666666666667
2016-05-10,1,13:04:57,784.95,-1.1333333333333333
2016-05-10,1,13:16:57,796.95,-2.0
2016-05-10,1,13:28:57,808.95,-1.3833333333333333
2016-05-10,1,13:40:56,820.9333333333333,-2.4166666666666665
2016-05-10,1,13:52:56,832.9333333333333,-0.5333333333333333
2016-05-10,1,14:04:56,844.9333333333333,-2.05
2016-05-10,1,14:16:56,856.9333333333333,-3.216666666666667
2016-05-10,1,14:26:56,866.9333333333333,2.45
2016-05-10,1,14:38:56,878.9333333333333,-0.45
2016-05-10,1,14:49:56,889.9333333333333,-1.6166666666666667
2016-05-10,1,14:55:56,895.9333333333333,-0.4166666666666667
2016-05-10,1,14:58:56,898.9333333333333,-0.08333333333333333
2016-05-10,1,15:05:56,905.9333333333333,-1.8166666666666667
2016-05-10,1,15:11:56,911.9333333333333,-3.4
2016-05-10,1,15:17:56,917.9333333333333,2.3833333333333333
2016-05-10,1,15:24:56,924.9333333333333,-1.4166666666666667
2016-05-10,1,15:31:56,931.9333333333333,-1.0333333333333334
2016-05-10,1,15:38:56,938.9333333333333,-2.05
2016-05-10,1,15:46:56,946.9333333333333,-0.9166666666666666
2016-05-10,1,15:54:56,954.9333333333333,-0.7
2016-05-10,1,16:01:56,961.9333333333333,3.433333333333333
2016-05-10,1,16:10:56,970.9333333333333,-0.5833333333333334
2016-05-10,1,16:17:56,977.9333333333333,-0.6166666666666667
2016-05-10,1,16:26:56,986.9333333333333,-2.8333333333333335
2016-05-10,1,16:34:56,994.9333333333333,-0.5666666666666667
2016-05-10,1,16:40:56,1000.9333333333333,-2.0166666666666666
2016-05-10,1,16:46:56,1006.9333333333333,-1.9
2016-05-10,1,16:51:56,1011.9333333333333,-0.36666666666666664
2016-05-10,1,16:56:56,1016.9333333333333,-1.2666666666666666
2016-05-10,1,17:01:56,1021.9333333333333,-1.05
2016-05-10,1,17:08:56,1028.9333333333334,-0.6666666666666666
2016-05-10,1,17:14:56,1034.9333333333334,-0.4666666666666667
2016-05-10,1,17:20:56,1040.9333333333334,1.5
2016-05-10,1,17:26:56,1046.9333333333334,-0.55
2016-05-10,1,17:32:56,1052.9333333333334,-1.95
2016-05-10,1,17:40:56,1060.9333333333334,1.8833333333333333
2016-05-10,1,17:48:56,1068.9333333333334,3.3666666666666667
2016-05-10,1,17:58:56,1078.9333333333334,-2.05
2016-05-10,1,18:05:56,1085.9333333333334,-1.55
2016-05-10,1,18:13:57,1093.95,-0.31666666666666665
2016-05-10,1,18:27:57,1107.95,-2.316666666666667
2016-05-10,1,18:39:57,1119.95,0.03333333333333333
2016-05-10,1,18:49:57,1129.95,-2.0166666666666666
2016-05-10,1,18:59:57,1139.95,-1.1666666666666667
2016-05-10,1,19:09:57,1149.95,-0.6166666666666667
2016-05-10,1,19:21:57,1161.95,-0.2833333333333333
2016-05-10,1,19:31:57,1171.95,-1.2666666666666666
2016-05-10,1,19:41:57,1181.95,-0.3333333333333333
2016-05-10,1,19:52:57,1192.95,-2.1666666666666665
2016-05-10,1,20:01:57,1201.95,-1.65
2016-05-10,1,20:16:57,1216.95,-2.3666666666666667
2016-05-10,1,20:31:57,1231.95,-1.3333333333333333
2016-05-10,1,20:46:57,1246.95,-1.5333333333333334
2016-05-10,1,21:02:57,1262.95,-1.35
2016-05-10,1,21:17:57,1277.95,-0.18333333333333332
2016-05-10,1,21:33:57,1293.95,-1.6833333333333333
2016-05-10,1,21:49:57,1309.95,-2.0166666666666666
2016-05-10,1,22:18:57,1338.95,-1.6833333333333333
2016-05-10,1,22:34:57,1354.95,-2.5
2016-05-10,1,22:49:57,1369.95,-0.6833333333333333
2016-05-10,1,23:04:57,1384.95,-0.9666666666666667
2016-05-10,1,23:19:57,1399.95,0.03333333333333333
2016-05-10,1,23:34:57,1414.95,-1.6166666666666667
2016-05-10,1,23:49:57,1429.95,-1.95
2016-05-11,2,00:04:57,4.95,-2.1
2016-05-11,2,00:34:57,34.95,-0.25
2016-05-11,2,01:11:57,71.95,-0.06666666666666667
2016-05-11,2,02:09:57,129.95,-2.5166666666666666
2016-05-11,2,03:24:57,204.95,0.4666666666666667
2016-05-11,2,05:32:57,332.95,-1.9
2016-05-11,2,05:47:57,347.95,0.38333333333333336
2016-05-11,2,06:02:57,362.95,2.5
2016-05-11,2,06:15:57,375.95,-4.616666666666666
2016-05-11,2,06:25:57,385.95,-0.6166666666666667
2016-05-11,2,06:35:57,395.95,-1.6666666666666667
2016-05-11,2,06:45:57,405.95,-1.6
2016-05-11,2,06:53:57,413.95,0.9
2016-05-11,2,07:01:57,421.95,-2.0166666666666666
2016-05-11,2,07:10:57,430.95,-1.9666666666666666
2016-05-11,2,07:19:57,439.95,-1.0666666666666667
2016-05-11,2,07:28:57,448.95,0.4166666666666667
2016-05-11,2,07:35:57,455.95,-0.5166666666666667
2016-05-11,2,07:42:57,462.95,-0.9166666666666666
2016-05-11,2,07:50:57,470.95,0.9
2016-05-11,2,07:58:57,478.95,3.85
2016-05-11,2,08:07:57,487.95,1.0
2016-05-11,2,08:14:57,494.95,-2.0833333333333335
2016-05-11,2,08:23:57,503.95,3.9166666666666665
2016-05-11,2,08:31:57,511.95,-0.5833333333333334
2016-05-11,2,08:40:57,520.95,2.933333333333333
2016-05-11,2,08:48:57,528.95,-1.0166666666666666
2016-05-11,2,08:56:57,536.95,-1.55
2016-05-11,2,09:04:57,544.95,-2.15
2016-05-11,2,09:12:57,552.95,0.9333333333333333
2016-05-11,2,09:20:57,560.95,-1.7333333333333334
2016-05-11,2,09:28:57,568.95,0.5166666666666667
2016-05-11,2,09:35:57,575.95,1.2833333333333334
2016-05-11,2,09:44:57,584.95,-0.08333333333333333
2016-05-11,2,09:53:57,593.95,-0.6
2016-05-11,2,10:03:57,603.95,0.08333333333333333
2016-05-11,2,10:15:57,615.95,-2.216666666666667
2016-05-11,2,10:27:57,627.95,-0.03333333333333333
2016-05-11,2,10:40:57,640.95,-0.9
2016-05-11,2,10:52:57,652.95,-2.35
2016-05-11,2,11:04:57,664.95,-2.05
2016-05-11,2,11:16:57,676.95,-2.2333333333333334
2016-05-11,2,11:28:57,688.95,-0.6666666666666666
2016-05-11,2,11:40:57,700.95,-1.0166666666666666
2016-05-11,2,11:51:57,711.95,1.2333333333333334
2016-05-11,2,12:03:57,723.95,0.2833333333333333
2016-05-11,2,12:15:57,735.95,-2.683333333333333
2016-05-11,2,12:28:57,748.95,-1.9166666666666667
2016-05-11,2,12:40:57,760.95,1.7666666666666666
2016-05-11,2,12:52:57,772.95,-2.183333333333333
2016-05-11,2,13:04:57,784.95,-0.55
2016-05-11,2,13:16:57,796.95,0.5833333333333334
2016-05-11,2,13:28:57,808.95,-0.85
2016-05-11,2,13:40:56,820.9333333333333,-2.316666666666667
2016-05-11,2,13:52:56,832.9333333333333,-0.65
2016-05-11,2,14:04:56,844.9333333333333,-2.1666666666666665
2016-05-11,2,14:16:56,856.9333333333333,-0.36666666666666664
2016-05-11,2,14:26:56,866.9333333333333,-1.5833333333333333
2016-05-11,2,14:38:56,878.9333333333333,-0.25
2016-05-11,2,14:49:56,889.9333333333333,-1.9
2016-05-11,2,14:55:56,895.9333333333333,-2.35
2016-05-11,2,14:58:56,898.9333333333333,2.05
2016-05-11,2,15:05:56,905.9333333333333,-3.3833333333333333
2016-05-11,2,15:11:56,911.9333333333333,0.8666666666666667
2016-05-11,2,15:17:56,917.9333333333333,4.166666666666667
2016-05-11,2,15:24:56,924.9333333333333,-2.5
2016-05-11,2,15:31:56,931.9333333333333,-0.43333333333333335
2016-05-11,2,15:38:56,938.9333333333333,-1.55
2016-05-11,2,15:46:56,946.9333333333333,0.7
2016-05-11,2,15:54:56,954.9333333333333,-0.9333333333333333
2016-05-11,2,16:01:56,961.9333333333333,0.43333333333333335
2016-05-11,2,16:10:56,970.9333333333333,-2.6333333333333333
2016-05-11,2,16:17:56,977.9333333333333,-0.35
2016-05-11,2,16:26:56,986.9333333333333,-0.45
2016-05-11,2,16:34:56,994.9333333333333,-2.4
2016-05-11,2,16:40:56,1000.9333333333333,-0.65
2016-05-11,2,16:46:56,1006.9333333333333,17.083333333333332
2016-05-11,2,16:51:56,1011.9333333333333,-1.5
2016-05-11,2,16:56:56,1016.9333333333333,4.05
2016-05-11,2,17:01:56,1021.9333333333333,6.966666666666667
2016-05-11,2,17:08:56,1028.9333333333334,1.3833333333333333
2016-05-11,2,17:14:56,1034.9333333333334,6.9
2016-05-11,2,17:20:56,1040.9333333333334,3.8833333333333333
2016-05-11,2,17:26:56,1046.9333333333334,0.8833333333333333
2016-05-11,2,17:32:56,1052.9333333333334,2.5166666666666666
2016-05-11,2,17:40:56,1060.9333333333334,-2.466666666666667
2016-05-11,2,17:48:56,1068.9333333333334,0.13333333333333333
2016-05-11,2,17:58:56,1078.9333333333334,-0.8333333333333334
2016-05-11,2,18:05:56,1085.9333333333334,-3.15
2016-05-11,2,18:13:57,1093.95,-3.1
2016-05-11,2,18:27:57,1107.95,-0.05
2016-05-11,2,18:39:57,1119.95,-3.0166666666666666
2016-05-11,2,18:49:57,1129.95,1.4166666666666667
2016-05-11,2,18:59:57,1139.95,4.383333333333334
2016-05-11,2,19:09:57,1149.95,-0.6333333333333333
2016-05-11,2,19:21:57,1161.95,-1.55
2016-05-11,2,19:31:57,1171.95,-1.3
2016-05-11,2,19:41:57,1181.95,-2.05
2016-05-11,2,19:52:57,1192.95,-1.0333333333333334
2016-05-11,2,20:01:57,1201.95,-1.3833333333333333
2016-05-11,2,20:16:57,1216.95,1.8833333333333333
2016-05-11,2,20:31:57,1231.95,3.9166666666666665
2016-05-11,2,20:46:57,1246.95,-1.65
2016-05-11,2,21:02:57,1262.95,0.11666666666666667
2016-05-11,2,21:17:57,1277.95,2.183333333333333
2016-05-11,2,21:33:57,1293.95,-0.65
2016-05-11,2,21:49:57,1309.95,0.8
2016-05-11,2,22:03:57,1323.95,1.4
2016-05-11,2,22:18:57,1338.95,-3.033333333333333
2016-05-11,2,22:34:57,1354.95,-0.4
2016-05-11,2,22:49:57,1369.95,-2.1166666666666667
2016-05-11,2,23:04:57,1384.95,-0.5
2016-05-11,2,23:19:57,1399.95,-2.2666666666666666
2016-05-11,2,23:34:57,1414.95,1.0166666666666666
2016-05-11,2,23:49:57,1429.95,-1.6333333333333333
2016-05-12,3,00:04:57,4.95,-2.4166666666666665
2016-05-12,3,00:34:57,34.95,-1.65
2016-05-12,3,01:11:57,71.95,-0.03333333333333333
2016-05-12,3,02:09:57,129.95,0.6833333333333333
2016-05-12,3,03:24:57,204.95,-0.4666666666666667
2016-05-12,3,05:32:57,332.95,-0.95
2016-05-12,3,05:47:57,347.95,-0.03333333333333333
2016-05-12,3,06:02:57,362.95,-1.2166666666666666
2016-05-12,3,06:15:57,375.95,0.2833333333333333
2016-05-12,3,06:25:57,385.95,0.2833333333333333
2016-05-12,3,06:35:57,395.95,-1.3833333333333333
2016-05-12,3,06:45:57,405.95,-1.1166666666666667
2016-05-12,3,06:53:57,413.95,0.9
2016-05-12,3,07:01:57,421.95,-3.683333333333333
2016-05-12,3,07:10:57,430.95,0.9333333333333333
2016-05-12,3,07:19:57,439.95,-0.7166666666666667
2016-05-12,3,07:28:57,448.95,-0.6333333333333333
2016-05-12,3,07:35:57,455.95,-0.4
2016-05-12,3,07:42:57,462.95,0.2833333333333333
2016-05-12,3,07:50:57,470.95,-1.6
2016-05-12,3,07:58:57,478.95,1.2833333333333334
2016-05-12,3,08:07:57,487.95,3.966666666666667
2016-05-12,3,08:14:57,494.95,1.5
2016-05-12,3,08:23:57,503.95,-3.1
2016-05-12,3,08:31:57,511.95,-0.5
2016-05-12,3,08:40:57,520.95,0.85
2016-05-12,3,08:48:57,528.95,0.48333333333333334
2016-05-12,3,08:56:57,536.95,7.766666666666667
2016-05-12,3,09:04:57,544.95,-2.05
2016-05-12,3,09:12:57,552.95,-0.11666666666666667
2016-05-12,3,09:20:57,560.95,0.43333333333333335
2016-05-12,3,09:28:57,568.95,0.75
2016-05-12,3,09:35:57,575.95,0.8166666666666667
2016-05-12,3,09:44:57,584.95,-0.18333333333333332
2016-05-12,3,09:53:57,593.95,-0.11666666666666667
2016-05-12,3,10:03:57,603.95,-0.08333333333333333
2016-05-12,3,10:15:57,615.95,-1.2666666666666666
2016-05-12,3,10:27:57,627.95,-0.9166666666666666
2016-05-12,3,10:40:57,640.95,-3.75
2016-05-12,3,10:52:57,652.95,-1.0166666666666666
2016-05-12,3,11:04:57,664.95,-1.9333333333333333
2016-05-12,3,11:16:57,676.95,-2.35
2016-05-12,3,11:28:57,688.95,2.066666666666667
2016-05-12,3,11:40:57,700.95,-0.6666666666666666
2016-05-12,3,11:51:57,711.95,-1.4
2016-05-12,3,12:03:57,723.95,2.65
2016-05-12,3,12:15:57,735.95,-0.95
2016-05-12,3,12:28:57,748.95,0.2833333333333333
2016-05-12,3,12:40:57,760.95,-0.8833333333333333
2016-05-12,3,12:52:57,772.95,-0.5666666666666667
2016-05-12,3,13:04:57,784.95,-2.066666666666667
2016-05-12,3,13:16:57,796.95,-1.0833333333333333
2016-05-12,3,13:28:57,808.95,-3.6
2016-05-12,3,13:40:56,820.9333333333333,-0.4666666666666667
2016-05-12,3,13:52:56,832.9333333333333,0.4
2016-05-12,3,14:04:56,844.9333333333333,-2.25
2016-05-12,3,14:16:56,856.9333333333333,0.7666666666666667
2016-05-12,3,14:26:56,866.9333333333333,-1.6333333333333333
2016-05-12,3,14:38:56,878.9333333333333,-0.4666666666666667
2016-05-12,3,14:49:56,889.9333333333333,-2.35
2016-05-12,3,14:55:56,895.9333333333333,-1.75
2016-05-12,3,14:58:56,898.9333333333333,0.5333333333333333
2016-05-12,3,15:05:56,905.9333333333333,-0.35
2016-05-12,3,15:11:56,911.9333333333333,-1.8333333333333333
2016-05-12,3,15:17:56,917.9333333333333,-1.2833333333333334
2016-05-12,3,15:24:56,924.9333333333333,-1.4666666666666666
2016-05-12,3,15:31:56,931.9333333333333,-0.9
2016-05-12,3,15:38:56,938.9333333333333,-0.5666666666666667
2016-05-12,3,15:46:56,946.9333333333333,0.6666666666666666
2016-05-12,3,15:54:56,954.9333333333333,1.4833333333333334
2016-05-12,3,16:01:56,961.9333333333333,-1.7666666666666666
2016-05-12,3,16:10:56,970.9333333333333,-0.5666666666666667
2016-05-12,3,16:17:56,977.9333333333333,0.95
2016-05-12,3,16:26:56,986.9333333333333,-1.95
2016-05-12,3,16:34:56,994.9333333333333,0.65
2016-05-12,3,16:40:56,1000.9333333333333,-2.4166666666666665
2016-05-12,3,16:46:56,1006.9333333333333,-0.48333333333333334
2016-05-12,3,16:51:56,1011.9333333333333,0.11666666666666667
2016-05-12,3,16:56:56,1016.9333333333333,-0.38333333333333336
2016-05-12,3,17:01:56,1021.9333333333333,2.2333333333333334
2016-05-12,3,17:08:56,1028.9333333333334,-1.15
2016-05-12,3,17:14:56,1034.9333333333334,-0.38333333333333336
2016-05-12,3,17:20:56,1040.9333333333334,0.11666666666666667
2016-05-12,3,17:26:56,1046.9333333333334,-2.95
2016-05-12,3,17:32:56,1052.9333333333334,1.6666666666666667
2016-05-12,3,17:40:56,1060.9333333333334,3.45
2016-05-12,3,17:48:56,1068.9333333333334,-1.0166666666666666
2016-05-12,3,17:58:56,1078.9333333333334,6.433333333333334
2016-05-12,3,18:05:56,1085.9333333333334,-1.05
2016-05-12,3,18:13:57,1093.95,-1.6833333333333333
2016-05-12,3,18:27:57,1107.95,3.6333333333333333
2016-05-12,3,18:39:57,1119.95,1.9166666666666667
2016-05-12,3,18:49:57,1129.95,-0.13333333333333333
2016-05-12,3,18:59:57,1139.95,-0.3333333333333333
2016-05-12,3,19:09:57,1149.95,-1.7166666666666666
2016-05-12,3,19:21:57,1161.95,-0.6333333333333333
2016-05-12,3,19:31:57,1171.95,-1.3833333333333333
2016-05-12,3,19:41:57,1181.95,-0.5
2016-05-12,3,19:52:57,1192.95,-0.9333333333333333
2016-05-12,3,20:01:57,1201.95,-0.7166666666666667
2016-05-12,3,20:16:57,1216.95,1.7833333333333334
2016-05-12,3,20:31:57,1231.95,2.566666666666667
2016-05-12,3,20:46:57,1246.95,-1.3833333333333333
2016-05-12,3,21:02:57,1262.95,1.3
2016-05-12,3,21:17:57,1277.95,0.6
2016-05-12,3,21:33:57,1293.95,-0.31666666666666665
2016-05-12,3,21:49:57,1309.95,-0.45
2016-05-12,3,22:03:57,1323.95,3.966666666666667
2016-05-12,3,22:18:57,1338.95,-0.5166666666666667
2016-05-12,3,22:34:57,1354.95,0.03333333333333333
2016-05-12,3,22:49:57,1369.95,-1.6
2016-05-12,3,23:04:57,1384.95,0.7333333333333333
2016-05-12,3,23:19:57,1399.95,0.0
2016-05-12,3,23:34:57,1414.95,-1.2333333333333334
2016-05-12,3,23:49:57,1429.95,-0.7
2016-05-13,4,00:04:57,4.95,-0.6166666666666667
2016-05-13,4,00:34:57,34.95,-1.5333333333333334
2016-05-13,4,01:11:57,71.95,0.23333333333333334
2016-05-13,4,02:09:57,129.95,0.6
2016-05-13,4,05:32:57,332.95,-2.3666666666666667
2016-05-13,4,05:47:57,347.95,-2.2333333333333334
2016-05-13,4,06:02:57,362.95,-1.3666666666666667
2016-05-13,4,06:15:57,375.95,-1.0833333333333333
2016-05-13,4,06:25:57,385.95,0.2833333333333333
2016-05-13,4,06:35:57,395.95,-0.55
2016-05-13,4,06:45:57,405.95,-1.6
2016-05-13,4,06:53:57,413.95,-1.7333333333333334
2016-05-13,4,07:01:57,421.95,-2.15
2016-05-13,4,07:10:57,430.95,-0.55
2016-05-13,4,07:19:57,439.95,-1.1666666666666667
2016-05-13,4,07:28:57,448.95,0.45
2016-05-13,4,07:35:57,455.95,-1.7166666666666666
2016-05-13,4,07:42:57,462.95,0.38333333333333336
2016-05-13,4,07:50:57,470.95,-0.5833333333333334
2016-05-13,4,07:58:57,478.95,-0.65
2016-05-13,4,08:07:57,487.95,-3.35
2016-05-13,4,08:14:57,494.95,-0.25
2016-05-13,4,08:23:57,503.95,-0.5166666666666667
2016-05-13,4,08:31:57,511.95,0.7833333333333333
2016-05-13,4,08:40:57,520.95,3.7666666666666666
2016-05-13,4,08:48:57,528.95,3.283333333333333
2016-05-13,4,08:56:57,536.95,-1.4833333333333334
2016-05-13,4,09:04:57,544.95,-0.7166666666666667
2016-05-13,4,09:12:57,552.95,-3.466666666666667
2016-05-13,4,09:20:57,560.95,-3.1166666666666667
2016-05-13,4,09:28:57,568.95,-0.6666666666666666
2016-05-13,4,09:35:57,575.95,-0.5166666666666667
2016-05-13,4,09:44:57,584.95,1.2333333333333334
2016-05-13,4,09:53:57,593.95,-1.6666666666666667
2016-05-13,4,10:03:57,603.95,0.25
2016-05-13,4,10:15:57,615.95,1.5333333333333334
2016-05-13,4,10:27:57,627.95,-0.8666666666666667
2016-05-13,4,10:40:57,640.95,-0.5833333333333334
2016-05-13,4,10:52:57,652.95,2.8666666666666667
2016-05-13,4,11:04:57,664.95,-0.6833333333333333
2016-05-13,4,11:16:57,676.95,-2.216666666666667
2016-05-13,4,11:28:57,688.95,1.7166666666666666
2016-05-13,4,11:40:57,700.95,1.6
2016-05-13,4,11:51:57,711.95,0.36666666666666664
2016-05-13,4,12:03:57,723.95,0.6333333333333333
2016-05-13,4,12:15:57,735.95,-0.8166666666666667
2016-05-13,4,12:28:57,748.95,-1.7166666666666666
2016-05-13,4,12:40:57,760.95,-2.2333333333333334
2016-05-13,4,12:52:57,772.95,0.5333333333333333
2016-05-13,4,13:04:57,784.95,-1.8333333333333333
2016-05-13,4,13:16:57,796.95,-1.8833333333333333
2016-05-13,4,13:28:57,808.95,-2.25
2016-05-13,4,13:40:56,820.9333333333333,-0.36666666666666664
2016-05-13,4,13:52:56,832.9333333333333,2.2
2016-05-13,4,14:04:56,844.9333333333333,-0.8
2016-05-13,4,14:16:56,856.9333333333333,-0.95
2016-05-13,4,14:26:56,866.9333333333333,1.6833333333333333
2016-05-13,4,14:38:56,878.9333333333333,-0.23333333333333334
2016-05-13,4,14:49:56,889.9333333333333,-1.0666666666666667
2016-05-13,4,14:55:56,895.9333333333333,-3.216666666666667
2016-05-13,4,14:58:56,898.9333333333333,-0.8833333333333333
2016-05-13,4,15:05:56,905.9333333333333,-3.3666666666666667
2016-05-13,4,15:11:56,911.9333333333333,-1.95
2016-05-13,4,15:17:56,917.9333333333333,-1.3166666666666667
2016-05-13,4,15:24:56,924.9333333333333,0.38333333333333336
2016-05-13,4,15:31:56,931.9333333333333,-1.85
2016-05-13,4,15:38:56,938.9333333333333,-2.933333333333333
2016-05-13,4,15:46:56,946.9333333333333,-1.8
2016-05-13,4,15:54:56,954.9333333333333,2.95
2016-05-13,4,16:01:56,961.9333333333333,-0.36666666666666664
2016-05-13,4,16:10:56,970.9333333333333,-2.533333333333333
2016-05-13,4,16:17:56,977.9333333333333,-2.9
2016-05-13,4,16:26:56,986.9333333333333,-0.03333333333333333
2016-05-13,4,16:34:56,994.9333333333333,-0.65
2016-05-13,4,16:40:56,1000.9333333333333,-1.7666666666666666
2016-05-13,4,16:46:56,1006.9333333333333,0.48333333333333334
2016-05-13,4,16:51:56,1011.9333333333333,-2.4833333333333334
2016-05-13,4,16:56:56,1016.9333333333333,0.21666666666666667
2016-05-13,4,17:01:56,1021.9333333333333,2.466666666666667
2016-05-13,4,17:08:56,1028.9333333333334,3.8666666666666667
2016-05-13,4,17:14:56,1034.9333333333334,1.1333333333333333
2016-05-13,4,17:20:56,1040.9333333333334,3.9833333333333334
2016-05-13,4,17:26:56,1046.9333333333334,-0.9833333333333333
2016-05-13,4,17:32:56,1052.9333333333334,0.1
2016-05-13,4,17:40:56,1060.9333333333334,-0.8666666666666667
2016-05-13,4,17:48:56,1068.9333333333334,-0.8666666666666667
2016-05-13,4,17:58:56,1078.9333333333334,1.1
2016-05-13,4,18:05:56,1085.9333333333334,-0.15
2016-05-13,4,18:13:57,1093.95,-0.9333333333333333
2016-05-13,4,18:27:57,1107.95,-0.05
2016-05-13,4,18:39:57,1119.95,-1.55
2016-05-13,4,18:49:57,1129.95,-1.75
2016-05-13,4,18:59:57,1139.95,0.8666666666666667
2016-05-13,4,19:09:57,1149.95,-0.2
2016-05-13,4,19:21:57,1161.95,-0.23333333333333334
2016-05-13,4,19:31:57,1171.95,-0.8166666666666667
2016-05-13,4,19:41:57,1181.95,-1.9
2016-05-13,4,19:52:57,1192.95,-1.9666666666666666
2016-05-13,4,20:01:57,1201.95,-0.2833333333333333
2016-05-13,4,20:16:57,1216.95,1.6166666666666667
2016-05-13,4,20:31:57,1231.95,0.4
2016-05-13,4,20:46:57,1246.95,0.13333333333333333
2016-05-13,4,21:02:57,1262.95,-1.6666666666666667
2016-05-13,4,21:17:57,1277.95,-1.7833333333333334
2016-05-13,4,21:33:57,1293.95,-0.75
2016-05-13,4,21:49:57,1309.95,-0.2
2016-05-13,4,22:03:57,1323.95,-0.6666666666666666
2016-05-13,4,22:18:57,1338.95,-0.11666666666666667
2016-05-13,4,22:34:57,1354.95,0.8666666666666667
2016-05-13,4,22:49:57,1369.95,0.5666666666666667
2016-05-13,4,23:04:57,1384.95,0.3333333333333333
2016-05-13,4,23:19:57,1399.95,-1.3333333333333333
2016-05-13,4,23:34:57,1414.95,-3.0166666666666666
2016-05-13,4,23:49:57,1429.95,-1.9666666666666666
2016-05-14,5,00:04:57,4.95,0.3333333333333333
2016-05-14,5,00:34:57,34.95,1.3666666666666667
2016-05-14,5,01:11:57,71.95,-4.033333333333333
2016-05-14,5,02:09:57,129.95,-1.5666666666666667
2016-05-14,5,05:34:57,334.95,-1.5666666666666667
2016-05-14,5,06:04:57,364.95,-1.0833333333333333
2016-05-14,5,06:19:57,379.95,-0.8333333333333334
2016-05-14,5,06:34:57,394.95,-1.6833333333333333
2016-05-14,5,06:49:57,409.95,-1.7166666666666666
2016-05-14,5,07:04:57,424.95,-1.0
2016-05-14,5,07:19:57,439.95,-1.35
2016-05-14,5,07:34:57,454.95,-1.6166666666666667
2016-05-14,5,07:49:57,469.95,-0.6666666666666666
2016-05-14,5,08:18:57,498.95,-0.2833333333333333
2016-05-14,5,08:30:57,510.95,-2.55
2016-05-14,5,08:42:57,522.95,-1.65
2016-05-14,5,08:54:57,534.95,-1.6666666666666667
2016-05-14,5,09:06:57,546.95,-0.35
2016-05-14,5,09:18:57,558.95,-0.25
2016-05-14,5,09:30:57,570.95,-1.05
2016-05-14,5,09:42:57,582.95,-1.65
2016-05-14,5,09:54:57,594.95,-2.283333333333333
2016-05-14,5,10:18:57,618.95,-1.6
2016-05-14,5,10:30:57,630.95,-1.65
2016-05-14,5,10:41:57,641.95,1.15
2016-05-14,5,10:54:57,654.95,-0.36666666666666664
2016-05-14,5,11:06:57,666.95,-1.25
2016-05-14,5,11:18:57,678.95,-1.4
2016-05-14,5,11:30:57,690.95,0.9833333333333333
2016-05-14,5,11:42:57,702.95,-1.4833333333333334
2016-05-14,5,11:54:57,714.95,-1.1
2016-05-14,5,12:06:57,726.95,-2.6333333333333333
2016-05-14,5,12:18:57,738.95,-1.3166666666666667
2016-05-14,5,12:30:57,750.95,-1.2333333333333334
2016-05-14,5,12:42:57,762.95,-1.15
2016-05-14,5,12:54:57,774.95,0.9833333333333333
2016-05-14,5,13:06:57,786.95,1.1333333333333333
2016-05-14,5,13:18:57,798.95,-2.8
2016-05-14,5,13:30:57,810.95,1.1166666666666667
2016-05-14,5,13:42:57,822.95,-1.6333333333333333
2016-05-14,5,13:54:57,834.95,1.0666666666666667
2016-05-14,5,14:06:57,846.95,-2.6166666666666667
2016-05-14,5,14:18:57,858.95,1.1333333333333333
2016-05-14,5,14:30:57,870.95,-3.8333333333333335
2016-05-14,5,14:42:57,882.95,-3.0166666666666666
2016-05-14,5,14:54:57,894.95,-1.15
2016-05-14,5,15:06:57,906.95,-1.2166666666666666
2016-05-14,5,15:18:57,918.95,-2.933333333333333
2016-05-14,5,15:30:57,930.95,1.45
2016-05-14,5,15:42:57,942.95,-0.31666666666666665
2016-05-14,5,15:54:57,954.95,0.9666666666666667
2016-05-14,5,16:06:57,966.95,-2.6333333333333333
2016-05-14,5,16:18:57,978.95,-2.5833333333333335
2016-05-14,5,16:30:57,990.95,-2.5833333333333335
2016-05-14,5,16:42:57,1002.95,-0.2
2016-05-14,5,16:54:57,1014.95,-2.9833333333333334
2016-05-14,5,17:06:57,1026.95,-7.7
2016-05-14,5,17:18:57,1038.95,-2.5833333333333335
2016-05-14,5,17:30:57,1050.95,0.15
2016-05-14,5,17:42:57,1062.95,-2.6333333333333333
2016-05-14,5,17:54:57,1074.95,0.15
2016-05-14,5,18:06:57,1086.95,-2.5833333333333335
2016-05-14,5,18:18:57,1098.95,-1.5333333333333334
2016-05-14,5,18:30:57,1110.95,-2.65
2016-05-14,5,18:38:57,1118.95,-2.566666666666667
2016-05-14,5,18:49:57,1129.95,-2.033333333333333
2016-05-14,5,19:04:57,1144.95,-3.683333333333333
2016-05-14,5,19:19:57,1159.95,0.36666666666666664
2016-05-14,5,19:34:57,1174.95,-0.3
2016-05-14,5,19:49:57,1189.95,-0.18333333333333332
2016-05-14,5,20:04:57,1204.95,-1.85
2016-05-14,5,20:19:57,1219.95,1.8
2016-05-14,5,20:34:57,1234.95,-1.35
2016-05-14,5,20:49:57,1249.95,-1.95
2016-05-14,5,21:04:57,1264.95,-1.8333333333333333
2016-05-14,5,21:19:57,1279.95,-0.03333333333333333
2016-05-14,5,21:34:57,1294.95,0.13333333333333333
2016-05-14,5,21:49:57,1309.95,-1.6666666666666667
2016-05-14,5,22:04:57,1324.95,0.5
2016-05-14,5,22:19:57,1339.95,-4.1
2016-05-14,5,22:34:57,1354.95,2.3
2016-05-14,5,22:49:57,1369.95,-0.7166666666666667
2016-05-14,5,23:04:57,1384.95,-2.05
2016-05-14,5,23:19:57,1399.95,-2.683333333333333
2016-05-14,5,23:34:57,1414.95,-1.6833333333333333
2016-05-14,5,23:49:57,1429.95,-1.65
2016-05-15,6,00:04:57,4.95,0.8
2016-05-15,6,00:34:57,34.95,-1.2166666666666666
2016-05-15,6,01:11:57,71.95,-4.083333333333333
2016-05-15,6,02:09:57,129.95,0.9833333333333333
2016-05-15,6,03:24:57,204.95,-0.5333333333333333
2016-05-15,6,05:31:58,331.96666666666664,0.35
2016-05-15,6,06:04:58,364.96666666666664,-1.0333333333333334
2016-05-15,6,06:19:58,379.96666666666664,1.6666666666666667
2016-05-15,6,06:34:58,394.96666666666664,0.9333333333333333
2016-05-15,6,06:49:58,409.96666666666664,-0.31666666666666665
2016-05-15,6,07:04:58,424.96666666666664,-0.9333333333333333
2016-05-15,6,07:19:58,439.96666666666664,-0.016666666666666666
2016-05-15,6,07:34:58,454.96666666666664,0.016666666666666666
2016-05-15,6,07:49:58,469.96666666666664,-0.35
2016-05-15,6,08:04:58,484.96666666666664,-0.8
2016-05-15,6,08:19:57,499.95,-0.8666666666666667
2016-05-15,6,08:34:57,514.95,-0.3
2016-05-15,6,08:49:57,529.95,-1.6333333333333333
2016-05-15,6,09:04:57,544.95,-0.7
2016-05-15,6,09:19:57,559.95,-0.8666666666666667
2016-05-15,6,09:34:57,574.95,-1.2166666666666666
2016-05-15,6,09:49:57,589.95,-1.5333333333333334
2016-05-15,6,10:04:57,604.95,0.7166666666666667
2016-05-15,6,10:19:57,619.95,-1.3666666666666667
2016-05-15,6,10:34:57,634.95,2.75
2016-05-15,6,10:49:57,649.95,-1.9
2016-05-15,6,11:04:57,664.95,-2.2666666666666666
2016-05-15,6,11:19:57,679.95,1.6166666666666667
2016-05-15,6,11:34:57,694.95,-1.45
2016-05-15,6,11:49:57,709.95,-0.5666666666666667
2016-05-15,6,12:04:57,724.95,3.45
2016-05-15,6,12:19:57,739.95,-0.9166666666666666
2016-05-15,6,12:34:57,754.95,0.16666666666666666
2016-05-15,6,12:49:57,769.95,-1.5166666666666666
2016-05-15,6,13:04:57,784.95,-0.26666666666666666
2016-05-15,6,13:19:57,799.95,1.7833333333333334
2016-05-15,6,13:34:57,814.95,-1.6333333333333333
2016-05-15,6,13:49:57,829.95,-0.18333333333333332
2016-05-15,6,14:04:57,844.95,-1.9333333333333333
2016-05-15,6,14:19:57,859.95,2.9833333333333334
2016-05-15,6,14:34:57,874.95,-0.23333333333333334
2016-05-15,6,14:49:57,889.95,-0.38333333333333336
2016-05-15,6,15:04:57,904.95,-1.9
2016-05-15,6,15:19:57,919.95,-1.35
2016-05-15,6,15:34:57,934.95,0.08333333333333333
2016-05-15,6,15:49:57,949.95,-0.21666666666666667
2016-05-15,6,16:04:57,964.95,-2.3833333333333333
2016-05-15,6,16:19:57,979.95,2.6
2016-05-15,6,16:34:57,994.95,4.116666666666666
2016-05-15,6,16:49:57,1009.95,1.0333333333333334
2016-05-15,6,17:04:57,1024.95,4.75
2016-05-15,6,17:19:57,1039.95,0.45
2016-05-15,6,17:34:57,1054.95,1.0
2016-05-15,6,17:49:57,1069.95,-1.7
2016-05-15,6,18:04:57,1084.95,0.5833333333333334
2016-05-15,6,18:19:57,1099.95,1.7666666666666666
2016-05-15,6,18:34:57,1114.95,0.13333333333333333
2016-05-15,6,18:49:57,1129.95,-0.3333333333333333
2016-05-15,6,19:04:57,1144.95,-1.0333333333333334
2016-05-15,6,19:19:57,1159.95,-1.25
2016-05-15,6,19:34:57,1174.95,1.3
2016-05-15,6,19:49:57,1189.95,-0.6166666666666667
2016-05-15,6,20:04:57,1204.95,-3.6166666666666667
2016-05-15,6,20:19:57,1219.95,0.3
2016-05-15,6,20:34:57,1234.95,-0.31666666666666665
2016-05-15,6,20:49:57,1249.95,1.9666666666666666
2016-05-15,6,21:04:57,1264.95,-4.666666666666667
2016-05-15,6,21:19:57,1279.95,-2.316666666666667
2016-05-15,6,21:34:57,1294.95,0.15
2016-05-15,6,21:49:57,1309.95,0.5333333333333333
2016-05-15,6,22:04:57,1324.95,0.25
2016-05-15,6,22:19:57,1339.95,-3.6
2016-05-15,6,22:34:57,1354.95,2.35
2016-05-15,6,22:49:57,1369.95,2.2666666666666666
2016-05-15,6,23:04:57,1384.95,-0.9666666666666667
2016-05-15,6,23:19:57,1399.95,-1.3833333333333333
2016-05-15,6,23:34:57,1414.95,-0.36666666666666664
2016-05-15,6,23:49:57,1429.95,1.95
2016-05-16,0,00:04:57,4.95,0.6833333333333333
2016-05-16,0,00:34:57,34.95,-5.266666666666667
2016-05-16,0,01:11:57,71.95,-0.9166666666666666
2016-05-16,0,02:09:57,129.95,-2.066666666666667
2016-05-16,0,05:32:57,332.95,-1.8666666666666667
2016-05-16,0,05:47:57,347.95,0.016666666666666666
2016-05-16,0,06:02:57,362.95,-1.3333333333333333
2016-05-16,0,06:15:57,375.95,-0.9666666666666667
2016-05-16,0,06:25:57,385.95,0.38333333333333336
2016-05-16,0,06:35:57,395.95,-1.7666666666666666
2016-05-16,0,06:45:57,405.95,-0.9166666666666666
2016-05-16,0,06:53:57,413.95,-0.55
2016-05-16,0,07:01:57,421.95,-0.7
2016-05-16,0,07:10:57,430.95,-0.6666666666666666
2016-05-16,0,07:19:57,439.95,-1.1166666666666667
2016-05-16,0,07:28:57,448.95,-0.6333333333333333
2016-05-16,0,07:35:57,455.95,1.7333333333333334
2016-05-16,0,07:42:57,462.95,-2.716666666666667
2016-05-16,0,07:50:57,470.95,-0.13333333333333333
2016-05-16,0,07:58:57,478.95,0.4
2016-05-16,0,08:07:57,487.95,-0.9666666666666667
2016-05-16,0,08:14:57,494.95,-2.033333333333333
2016-05-16,0,08:23:57,503.95,1.6333333333333333
2016-05-16,0,08:31:57,511.95,-0.5
2016-05-16,0,08:40:57,520.95,0.4
2016-05-16,0,08:48:57,528.95,-0.03333333333333333
2016-05-16,0,08:56:57,536.95,2.783333333333333
2016-05-16,0,09:04:57,544.95,-0.6333333333333333
2016-05-16,0,09:12:57,552.95,1.4833333333333334
2016-05-16,0,09:20:57,560.95,-1.7
2016-05-16,0,09:28:57,568.95,2.3
2016-05-16,0,09:35:57,575.95,-1.6666666666666667
2016-05-16,0,09:44:57,584.95,1.2666666666666666
2016-05-16,0,09:53:57,593.95,-1.3333333333333333
2016-05-16,0,10:03:57,603.95,-1.2166666666666666
2016-05-16,0,10:15:57,615.95,3.066666666666667
2016-05-16,0,10:27:57,627.95,-0.95
2016-05-16,0,10:40:57,640.95,0.7666666666666667
2016-05-16,0,10:52:57,652.95,-1.05
2016-05-16,0,11:04:57,664.95,-1.9666666666666666
2016-05-16,0,11:16:57,676.95,0.4166666666666667
2016-05-16,0,11:28:57,688.95,0.3
2016-05-16,0,11:40:57,700.95,0.3
2016-05-16,0,11:51:57,711.95,2.6333333333333333
2016-05-16,0,12:03:57,723.95,-0.016666666666666666
2016-05-16,0,12:15:57,735.95,-2.683333333333333
2016-05-16,0,12:28:57,748.95,1.8
2016-05-16,0,12:40:57,760.95,1.85
2016-05-16,0,12:52:57,772.95,3.0166666666666666
2016-05-16,0,13:04:57,784.95,0.8166666666666667
2016-05-16,0,13:16:57,796.95,0.38333333333333336
2016-05-16,0,13:28:57,808.95,-3.5166666666666666
2016-05-16,0,13:40:56,820.9333333333333,-0.4666666666666667
2016-05-16,0,13:52:56,832.9333333333333,0.4166666666666667
2016-05-16,0,14:04:56,844.9333333333333,-2.35
2016-05-16,0,14:16:56,856.9333333333333,0.3333333333333333
2016-05-16,0,14:26:56,866.9333333333333,-4.116666666666666
2016-05-16,0,14:38:56,878.9333333333333,-0.45
2016-05-16,0,14:49:56,889.9333333333333,-1.8166666666666667
2016-05-16,0,14:55:56,895.9333333333333,2.0
2016-05-16,0,14:58:56,898.9333333333333,2.033333333333333
2016-05-16,0,15:05:56,905.9333333333333,-0.5166666666666667
2016-05-16,0,15:11:56,911.9333333333333,-2.0833333333333335
2016-05-16,0,15:17:56,917.9333333333333,-1.5666666666666667
2016-05-16,0,15:24:56,924.9333333333333,0.38333333333333336
2016-05-16,0,15:31:56,931.9333333333333,-0.7
2016-05-16,0,15:38:56,938.9333333333333,-2.75
2016-05-16,0,15:46:56,946.9333333333333,-0.5333333333333333
2016-05-16,0,15:54:56,954.9333333333333,1.4666666666666666
2016-05-16,0,16:01:56,961.9333333333333,-0.9833333333333333
2016-05-16,0,16:10:56,970.9333333333333,0.4166666666666667
2016-05-16,0,16:17:56,977.9333333333333,5.433333333333334
2016-05-16,0,16:26:56,986.9333333333333,-0.4666666666666667
2016-05-16,0,16:34:56,994.9333333333333,0.4666666666666667
2016-05-16,0,16:40:56,1000.9333333333333,-0.7666666666666667
2016-05-16,0,16:46:56,1006.9333333333333,2.2
2016-05-16,0,16:51:56,1011.9333333333333,1.7166666666666666
2016-05-16,0,16:56:56,1016.9333333333333,1.2833333333333334
2016-05-16,0,17:01:56,1021.9333333333333,-0.95
2016-05-16,0,17:08:56,1028.9333333333334,-1.9166666666666667
2016-05-16,0,17:14:56,1034.9333333333334,-1.8
2016-05-16,0,17:20:56,1040.9333333333334,1.05
2016-05-16,0,17:26:56,1046.9333333333334,-1.7666666666666666
2016-05-16,0,17:32:56,1052.9333333333334,-0.65
2016-05-16,0,17:40:56,1060.9333333333334,5.0
2016-05-16,0,17:48:56,1068.9333333333334,0.06666666666666667
2016-05-16,0,17:58:56,1078.9333333333334,-0.9166666666666666
2016-05-16,0,18:05:56,1085.9333333333334,-2.05
2016-05-16,0,18:13:57,1093.95,5.166666666666667
2016-05-16,0,18:27:57,1107.95,-1.3333333333333333
2016-05-16,0,18:39:57,1119.95,1.4333333333333333
2016-05-16,0,18:49:57,1129.95,-0.48333333333333334
2016-05-16,0,18:59:57,1139.95,1.7666666666666666
2016-05-16,0,19:09:57,1149.95,1.95
2016-05-16,0,19:21:57,1161.95,-0.65
2016-05-16,0,19:31:57,1171.95,-0.9333333333333333
2016-05-16,0,19:41:57,1181.95,-0.6333333333333333
2016-05-16,0,19:52:57,1192.95,-1.0666666666666667
2016-05-16,0,20:01:57,1201.95,0.8833333333333333
2016-05-16,0,20:16:57,1216.95,3.5166666666666666
2016-05-16,0,20:31:57,1231.95,1.25
2016-05-16,0,20:46:57,1246.95,1.0333333333333334
2016-05-16,0,21:02:57,1262.95,-1.6833333333333333
2016-05-16,0,21:17:57,1277.95,1.15
2016-05-16,0,21:33:57,1293.95,1.9833333333333334
2016-05-16,0,21:49:57,1309.95,0.7833333333333333
2016-05-16,0,22:03:57,1323.95,0.05
2016-05-16,0,22:18:57,1338.95,-2.533333333333333
2016-05-16,0,22:34:57,1354.95,0.13333333333333333
2016-05-16,0,22:49:57,1369.95,-0.26666666666666666
2016-05-16,0,23:04:57,1384.95,0.31666666666666665
2016-05-16,0,23:19:57,1399.95,-1.0
2016-05-16,0,23:34:57,1414.95,-0.36666666666666664
2016-05-16,0,23:49:57,1429.95,-0.5666666666666667
2016-05-17,1,00:04:57,4.95,-3.7
2016-05-17,1,00:34:57,34.95,-0.31666666666666665
2016-05-17,1,01:11:57,71.95,0.35
2016-05-17,1,02:09:57,129.95,-0.5666666666666667
2016-05-17,1,05:32:57,332.95,-1.9
2016-05-17,1,05:47:57,347.95,-0.016666666666666666
2016-05-17,1,06:02:57,362.95,-1.3333333333333333
2016-05-17,1,06:15:57,375.95,-0.11666666666666667
2016-05-17,1,06:25:57,385.95,4.866666666666666
2016-05-17,1,06:35:57,395.95,-1.65
2016-05-17,1,06:45:57,405.95,-1.3666666666666667
2016-05-17,1,06:53:57,413.95,1.35
2016-05-17,1,07:01:57,421.95,-3.5833333333333335
2016-05-17,1,07:10:57,430.95,1.9166666666666667
2016-05-17,1,07:19:57,439.95,-0.7
2016-05-17,1,07:28:57,448.95,-0.6833333333333333
2016-05-17,1,07:35:57,455.95,-0.4166666666666667
2016-05-17,1,07:42:57,462.95,-2.5166666666666666
2016-05-17,1,07:50:57,470.95,-1.7333333333333334
2016-05-17,1,07:58:57,478.95,-0.4666666666666667
2016-05-17,1,08:07:57,487.95,0.4
2016-05-17,1,08:14:57,494.95,-2.0
2016-05-17,1,08:23:57,503.95,-0.55
2016-05-17,1,08:31:57,511.95,1.8666666666666667
2016-05-17,1,08:40:57,520.95,0.7166666666666667
2016-05-17,1,08:48:57,528.95,0.6166666666666667
2016-05-17,1,08:56:57,536.95,-0.6833333333333333
2016-05-17,1,09:04:57,544.95,-0.75
2016-05-17,1,09:12:57,552.95,0.4166666666666667
2016-05-17,1,09:20:57,560.95,-0.7
2016-05-17,1,09:28:57,568.95,2.35
2016-05-17,1,09:35:57,575.95,-0.18333333333333332
2016-05-17,1,09:44:57,584.95,0.9
2016-05-17,1,09:53:57,593.95,1.3833333333333333
2016-05-17,1,10:03:57,603.95,1.6666666666666667
2016-05-17,1,10:15:57,615.95,1.8
2016-05-17,1,10:27:57,627.95,-0.9166666666666666
2016-05-17,1,10:40:57,640.95,-2.3333333333333335
2016-05-17,1,10:52:57,652.95,0.36666666666666664
2016-05-17,1,11:04:57,664.95,-0.65
2016-05-17,1,11:16:57,676.95,-3.1166666666666667
2016-05-17,1,11:28:57,688.95,-0.8166666666666667
2016-05-17,1,11:40:57,700.95,-0.5666666666666667
2016-05-17,1,11:51:57,711.95,-1.0333333333333334
2016-05-17,1,12:03:57,723.95,-2.5833333333333335
2016-05-17,1,12:15:57,735.95,-0.9333333333333333
2016-05-17,1,12:28:57,748.95,0.8666666666666667
2016-05-17,1,12:40:57,760.95,-0.85
2016-05-17,1,12:52:57,772.95,-0.9666666666666667
2016-05-17,1,13:04:57,784.95,-1.9666666666666666
2016-05-17,1,13:16:57,796.95,-0.75
2016-05-17,1,13:28:57,808.95,-1.8833333333333333
2016-05-17,1,13:40:56,820.9333333333333,0.38333333333333336
2016-05-17,1,13:52:56,832.9333333333333,-0.65
2016-05-17,1,14:04:56,844.9333333333333,-3.2
2016-05-17,1,14:16:56,856.9333333333333,-0.7833333333333333
2016-05-17,1,14:26:56,866.9333333333333,2.45
2016-05-17,1,14:38:56,878.9333333333333,-0.45
2016-05-17,1,14:49:56,889.9333333333333,-0.8666666666666667
2016-05-17,1,14:55:56,895.9333333333333,-1.65
2016-05-17,1,14:58:56,898.9333333333333,0.7333333333333333
2016-05-17,1,15:05:56,905.9333333333333,1.0833333333333333
2016-05-17,1,15:11:56,911.9333333333333,-2.533333333333333
2016-05-17,1,15:17:56,917.9333333333333,2.566666666666667
2016-05-17,1,15:24:56,924.9333333333333,-2.9166666666666665
2016-05-17,1,15:31:56,931.9333333333333,-2.283333333333333
2016-05-17,1,15:38:56,938.9333333333333,0.9333333333333333
2016-05-17,1,15:46:56,946.9333333333333,2.6
2016-05-17,1,15:54:56,954.9333333333333,0.6166666666666667
2016-05-17,1,16:01:56,961.9333333333333,1.0
2016-05-17,1,16:10:56,970.9333333333333,0.5
2016-05-17,1,16:17:56,977.9333333333333,-1.8666666666666667
2016-05-17,1,16:26:56,986.9333333333333,1.6
2016-05-17,1,16:34:56,994.9333333333333,-0.5
2016-05-17,1,16:40:56,1000.9333333333333,2.066666666666667
2016-05-17,1,16:46:56,1006.9333333333333,2.2
2016-05-17,1,16:51:56,1011.9333333333333,1.95
2016-05-17,1,16:56:56,1016.9333333333333,-1.2
2016-05-17,1,17:01:56,1021.9333333333333,-1.0
2016-05-17,1,17:08:56,1028.9333333333334,-1.8833333333333333
2016-05-17,1,17:14:56,1034.9333333333334,-1.4166666666666667
2016-05-17,1,17:20:56,1040.9333333333334,4.033333333333333
2016-05-17,1,17:26:56,1046.9333333333334,1.35
2016-05-17,1,17:32:56,1052.9333333333334,-0.5166666666666667
2016-05-17,1,17:40:56,1060.9333333333334,0.4666666666666667
2016-05-17,1,17:48:56,1068.9333333333334,21.633333333333333
2016-05-17,1,17:58:56,1078.9333333333334,3.5
2016-05-17,1,18:05:56,1085.9333333333334,-0.48333333333333334
2016-05-17,1,18:13:57,1093.95,-0.8833333333333333
2016-05-17,1,18:27:57,1107.95,0.1
2016-05-17,1,18:39:57,1119.95,0.0
2016-05-17,1,18:49:57,1129.95,-0.9166666666666666
2016-05-17,1,18:59:57,1139.95,-0.5333333333333333
2016-05-17,1,19:09:57,1149.95,-1.95
2016-05-17,1,19:21:57,1161.95,-2.85
2016-05-17,1,19:31:57,1171.95,-0.9833333333333333
2016-05-17,1,19:41:57,1181.95,-0.6333333333333333
2016-05-17,1,19:52:57,1192.95,-1.9666666666666666
2016-05-17,1,20:01:57,1201.95,-1.9833333333333334
2016-05-17,1,20:16:57,1216.95,1.2833333333333334
2016-05-17,1,20:31:57,1231.95,0.3
2016-05-17,1,20:46:57,1246.95,-0.18333333333333332
2016-05-17,1,21:02:57,1262.95,1.1
2016-05-17,1,21:17:57,1277.95,2.183333333333333
2016-05-17,1,21:33:57,1293.95,2.05
2016-05-17,1,21:49:57,1309.95,-0.2833333333333333
2016-05-17,1,22:03:57,1323.95,-0.8833333333333333
2016-05-17,1,22:18:57,1338.95,-2.4833333333333334
2016-05-17,1,22:34:57,1354.95,-0.26666666666666666
2016-05-17,1,22:49:57,1369.95,-0.016666666666666666
2016-05-17,1,23:04:57,1384.95,1.8833333333333333
2016-05-17,1,23:19:57,1399.95,-0.9
2016-05-17,1,23:34:57,1414.95,-0.3
2016-05-17,1,23:49:57,1429.95,-0.6333333333333333
2016-05-18,2,00:04:57,4.95,-3.316666666666667
2016-05-18,2,00:34:57,34.95,-1.1666666666666667
2016-05-18,2,01:11:57,71.95,-1.0166666666666666
2016-05-18,2,02:09:57,129.95,1.0166666666666666
2016-05-18,2,05:32:57,332.95,-1.0333333333333334
2016-05-18,2,05:47:57,347.95,-0.9
2016-05-18,2,06:02:57,362.95,-1.3
2016-05-18,2,06:15:57,375.95,-0.11666666666666667
2016-05-18,2,06:25:57,385.95,-0.7666666666666667
2016-05-18,2,06:35:57,395.95,-0.15
2016-05-18,2,06:45:57,405.95,-1.0833333333333333
2016-05-18,2,06:53:57,413.95,-1.6333333333333333
2016-05-18,2,07:01:57,421.95,-2.0833333333333335
2016-05-18,2,07:10:57,430.95,0.85
2016-05-18,2,07:19:57,439.95,-0.18333333333333332
2016-05-18,2,07:28:57,448.95,-0.95
2016-05-18,2,07:35:57,455.95,-3.033333333333333
2016-05-18,2,07:42:57,462.95,0.31666666666666665
2016-05-18,2,07:50:57,470.95,2.4
2016-05-18,2,07:58:57,478.95,-1.0833333333333333
2016-05-18,2,08:07:57,487.95,1.3166666666666667
2016-05-18,2,08:14:57,494.95,-0.16666666666666666
2016-05-18,2,08:23:57,503.95,0.9
2016-05-18,2,08:31:57,511.95,-1.0
2016-05-18,2,08:40:57,520.95,0.85
2016-05-18,2,08:48:57,528.95,1.4333333333333333
2016-05-18,2,08:56:57,536.95,-1.6
2016-05-18,2,09:04:57,544.95,0.8
2016-05-18,2,09:12:57,552.95,0.35
2016-05-18,2,09:20:57,560.95,-0.45
2016-05-18,2,09:28:57,568.95,-0.65
2016-05-18,2,09:35:57,575.95,1.8333333333333333
2016-05-18,2,09:44:57,584.95,1.6
2016-05-18,2,09:53:57,593.95,-1.9833333333333334
2016-05-18,2,10:03:57,603.95,-0.1
2016-05-18,2,10:15:57,615.95,1.85
2016-05-18,2,10:27:57,627.95,-0.85
2016-05-18,2,10:40:57,640.95,-0.8833333333333333
2016-05-18,2,10:52:57,652.95,-0.55
2016-05-18,2,11:04:57,664.95,-1.8333333333333333
2016-05-18,2,11:16:57,676.95,-2.216666666666667
2016-05-18,2,11:28:57,688.95,0.85
2016-05-18,2,11:40:57,700.95,0.6666666666666666
2016-05-18,2,11:51:57,711.95,0.06666666666666667
2016-05-18,2,12:03:57,723.95,0.13333333333333333
2016-05-18,2,12:15:57,735.95,0.65
2016-05-18,2,12:28:57,748.95,-0.5333333333333333
2016-05-18,2,12:40:57,760.95,-1.0
2016-05-18,2,12:52:57,772.95,2.2
2016-05-18,2,13:04:57,784.95,3.0
2016-05-18,2,13:16:57,796.95,0.5
2016-05-18,2,13:28:57,808.95,0.4666666666666667
2016-05-18,2,13:40:56,820.9333333333333,0.75
2016-05-18,2,13:52:56,832.9333333333333,0.36666666666666664
2016-05-18,2,14:04:56,844.9333333333333,0.31666666666666665
2016-05-18,2,14:16:56,856.9333333333333,-0.5333333333333333
2016-05-18,2,14:26:56,866.9333333333333,1.4
2016-05-18,2,14:38:56,878.9333333333333,-3.433333333333333
2016-05-18,2,14:49:56,889.9333333333333,-0.4166666666666667
2016-05-18,2,14:55:56,895.9333333333333,3.7333333333333334
2016-05-18,2,14:58:56,898.9333333333333,3.9833333333333334
2016-05-18,2,15:05:56,905.9333333333333,4.016666666666667
2016-05-18,2,15:11:56,911.9333333333333,-0.5833333333333334
2016-05-18,2,15:17:56,917.9333333333333,2.466666666666667
2016-05-18,2,15:24:56,924.9333333333333,-0.7666666666666667
2016-05-18,2,15:38:56,938.9333333333333,-2.0
2016-05-18,2,15:46:56,946.9333333333333,-1.0666666666666667
2016-05-18,2,15:54:56,954.9333333333333,1.6166666666666667
2016-05-18,2,16:01:56,961.9333333333333,-0.9666666666666667
2016-05-18,2,16:10:56,970.9333333333333,0.48333333333333334
2016-05-18,2,16:17:56,977.9333333333333,-0.5166666666666667
2016-05-18,2,16:26:56,986.9333333333333,1.0166666666666666
2016-05-18,2,16:34:56,994.9333333333333,0.7833333333333333
2016-05-18,2,16:40:56,1000.9333333333333,-1.6833333333333333
2016-05-18,2,16:46:56,1006.9333333333333,3.5166666666666666
2016-05-18,2,16:51:56,1011.9333333333333,-1.35
2016-05-18,2,16:56:56,1016.9333333333333,-1.4
2016-05-18,2,17:08:56,1028.9333333333334,3.216666666666667
2016-05-18,2,17:14:56,1034.9333333333334,2.8666666666666667
2016-05-18,2,17:20:56,1040.9333333333334,3.3833333333333333
2016-05-18,2,17:26:56,1046.9333333333334,12.033333333333333
2016-05-18,2,17:32:56,1052.9333333333334,8.4
2016-05-18,2,17:40:56,1060.9333333333334,3.5166666666666666
2016-05-18,2,17:48:56,1068.9333333333334,5.966666666666667
2016-05-18,2,17:58:56,1078.9333333333334,9.55
2016-05-18,2,18:05:56,1085.9333333333334,8.933333333333334
2016-05-18,2,18:13:57,1093.95,5.2
2016-05-18,2,18:27:57,1107.95,0.4166666666666667
2016-05-18,2,18:39:57,1119.95,0.18333333333333332
2016-05-18,2,18:49:57,1129.95,-1.8
2016-05-18,2,18:59:57,1139.95,-0.4
2016-05-18,2,19:09:57,1149.95,1.0166666666666666
2016-05-18,2,19:21:57,1161.95,-0.6833333333333333
2016-05-18,2,19:31:57,1171.95,-1.1166666666666667
2016-05-18,2,19:41:57,1181.95,0.8
2016-05-18,2,19:52:57,1192.95,-1.9833333333333334
2016-05-18,2,20:01:57,1201.95,-2.6166666666666667
2016-05-18,2,20:16:57,1216.95,2.15
2016-05-18,2,20:31:57,1231.95,-0.05
2016-05-18,2,20:46:57,1246.95,-0.31666666666666665
2016-05-18,2,21:02:57,1262.95,1.3333333333333333
2016-05-18,2,21:17:57,1277.95,-0.5
2016-05-18,2,21:33:57,1293.95,-0.15
2016-05-18,2,21:49:57,1309.95,-0.6
2016-05-18,2,22:03:57,1323.95,0.1
2016-05-18,2,22:18:57,1338.95,-0.8333333333333334
2016-05-18,2,22:34:57,1354.95,-0.3333333333333333
2016-05-18,2,22:49:57,1369.95,-0.5666666666666667
2016-05-18,2,23:04:57,1384.95,0.7666666666666667
2016-05-18,2,23:19:57,1399.95,-0.03333333333333333
2016-05-18,2,23:34:57,1414.95,-1.6166666666666667
2016-05-18,2,23:49:57,1429.95,-3.0166666666666666
2016-05-19,3,00:04:57,4.95,-1.9
2016-05-19,3,00:34:57,34.95,-1.1833333333333333
2016-05-19,3,01:11:57,71.95,-1.3
2016-05-19,3,02:09:57,129.95,0.6833333333333333
2016-05-19,3,05:32:57,332.95,-2.15
2016-05-19,3,05:47:57,347.95,0.4
2016-05-19,3,06:02:57,362.95,-0.9
2016-05-19,3,06:15:57,375.95,-1.0166666666666666
2016-05-19,3,06:25:57,385.95,-0.7666666666666667
2016-05-19,3,06:35:57,395.95,-1.7
2016-05-19,3,06:45:57,405.95,-1.6333333333333333
2016-05-19,3,06:53:57,413.95,-0.4166666666666667
2016-05-19,3,07:01:57,421.95,-2.1333333333333333
2016-05-19,3,07:10:57,430.95,-1.0666666666666667
2016-05-19,3,07:19:57,439.95,-1.9
2016-05-19,3,07:28:57,448.95,-0.7333333333333333
2016-05-19,3,07:35:57,455.95,-1.6333333333333333
2016-05-19,3,07:42:57,462.95,-2.3666666666666667
2016-05-19,3,07:50:57,470.95,-0.65
2016-05-19,3,07:58:57,478.95,0.45
2016-05-19,3,08:07:57,487.95,-0.9
2016-05-19,3,08:14:57,494.95,1.4
2016-05-19,3,08:23:57,503.95,0.11666666666666667
2016-05-19,3,08:31:57,511.95,1.8166666666666667
2016-05-19,3,08:40:57,520.95,0.8
2016-05-19,3,08:48:57,528.95,-0.05
2016-05-19,3,08:56:57,536.95,-0.06666666666666667
2016-05-19,3,09:04:57,544.95,-0.6166666666666667
2016-05-19,3,09:12:57,552.95,-0.05
2016-05-19,3,09:20:57,560.95,-0.5666666666666667
2016-05-19,3,09:28:57,568.95,1.8333333333333333
2016-05-19,3,09:35:57,575.95,-2.066666666666667
2016-05-19,3,09:44:57,584.95,-0.16666666666666666
2016-05-19,3,09:53:57,593.95,-2.1166666666666667
2016-05-19,3,10:03:57,603.95,-0.8666666666666667
2016-05-19,3,10:15:57,615.95,1.8333333333333333
2016-05-19,3,10:27:57,627.95,3.966666666666667
2016-05-19,3,10:40:57,640.95,3.05
2016-05-19,3,10:52:57,652.95,-2.316666666666667
2016-05-19,3,11:04:57,664.95,-0.9833333333333333
2016-05-19,3,11:16:57,676.95,-2.4
2016-05-19,3,11:28:57,688.95,0.5
2016-05-19,3,11:40:57,700.95,-0.4166666666666667
2016-05-19,3,11:51:57,711.95,-1.3166666666666667
2016-05-19,3,12:03:57,723.95,-0.08333333333333333
2016-05-19,3,12:15:57,735.95,-3.5833333333333335
2016-05-19,3,12:28:57,748.95,-2.033333333333333
2016-05-19,3,12:40:57,760.95,-2.1
2016-05-19,3,12:52:57,772.95,1.7
2016-05-19,3,13:04:57,784.95,0.2833333333333333
2016-05-19,3,13:16:57,796.95,-1.9
2016-05-19,3,13:28:57,808.95,1.8666666666666667
2016-05-19,3,13:40:56,820.9333333333333,1.65
2016-05-19,3,13:52:56,832.9333333333333,0.35
2016-05-19,3,14:04:56,844.9333333333333,-1.0166666666666666
2016-05-19,3,14:16:56,856.9333333333333,-3.55
2016-05-19,3,14:26:56,866.9333333333333,-1.4333333333333333
2016-05-19,3,14:38:56,878.9333333333333,1.1833333333333333
2016-05-19,3,14:49:56,889.9333333333333,-1.0166666666666666
2016-05-19,3,14:55:56,895.9333333333333,-0.26666666666666666
2016-05-19,3,14:58:56,898.9333333333333,4.066666666666666
2016-05-19,3,15:05:56,905.9333333333333,-0.5333333333333333
2016-05-19,3,15:11:56,911.9333333333333,-2.1
2016-05-19,3,15:17:56,917.9333333333333,-2.4
2016-05-19,3,15:24:56,924.9333333333333,2.066666666666667
2016-05-19,3,15:31:56,931.9333333333333,0.4166666666666667
2016-05-19,3,15:38:56,938.9333333333333,-3.1333333333333333
2016-05-19,3,15:46:56,946.9333333333333,-2.2666666666666666
2016-05-19,3,15:54:56,954.9333333333333,-1.5666666666666667
2016-05-19,3,16:01:56,961.9333333333333,-0.9666666666666667
2016-05-19,3,16:10:56,970.9333333333333,2.45
2016-05-19,3,16:17:56,977.9333333333333,-2.0
2016-05-19,3,16:26:56,986.9333333333333,1.1166666666666667
2016-05-19,3,16:34:56,994.9333333333333,-2.4833333333333334
2016-05-19,3,16:40:56,1000.9333333333333,0.5
2016-05-19,3,16:46:56,1006.9333333333333,2.1166666666666667
2016-05-19,3,16:51:56,1011.9333333333333,1.5666666666666667
2016-05-19,3,16:56:56,1016.9333333333333,1.0166666666666666
2016-05-19,3,17:01:56,1021.9333333333333,-0.95
2016-05-19,3,17:08:56,1028.9333333333334,4.466666666666667
2016-05-19,3,17:14:56,1034.9333333333334,2.816666666666667
2016-05-19,3,17:20:56,1040.9333333333334,7.433333333333334
2016-05-19,3,17:26:56,1046.9333333333334,2.7
2016-05-19,3,17:32:56,1052.9333333333334,1.0166666666666666
2016-05-19,3,17:40:56,1060.9333333333334,-0.8333333333333334
2016-05-19,3,17:48:56,1068.9333333333334,30.416666666666668
2016-05-19,3,17:58:56,1078.9333333333334,4.183333333333334
2016-05-19,3,18:05:56,1085.9333333333334,5.45
2016-05-19,3,18:13:57,1093.95,7.916666666666667
2016-05-19,3,18:27:57,1107.95,14.95
2016-05-19,3,18:39:57,1119.95,10.4
2016-05-19,3,18:49:57,1129.95,3.5
2016-05-19,3,18:59:57,1139.95,-0.31666666666666665
2016-05-19,3,19:09:57,1149.95,-0.6
2016-05-19,3,19:21:57,1161.95,0.9666666666666667
2016-05-19,3,19:31:57,1171.95,-1.15
2016-05-19,3,19:41:57,1181.95,1.0166666666666666
2016-05-19,3,19:52:57,1192.95,-1.0166666666666666
2016-05-19,3,20:01:57,1201.95,-1.85
2016-05-19,3,20:16:57,1216.95,1.6333333333333333
2016-05-19,3,20:31:57,1231.95,-1.2
2016-05-19,3,20:46:57,1246.95,1.0666666666666667
2016-05-19,3,21:02:57,1262.95,2.283333333333333
2016-05-19,3,21:17:57,1277.95,2.183333333333333
2016-05-19,3,21:33:57,1293.95,-0.6166666666666667
2016-05-19,3,21:49:57,1309.95,-0.3333333333333333
2016-05-19,3,22:03:57,1323.95,-1.1833333333333333
2016-05-19,3,22:18:57,1338.95,-1.6833333333333333
2016-05-19,3,22:34:57,1354.95,10.316666666666666
2016-05-19,3,22:49:57,1369.95,-0.65
2016-05-19,3,23:04:57,1384.95,-1.6666666666666667
2016-05-19,3,23:19:57,1399.95,0.8833333333333333
2016-05-19,3,23:34:57,1414.95,-1.1166666666666667
2016-05-19,3,23:49:57,1429.95,-0.7
2016-05-20,4,00:04:57,4.95,-1.0333333333333334
2016-05-20,4,00:34:57,34.95,0.15
2016-05-20,4,01:11:57,71.95,0.43333333333333335
2016-05-20,4,02:09:57,129.95,-0.6833333333333333
2016-05-20,4,05:32:57,332.95,-1.7833333333333334
2016-05-20,4,05:47:57,347.95,-1.1666666666666667
2016-05-20,4,06:02:57,362.95,-1.1
2016-05-20,4,06:15:57,375.95,-1.0166666666666666
2016-05-20,4,06:25:57,385.95,1.8166666666666667
2016-05-20,4,06:35:57,395.95,0.1
2016-05-20,4,06:45:57,405.95,-1.15
2016-05-20,4,06:53:57,413.95,-0.6
2016-05-20,4,07:01:57,421.95,-3.9166666666666665
2016-05-20,4,07:10:57,430.95,-0.5166666666666667
2016-05-20,4,07:19:57,439.95,0.38333333333333336
2016-05-20,4,07:28:57,448.95,-0.4166666666666667
2016-05-20,4,07:35:57,455.95,-0.3333333333333333
2016-05-20,4,07:42:57,462.95,-2.45
2016-05-20,4,07:50:57,470.95,-0.65
2016-05-20,4,07:58:57,478.95,-0.6166666666666667
2016-05-20,4,08:07:57,487.95,0.9166666666666666
2016-05-20,4,08:14:57,494.95,2.4
2016-05-20,4,08:23:57,503.95,3.933333333333333
2016-05-20,4,08:31:57,511.95,0.35
2016-05-20,4,08:40:57,520.95,6.416666666666667
2016-05-20,4,08:48:57,528.95,0.4166666666666667
2016-05-20,4,08:56:57,536.95,0.016666666666666666
2016-05-20,4,09:04:57,544.95,-1.1
2016-05-20,4,09:12:57,552.95,0.5666666666666667
2016-05-20,4,09:20:57,560.95,-2.3
2016-05-20,4,09:28:57,568.95,0.48333333333333334
2016-05-20,4,09:35:57,575.95,1.5333333333333334
2016-05-20,4,09:44:57,584.95,0.06666666666666667
2016-05-20,4,09:53:57,593.95,-1.3333333333333333
2016-05-20,4,10:03:57,603.95,1.45
2016-05-20,4,10:15:57,615.95,0.4166666666666667
2016-05-20,4,10:27:57,627.95,3.2
2016-05-20,4,10:40:57,640.95,-0.5833333333333334
2016-05-20,4,10:52:57,652.95,2.966666666666667
2016-05-20,4,11:04:57,664.95,-0.9166666666666666
2016-05-20,4,11:16:57,676.95,-1.9666666666666666
2016-05-20,4,11:28:57,688.95,-2.35
2016-05-20,4,11:40:57,700.95,-1.0333333333333334
2016-05-20,4,11:51:57,711.95,1.4
2016-05-20,4,12:03:57,723.95,2.85
2016-05-20,4,12:15:57,735.95,0.13333333333333333
2016-05-20,4,12:28:57,748.95,-0.9666666666666667
2016-05-20,4,12:40:57,760.95,-1.0166666666666666
2016-05-20,4,12:52:57,772.95,-0.45
2016-05-20,4,13:04:57,784.95,0.7333333333333333
2016-05-20,4,13:16:57,796.95,-0.6666666666666666
2016-05-20,4,13:28:57,808.95,-2.2
2016-05-20,4,13:40:56,820.9333333333333,-2.2666666666666666
2016-05-20,4,13:52:56,832.9333333333333,1.7
2016-05-20,4,14:04:56,844.9333333333333,-1.0
2016-05-20,4,14:16:56,856.9333333333333,3.0
2016-05-20,4,14:26:56,866.9333333333333,1.1333333333333333
2016-05-20,4,14:38:56,878.9333333333333,-0.36666666666666664
2016-05-20,4,14:49:56,889.9333333333333,0.7166666666666667
2016-05-20,4,14:55:56,895.9333333333333,0.43333333333333335
2016-05-20,4,14:58:56,898.9333333333333,2.1
2016-05-20,4,15:05:56,905.9333333333333,3.4
2016-05-20,4,15:11:56,911.9333333333333,-1.3666666666666667
2016-05-20,4,15:17:56,917.9333333333333,3.7333333333333334
2016-05-20,4,15:24:56,924.9333333333333,-0.016666666666666666
2016-05-20,4,15:31:56,931.9333333333333,3.3666666666666667
2016-05-20,4,15:38:56,938.9333333333333,-2.05
2016-05-20,4,15:46:56,946.9333333333333,-0.25
2016-05-20,4,15:54:56,954.9333333333333,1.3333333333333333
2016-05-20,4,16:01:56,961.9333333333333,0.5166666666666667
2016-05-20,4,16:10:56,970.9333333333333,0.6333333333333333
2016-05-20,4,16:17:56,977.9333333333333,-1.75
2016-05-20,4,16:26:56,986.9333333333333,1.35
2016-05-20,4,16:34:56,994.9333333333333,2.1166666666666667
2016-05-20,4,16:40:56,1000.9333333333333,-1.65
2016-05-20,4,16:46:56,1006.9333333333333,-1.6666666666666667
2016-05-20,4,16:51:56,1011.9333333333333,0.36666666666666664
2016-05-20,4,16:56:56,1016.9333333333333,2.533333333333333
2016-05-20,4,17:01:56,1021.9333333333333,2.1166666666666667
2016-05-20,4,17:08:56,1028.9333333333334,8.583333333333334
2016-05-20,4,17:14:56,1034.9333333333334,-0.4666666666666667
2016-05-20,4,17:20:56,1040.9333333333334,7.05
2016-05-20,4,17:26:56,1046.9333333333334,1.6666666666666667
2016-05-20,4,17:32:56,1052.9333333333334,1.4
2016-05-20,4,17:40:56,1060.9333333333334,0.55
2016-05-20,4,17:48:56,1068.9333333333334,2.95
2016-05-20,4,17:58:56,1078.9333333333334,6.783333333333333
2016-05-20,4,18:05:56,1085.9333333333334,1.4666666666666666
2016-05-20,4,18:13:57,1093.95,-0.4
2016-05-20,4,18:27:57,1107.95,3.0
2016-05-20,4,18:39:57,1119.95,-1.5166666666666666
2016-05-20,4,18:49:57,1129.95,-1.0
2016-05-20,4,18:59:57,1139.95,0.9666666666666667
2016-05-20,4,19:09:57,1149.95,-0.5666666666666667
2016-05-20,4,19:21:57,1161.95,-1.6833333333333333
2016-05-20,4,19:31:57,1171.95,-2.566666666666667
2016-05-20,4,19:41:57,1181.95,-0.6
2016-05-20,4,19:52:57,1192.95,-2.3
2016-05-20,4,20:01:57,1201.95,-0.55
2016-05-20,4,20:16:57,1216.95,0.85
2016-05-20,4,20:31:57,1231.95,3.0
2016-05-20,4,20:46:57,1246.95,0.15
2016-05-20,4,21:02:57,1262.95,-0.16666666666666666
2016-05-20,4,21:17:57,1277.95,-1.9
2016-05-20,4,21:33:57,1293.95,-1.5666666666666667
2016-05-20,4,21:49:57,1309.95,-1.5
2016-05-20,4,22:03:57,1323.95,0.016666666666666666
2016-05-20,4,22:18:57,1338.95,-0.3333333333333333
2016-05-20,4,22:34:57,1354.95,0.08333333333333333
2016-05-20,4,22:49:57,1369.95,0.7
2016-05-20,4,23:04:57,1384.95,-0.9833333333333333
2016-05-20,4,23:19:57,1399.95,1.3
2016-05-20,4,23:34:57,1414.95,-2.6166666666666667
2016-05-20,4,23:49:57,1429.95,-0.31666666666666665
2016-05-21,5,00:04:57,4.95,-2.2666666666666666
2016-05-21,5,00:34:57,34.95,5.466666666666667
2016-05-21,5,01:11:57,71.95,-3.9
2016-05-21,5,02:09:57,129.95,0.7
2016-05-21,5,05:34:57,334.95,-0.31666666666666665
2016-05-21,5,06:04:57,364.95,-2.3833333333333333
2016-05-21,5,06:19:57,379.95,-2.6333333333333333
2016-05-21,5,06:34:57,394.95,-2.533333333333333
2016-05-21,5,06:49:57,409.95,-1.5833333333333333
2016-05-21,5,07:04:57,424.95,-0.5666666666666667
2016-05-21,5,07:19:57,439.95,-1.0333333333333334
2016-05-21,5,07:34:57,454.95,1.3833333333333333
2016-05-21,5,07:49:57,469.95,-0.6166666666666667
2016-05-21,5,08:04:57,484.95,-3.2333333333333334
2016-05-21,5,08:18:57,498.95,-3.8833333333333333
2016-05-21,5,08:30:57,510.95,-2.5166666666666666
2016-05-21,5,08:42:57,522.95,-1.7666666666666666
2016-05-21,5,08:54:57,534.95,-2.5
2016-05-21,5,09:06:57,546.95,-1.55
2016-05-21,5,09:18:57,558.95,-1.5333333333333334
2016-05-21,5,09:30:57,570.95,-2.5833333333333335
2016-05-21,5,09:42:57,582.95,-1.6333333333333333
2016-05-21,5,09:54:57,594.95,-0.2833333333333333
2016-05-21,5,10:06:57,606.95,-1.25
2016-05-21,5,10:18:57,618.95,-2.466666666666667
2016-05-21,5,10:30:57,630.95,-0.06666666666666667
2016-05-21,5,10:41:57,641.95,2.4166666666666665
2016-05-21,5,10:54:57,654.95,-2.716666666666667
2016-05-21,5,11:06:57,666.95,-0.21666666666666667
2016-05-21,5,11:18:57,678.95,-1.6166666666666667
2016-05-21,5,11:30:57,690.95,-0.016666666666666666
2016-05-21,5,11:42:57,702.95,1.3833333333333333
2016-05-21,5,11:54:57,714.95,-1.7
2016-05-21,5,12:06:57,726.95,-3.0
2016-05-21,5,12:18:57,738.95,-2.316666666666667
2016-05-21,5,12:30:57,750.95,1.05
2016-05-21,5,12:42:57,762.95,-2.8666666666666667
2016-05-21,5,12:54:57,774.95,-0.35
2016-05-21,5,13:06:57,786.95,-0.26666666666666666
2016-05-21,5,13:18:57,798.95,-2.5166666666666666
2016-05-21,5,13:30:57,810.95,2.3666666666666667
2016-05-21,5,13:42:57,822.95,-4.283333333333333
2016-05-21,5,13:54:57,834.95,0.9833333333333333
2016-05-21,5,14:06:57,846.95,7.566666666666666
2016-05-21,5,14:18:57,858.95,-1.5833333333333333
2016-05-21,5,14:30:57,870.95,-0.3333333333333333
2016-05-21,5,14:42:57,882.95,-1.7
2016-05-21,5,14:54:57,894.95,-2.8333333333333335
2016-05-21,5,15:06:57,906.95,-3.816666666666667
2016-05-21,5,15:18:57,918.95,-1.2166666666666666
2016-05-21,5,15:30:57,930.95,0.03333333333333333
2016-05-21,5,15:42:57,942.95,-0.2
2016-05-21,5,15:54:57,954.95,-0.21666666666666667
2016-05-21,5,16:06:57,966.95,-3.0
2016-05-21,5,16:18:57,978.95,2.3333333333333335
2016-05-21,5,16:30:57,990.95,-0.31666666666666665
2016-05-21,5,16:42:57,1002.95,-1.5166666666666666
2016-05-21,5,16:54:57,1014.95,-2.566666666666667
2016-05-21,5,17:06:57,1026.95,-8.35
2016-05-21,5,17:18:57,1038.95,-1.6666666666666667
2016-05-21,5,17:30:57,1050.95,-0.21666666666666667
2016-05-21,5,17:42:57,1062.95,-2.5166666666666666
2016-05-21,5,17:54:57,1074.95,-0.18333333333333332
2016-05-21,5,18:06:57,1086.95,-1.6166666666666667
2016-05-21,5,18:18:57,1098.95,-2.8333333333333335
2016-05-21,5,18:30:57,1110.95,0.1
2016-05-21,5,18:38:57,1118.95,-0.25
2016-05-21,5,18:49:57,1129.95,-0.25
2016-05-21,5,19:04:57,1144.95,-3.0833333333333335
2016-05-21,5,19:19:57,1159.95,-0.8166666666666667
2016-05-21,5,19:34:57,1174.95,1.4166666666666667
2016-05-21,5,19:49:57,1189.95,-2.816666666666667
2016-05-21,5,20:04:57,1204.95,-3.1
2016-05-21,5,20:19:57,1219.95,1.9166666666666667
2016-05-21,5,20:34:57,1234.95,1.15
2016-05-21,5,20:49:57,1249.95,-2.8666666666666667
2016-05-21,5,21:04:57,1264.95,-1.7833333333333334
2016-05-21,5,21:19:57,1279.95,-0.9166666666666666
2016-05-21,5,21:34:57,1294.95,1.15
2016-05-21,5,21:49:57,1309.95,2.05
2016-05-21,5,22:04:57,1324.95,1.8166666666666667
2016-05-21,5,22:19:57,1339.95,0.4166666666666667
2016-05-21,5,22:34:57,1354.95,-0.23333333333333334
2016-05-21,5,22:49:57,1369.95,-1.55
2016-05-21,5,23:04:57,1384.95,-0.9833333333333333
2016-05-21,5,23:19:57,1399.95,-3.95
2016-05-21,5,23:34:57,1414.95,-1.2
2016-05-21,5,23:49:57,1429.95,1.95
2016-05-22,6,00:04:57,4.95,-3.1666666666666665
2016-05-22,6,00:34:57,34.95,1.5166666666666666
2016-05-22,6,01:11:57,71.95,-2.05
2016-05-22,6,02:09:57,129.95,1.35
2016-05-22,6,03:24:57,204.95,-0.8166666666666667
2016-05-22,6,05:31:58,331.96666666666664,5.416666666666667
2016-05-22,6,06:04:58,364.96666666666664,0.55
2016-05-22,6,06:19:58,379.96666666666664,3.1166666666666667
2016-05-22,6,06:34:58,394.96666666666664,0.9833333333333333
2016-05-22,6,06:49:58,409.96666666666664,0.7
2016-05-22,6,07:04:58,424.96666666666664,0.4166666666666667
2016-05-22,6,07:19:58,439.96666666666664,7.0
2016-05-22,6,07:34:58,454.96666666666664,-2.6
2016-05-22,6,07:49:58,469.96666666666664,-0.13333333333333333
2016-05-22,6,08:04:58,484.96666666666664,-1.0666666666666667
2016-05-22,6,08:19:57,499.95,-2.65
2016-05-22,6,08:34:57,514.95,2.816666666666667
2016-05-22,6,08:49:57,529.95,-0.25
2016-05-22,6,09:04:57,544.95,-0.9666666666666667
2016-05-22,6,09:19:57,559.95,1.9
2016-05-22,6,09:34:57,574.95,-2.4166666666666665
2016-05-22,6,09:49:57,589.95,-0.2
2016-05-22,6,10:04:57,604.95,-0.8833333333333333
2016-05-22,6,10:19:57,619.95,-1.2
2016-05-22,6,10:34:57,634.95,-1.5333333333333334
2016-05-22,6,10:49:57,649.95,0.8666666666666667
2016-05-22,6,11:04:57,664.95,-0.9
2016-05-22,6,11:19:57,679.95,0.45
2016-05-22,6,11:34:57,694.95,-0.13333333333333333
2016-05-22,6,11:49:57,709.95,0.8333333333333334
2016-05-22,6,12:04:57,724.95,0.8333333333333334
2016-05-22,6,12:19:57,739.95,0.18333333333333332
2016-05-22,6,12:34:57,754.95,0.05
2016-05-22,6,12:49:57,769.95,0.7666666666666667
2016-05-22,6,13:04:57,784.95,-0.8666666666666667
2016-05-22,6,13:19:57,799.95,1.8833333333333333
2016-05-22,6,13:34:57,814.95,-1.0833333333333333
2016-05-22,6,13:49:57,829.95,-0.13333333333333333
2016-05-22,6,14:04:57,844.95,0.4166666666666667
2016-05-22,6,14:19:57,859.95,0.4166666666666667
2016-05-22,6,14:34:57,874.95,3.7666666666666666
2016-05-22,6,14:49:57,889.95,-1.6666666666666667
2016-05-22,6,15:04:57,904.95,-0.48333333333333334
2016-05-22,6,15:19:57,919.95,-1.1333333333333333
2016-05-22,6,15:34:57,934.95,1.0
2016-05-22,6,15:49:57,949.95,3.9
2016-05-22,6,16:04:57,964.95,-0.9333333333333333
2016-05-22,6,16:19:57,979.95,-0.6666666666666666
2016-05-22,6,16:34:57,994.95,0.05
2016-05-22,6,16:49:57,1009.95,-0.15
2016-05-22,6,17:04:57,1024.95,2.1333333333333333
2016-05-22,6,17:19:57,1039.95,-2.5833333333333335
2016-05-22,6,17:34:57,1054.95,-0.23333333333333334
2016-05-22,6,17:49:57,1069.95,-1.8833333333333333
2016-05-22,6,18:04:57,1084.95,0.48333333333333334
2016-05-22,6,18:19:57,1099.95,2.8
2016-05-22,6,18:34:57,1114.95,1.5666666666666667
2016-05-22,6,18:49:57,1129.95,-0.05
2016-05-22,6,19:04:57,1144.95,-0.5
2016-05-22,6,19:19:57,1159.95,-1.1166666666666667
2016-05-22,6,19:34:57,1174.95,-2.466666666666667
2016-05-22,6,19:49:57,1189.95,-3.9166666666666665
2016-05-22,6,20:04:57,1204.95,-3.0
2016-05-22,6,20:19:57,1219.95,-0.8
2016-05-22,6,20:34:57,1234.95,0.08333333333333333
2016-05-22,6,20:49:57,1249.95,-1.3833333333333333
2016-05-22,6,21:04:57,1264.95,-0.43333333333333335
2016-05-22,6,21:19:57,1279.95,0.45
2016-05-22,6,21:34:57,1294.95,-2.433333333333333
2016-05-22,6,21:49:57,1309.95,-0.25
2016-05-22,6,22:04:57,1324.95,-1.9166666666666667
2016-05-22,6,22:19:57,1339.95,-3.5
2016-05-22,6,22:34:57,1354.95,-0.15
2016-05-22,6,22:49:57,1369.95,0.7666666666666667
2016-05-22,6,23:04:57,1384.95,-0.8833333333333333
2016-05-22,6,23:19:57,1399.95,-1.2
2016-05-22,6,23:34:57,1414.95,-2.433333333333333
2016-05-22,6,23:49:57,1429.95,0.7833333333333333
2016-05-23,0,00:04:57,4.95,0.5
2016-05-23,0,00:34:57,34.95,0.13333333333333333
2016-05-23,0,01:11:57,71.95,-1.2166666666666666
2016-05-23,0,02:09:57,129.95,-1.8666666666666667
2016-05-23,0,05:32:57,332.95,-1.7666666666666666
2016-05-23,0,05:47:57,347.95,0.15
2016-05-23,0,06:02:57,362.95,-1.0333333333333334
2016-05-23,0,06:15:57,375.95,0.1
2016-05-23,0,06:25:57,385.95,-0.9666666666666667
2016-05-23,0,06:35:57,395.95,5.466666666666667
2016-05-23,0,06:45:57,405.95,-1.0333333333333334
2016-05-23,0,06:53:57,413.95,-0.2833333333333333
2016-05-23,0,07:01:57,421.95,-3.35
2016-05-23,0,07:10:57,430.95,-2.45
2016-05-23,0,07:19:57,439.95,-0.6
2016-05-23,0,07:28:57,448.95,-0.5166666666666667
2016-05-23,0,07:35:57,455.95,-1.45
2016-05-23,0,07:42:57,462.95,-0.8666666666666667
2016-05-23,0,07:50:57,470.95,-1.6333333333333333
2016-05-23,0,07:58:57,478.95,2.35
2016-05-23,0,08:07:57,487.95,-0.5666666666666667
2016-05-23,0,08:14:57,494.95,-1.9833333333333334
2016-05-23,0,08:23:57,503.95,1.0833333333333333
2016-05-23,0,08:31:57,511.95,-0.4
2016-05-23,0,08:40:57,520.95,-0.6333333333333333
2016-05-23,0,08:48:57,528.95,-1.5166666666666666
2016-05-23,0,08:56:57,536.95,1.7666666666666666
2016-05-23,0,09:04:57,544.95,-1.8833333333333333
2016-05-23,0,09:12:57,552.95,0.7833333333333333
2016-05-23,0,09:20:57,560.95,1.0666666666666667
2016-05-23,0,09:28:57,568.95,-3.4
2016-05-23,0,09:35:57,575.95,2.5
2016-05-23,0,09:44:57,584.95,1.6
2016-05-23,0,09:53:57,593.95,1.8
2016-05-23,0,10:03:57,603.95,-1.3
2016-05-23,0,10:15:57,615.95,1.5333333333333334
2016-05-23,0,10:27:57,627.95,-0.7166666666666667
2016-05-23,0,10:40:57,640.95,-3.6166666666666667
2016-05-23,0,10:52:57,652.95,-0.4166666666666667
2016-05-23,0,11:04:57,664.95,-3.316666666666667
2016-05-23,0,11:16:57,676.95,-3.5
2016-05-23,0,11:28:57,688.95,-0.85
2016-05-23,0,11:40:57,700.95,-3.466666666666667
2016-05-23,0,11:51:57,711.95,-1.15
2016-05-23,0,12:03:57,723.95,0.18333333333333332
2016-05-23,0,12:15:57,735.95,-2.2666666666666666
2016-05-23,0,12:28:57,748.95,-0.6833333333333333
2016-05-23,0,12:40:57,760.95,-0.6666666666666666
2016-05-23,0,12:52:57,772.95,0.43333333333333335
2016-05-23,0,13:04:57,784.95,-1.4166666666666667
2016-05-23,0,13:16:57,796.95,-1.85
2016-05-23,0,13:28:57,808.95,-9.783333333333333
2016-05-23,0,13:40:56,820.9333333333333,-0.45
2016-05-23,0,13:52:56,832.9333333333333,-0.9333333333333333
2016-05-23,0,14:04:56,844.9333333333333,-2.0833333333333335
2016-05-23,0,14:16:56,856.9333333333333,1.75
2016-05-23,0,14:26:56,866.9333333333333,-1.3333333333333333
2016-05-23,0,14:38:56,878.9333333333333,0.2
2016-05-23,0,14:49:56,889.9333333333333,-0.48333333333333334
2016-05-23,0,14:55:56,895.9333333333333,-2.2666666666666666
2016-05-23,0,14:58:56,898.9333333333333,0.7333333333333333
2016-05-23,0,15:05:56,905.9333333333333,-1.8333333333333333
2016-05-23,0,15:11:56,911.9333333333333,-1.4166666666666667
2016-05-23,0,15:17:56,917.9333333333333,1.05
2016-05-23,0,15:24:56,924.9333333333333,3.316666666666667
2016-05-23,0,15:31:56,931.9333333333333,-2.2
2016-05-23,0,15:38:56,938.9333333333333,-2.0166666666666666
2016-05-23,0,15:46:56,946.9333333333333,-0.2
2016-05-23,0,15:54:56,954.9333333333333,0.7833333333333333
2016-05-23,0,16:01:56,961.9333333333333,-0.7333333333333333
2016-05-23,0,16:10:56,970.9333333333333,2.05
2016-05-23,0,16:17:56,977.9333333333333,-1.6666666666666667
2016-05-23,0,16:26:56,986.9333333333333,1.2666666666666666
2016-05-23,0,16:34:56,994.9333333333333,-0.06666666666666667
2016-05-23,0,16:40:56,1000.9333333333333,-0.9
2016-05-23,0,16:46:56,1006.9333333333333,-0.7
2016-05-23,0,16:51:56,1011.9333333333333,-0.7666666666666667
2016-05-23,0,16:56:56,1016.9333333333333,-1.2166666666666666
2016-05-23,0,17:01:56,1021.9333333333333,-0.9
2016-05-23,0,17:08:56,1028.9333333333334,2.6
2016-05-23,0,17:14:56,1034.9333333333334,1.1166666666666667
2016-05-23,0,17:20:56,1040.9333333333334,2.2
2016-05-23,0,17:26:56,1046.9333333333334,0.36666666666666664
2016-05-23,0,17:32:56,1052.9333333333334,1.0666666666666667
2016-05-23,0,17:40:56,1060.9333333333334,2.066666666666667
2016-05-23,0,17:48:56,1068.9333333333334,1.9833333333333334
2016-05-23,0,17:58:56,1078.9333333333334,-0.9333333333333333
2016-05-23,0,18:05:56,1085.9333333333334,-3.316666666666667
2016-05-23,0,18:13:57,1093.95,5.183333333333334
2016-05-23,0,18:27:57,1107.95,-1.1166666666666667
2016-05-23,0,18:39:57,1119.95,-0.8333333333333334
2016-05-23,0,18:49:57,1129.95,-0.5166666666666667
2016-05-23,0,18:59:57,1139.95,1.6833333333333333
2016-05-23,0,19:09:57,1149.95,-1.4166666666666667
2016-05-23,0,19:21:57,1161.95,-1.3833333333333333
2016-05-23,0,19:31:57,1171.95,-1.15
2016-05-23,0,19:41:57,1181.95,-0.45
2016-05-23,0,19:52:57,1192.95,-2.25
2016-05-23,0,20:01:57,1201.95,-2.7
2016-05-23,0,20:16:57,1216.95,0.6666666666666666
2016-05-23,0,20:31:57,1231.95,0.18333333333333332
2016-05-23,0,20:46:57,1246.95,-1.0666666666666667
2016-05-23,0,21:02:57,1262.95,-1.55
2016-05-23,0,21:17:57,1277.95,-1.4
2016-05-23,0,21:33:57,1293.95,0.8833333333333333
2016-05-23,0,21:49:57,1309.95,-0.48333333333333334
2016-05-23,0,22:03:57,1323.95,1.4666666666666666
2016-05-23,0,22:18:57,1338.95,-3.8833333333333333
2016-05-23,0,22:34:57,1354.95,0.16666666666666666
2016-05-23,0,22:49:57,1369.95,0.8
2016-05-23,0,23:04:57,1384.95,-0.7833333333333333
2016-05-23,0,23:19:57,1399.95,-0.85
2016-05-23,0,23:34:57,1414.95,-1.3333333333333333
2016-05-23,0,23:49:57,1429.95,-1.4666666666666666
2016-05-24,1,00:04:57,4.95,-3.35
2016-05-24,1,00:34:57,34.95,-2.4
2016-05-24,1,01:11:57,71.95,-0.65
2016-05-24,1,02:09:57,129.95,-0.2833333333333333
2016-05-24,1,03:24:57,204.95,0.5833333333333334
2016-05-24,1,05:32:57,332.95,-0.48333333333333334
2016-05-24,1,05:47:57,347.95,0.11666666666666667
2016-05-24,1,06:02:57,362.95,-0.9333333333333333
2016-05-24,1,06:15:57,375.95,-0.8
2016-05-24,1,06:25:57,385.95,1.9166666666666667
2016-05-24,1,06:35:57,395.95,-1.5166666666666666
2016-05-24,1,06:45:57,405.95,-2.4833333333333334
2016-05-24,1,06:53:57,413.95,-1.3166666666666667
2016-05-24,1,07:01:57,421.95,-3.4833333333333334
2016-05-24,1,07:10:57,430.95,0.9833333333333333
2016-05-24,1,07:19:57,439.95,-0.36666666666666664
2016-05-24,1,07:28:57,448.95,1.1166666666666667
2016-05-24,1,07:35:57,455.95,1.0166666666666666
2016-05-24,1,07:42:57,462.95,-2.4166666666666665
2016-05-24,1,07:50:57,470.95,-1.5333333333333334
2016-05-24,1,07:58:57,478.95,1.6333333333333333
2016-05-24,1,08:07:57,487.95,-1.9166666666666667
2016-05-24,1,08:14:57,494.95,3.9833333333333334
2016-05-24,1,08:23:57,503.95,1.0166666666666666
2016-05-24,1,08:31:57,511.95,-0.8666666666666667
2016-05-24,1,08:40:57,520.95,0.8833333333333333
2016-05-24,1,08:48:57,528.95,1.55
2016-05-24,1,08:56:57,536.95,3.0166666666666666
2016-05-24,1,09:04:57,544.95,-2.033333333333333
2016-05-24,1,09:12:57,552.95,0.5666666666666667
2016-05-24,1,09:20:57,560.95,-2.9
2016-05-24,1,09:28:57,568.95,-0.5166666666666667
2016-05-24,1,09:35:57,575.95,1.4666666666666666
2016-05-24,1,09:44:57,584.95,4.533333333333333
2016-05-24,1,09:53:57,593.95,1.2333333333333334
2016-05-24,1,10:03:57,603.95,0.4666666666666667
2016-05-24,1,10:15:57,615.95,0.2833333333333333
2016-05-24,1,10:27:57,627.95,0.5833333333333334
2016-05-24,1,10:40:57,640.95,-0.5333333333333333
2016-05-24,1,10:52:57,652.95,0.6833333333333333
2016-05-24,1,11:04:57,664.95,1.75
2016-05-24,1,11:16:57,676.95,-2.1
2016-05-24,1,11:28:57,688.95,-1.8333333333333333
2016-05-24,1,11:40:57,700.95,-1.8833333333333333
2016-05-24,1,11:51:57,711.95,-0.9
2016-05-24,1,12:03:57,723.95,1.6833333333333333
2016-05-24,1,12:15:57,735.95,1.3666666666666667
2016-05-24,1,12:28:57,748.95,-2.9166666666666665
2016-05-24,1,12:40:57,760.95,-3.35
2016-05-24,1,12:52:57,772.95,-0.8666666666666667
2016-05-24,1,13:04:57,784.95,0.4166666666666667
2016-05-24,1,13:16:57,796.95,-3.216666666666667
2016-05-24,1,13:28:57,808.95,-0.9
2016-05-24,1,13:40:56,820.9333333333333,-0.9
2016-05-24,1,13:52:56,832.9333333333333,-1.9
2016-05-24,1,14:04:56,844.9333333333333,-3.0
2016-05-24,1,14:16:56,856.9333333333333,-0.7
2016-05-24,1,14:26:56,866.9333333333333,1.5166666666666666
2016-05-24,1,14:38:56,878.9333333333333,-0.26666666666666666
2016-05-24,1,14:49:56,889.9333333333333,2.0833333333333335
2016-05-24,1,14:55:56,895.9333333333333,-0.8333333333333334
2016-05-24,1,14:58:56,898.9333333333333,0.6333333333333333
2016-05-24,1,15:05:56,905.9333333333333,-1.9333333333333333
2016-05-24,1,15:11:56,911.9333333333333,1.6333333333333333
2016-05-24,1,15:17:56,917.9333333333333,-1.7833333333333334
2016-05-24,1,15:24:56,924.9333333333333,0.6833333333333333
2016-05-24,1,15:31:56,931.9333333333333,-2.433333333333333
2016-05-24,1,15:38:56,938.9333333333333,-1.3666666666666667
2016-05-24,1,15:46:56,946.9333333333333,1.95
2016-05-24,1,15:54:56,954.9333333333333,1.6333333333333333
2016-05-24,1,16:01:56,961.9333333333333,-0.8833333333333333
2016-05-24,1,16:10:56,970.9333333333333,-1.7666666666666666
2016-05-24,1,16:17:56,977.9333333333333,-0.3
2016-05-24,1,16:26:56,986.9333333333333,-1.8333333333333333
2016-05-24,1,16:34:56,994.9333333333333,2.2333333333333334
2016-05-24,1,16:40:56,1000.9333333333333,-0.8166666666666667
2016-05-24,1,16:46:56,1006.9333333333333,2.183333333333333
2016-05-24,1,16:51:56,1011.9333333333333,0.11666666666666667
2016-05-24,1,16:56:56,1016.9333333333333,1.4166666666666667
2016-05-24,1,17:01:56,1021.9333333333333,-1.8666666666666667
2016-05-24,1,17:08:56,1028.9333333333334,-0.3
2016-05-24,1,17:14:56,1034.9333333333334,-0.3
2016-05-24,1,17:20:56,1040.9333333333334,9.15
2016-05-24,1,17:26:56,1046.9333333333334,6.066666666666666
2016-05-24,1,17:32:56,1052.9333333333334,1.0666666666666667
2016-05-24,1,17:40:56,1060.9333333333334,6.583333333333333
2016-05-24,1,17:48:56,1068.9333333333334,6.75
2016-05-24,1,17:58:56,1078.9333333333334,-1.9
2016-05-24,1,18:05:56,1085.9333333333334,-3.25
2016-05-24,1,18:13:57,1093.95,2.1333333333333333
2016-05-24,1,18:27:57,1107.95,0.05
2016-05-24,1,18:39:57,1119.95,3.1333333333333333
2016-05-24,1,18:49:57,1129.95,-0.45
2016-05-24,1,18:59:57,1139.95,-0.25
2016-05-24,1,19:09:57,1149.95,-1.25
2016-05-24,1,19:21:57,1161.95,-1.4333333333333333
2016-05-24,1,19:31:57,1171.95,-0.8166666666666667
2016-05-24,1,19:41:57,1181.95,1.15
2016-05-24,1,19:52:57,1192.95,-1.9166666666666667
2016-05-24,1,20:01:57,1201.95,-0.5333333333333333
2016-05-24,1,20:16:57,1216.95,-0.4666666666666667
2016-05-24,1,20:31:57,1231.95,-0.6
2016-05-24,1,20:46:57,1246.95,1.35
2016-05-24,1,21:02:57,1262.95,-0.13333333333333333
2016-05-24,1,21:17:57,1277.95,1.3333333333333333
2016-05-24,1,21:33:57,1293.95,-1.3666666666666667
2016-05-24,1,21:49:57,1309.95,-1.4666666666666666
2016-05-24,1,22:03:57,1323.95,-0.8333333333333334
2016-05-24,1,22:18:57,1338.95,0.18333333333333332
2016-05-24,1,22:34:57,1354.95,-0.2
2016-05-24,1,22:49:57,1369.95,2.15
2016-05-24,1,23:04:57,1384.95,-0.3333333333333333
2016-05-24,1,23:19:57,1399.95,-0.7666666666666667
2016-05-24,1,23:34:57,1414.95,-1.4833333333333334
2016-05-24,1,23:49:57,1429.95,-1.6833333333333333
2016-05-25,2,00:04:57,4.95,2.1
2016-05-25,2,00:34:57,34.95,-2.7333333333333334
2016-05-25,2,01:11:57,71.95,-0.9666666666666667
2016-05-25,2,02:09:57,129.95,-1.6333333333333333
2016-05-25,2,03:24:57,204.95,-2.0166666666666666
2016-05-25,2,05:32:57,332.95,-0.7166666666666667
2016-05-25,2,05:47:57,347.95,-1.0666666666666667
2016-05-25,2,06:02:57,362.95,-0.8
2016-05-25,2,06:15:57,375.95,-0.8166666666666667
2016-05-25,2,06:25:57,385.95,0.5833333333333334
2016-05-25,2,06:35:57,395.95,-0.5666666666666667
2016-05-25,2,06:45:57,405.95,-1.3166666666666667
2016-05-25,2,06:53:57,413.95,-0.35
2016-05-25,2,07:01:57,421.95,-3.216666666666667
2016-05-25,2,07:10:57,430.95,-2.1666666666666665
2016-05-25,2,07:19:57,439.95,-1.8
2016-05-25,2,07:28:57,448.95,0.65
2016-05-25,2,07:35:57,455.95,-0.3333333333333333
2016-05-25,2,07:42:57,462.95,-1.0166666666666666
2016-05-25,2,07:50:57,470.95,-1.3833333333333333
2016-05-25,2,07:58:57,478.95,3.85
2016-05-25,2,08:07:57,487.95,0.9166666666666666
2016-05-25,2,08:14:57,494.95,-1.3
2016-05-25,2,08:23:57,503.95,-0.4
2016-05-25,2,08:31:57,511.95,1.0166666666666666
2016-05-25,2,08:40:57,520.95,-0.4
2016-05-25,2,08:48:57,528.95,0.06666666666666667
2016-05-25,2,08:56:57,536.95,6.0
2016-05-25,2,09:04:57,544.95,-0.13333333333333333
2016-05-25,2,09:12:57,552.95,3.1166666666666667
2016-05-25,2,09:20:57,560.95,-0.43333333333333335
2016-05-25,2,09:28:57,568.95,-0.3333333333333333
2016-05-25,2,09:35:57,575.95,4.0
2016-05-25,2,09:44:57,584.95,4.7
2016-05-25,2,09:53:57,593.95,4.083333333333333
2016-05-25,2,10:03:57,603.95,0.7
2016-05-25,2,10:15:57,615.95,-1.1333333333333333
2016-05-25,2,10:27:57,627.95,0.26666666666666666
2016-05-25,2,10:40:57,640.95,-0.8333333333333334
2016-05-25,2,10:52:57,652.95,0.5
2016-05-25,2,11:04:57,664.95,-3.0833333333333335
2016-05-25,2,11:16:57,676.95,-2.1
2016-05-25,2,11:28:57,688.95,-0.7833333333333333
2016-05-25,2,11:40:57,700.95,3.283333333333333
2016-05-25,2,11:51:57,711.95,-1.2166666666666666
2016-05-25,2,12:03:57,723.95,0.05
2016-05-25,2,12:15:57,735.95,-1.9833333333333334
2016-05-25,2,12:28:57,748.95,2.2333333333333334
2016-05-25,2,12:40:57,760.95,-1.9833333333333334
2016-05-25,2,12:52:57,772.95,-2.216666666666667
2016-05-25,2,13:04:57,784.95,0.7166666666666667
2016-05-25,2,13:16:57,796.95,-1.9
2016-05-25,2,13:28:57,808.95,-2.2333333333333334
2016-05-25,2,13:40:56,820.9333333333333,-3.183333333333333
2016-05-25,2,13:52:56,832.9333333333333,-4.45
2016-05-25,2,14:04:56,844.9333333333333,0.4666666666666667
2016-05-25,2,14:16:56,856.9333333333333,-0.4166666666666667
2016-05-25,2,14:26:56,866.9333333333333,1.5166666666666666
2016-05-25,2,14:38:56,878.9333333333333,-1.3666666666666667
2016-05-25,2,14:49:56,889.9333333333333,-0.85
2016-05-25,2,14:55:56,895.9333333333333,-2.433333333333333
2016-05-25,2,14:58:56,898.9333333333333,0.65
2016-05-25,2,15:05:56,905.9333333333333,-0.8666666666666667
2016-05-25,2,15:11:56,911.9333333333333,-1.75
2016-05-25,2,15:17:56,917.9333333333333,1.0
2016-05-25,2,15:24:56,924.9333333333333,1.5666666666666667
2016-05-25,2,15:31:56,931.9333333333333,-0.9833333333333333
2016-05-25,2,15:38:56,938.9333333333333,-2.966666666666667
2016-05-25,2,15:46:56,946.9333333333333,-1.8166666666666667
2016-05-25,2,15:54:56,954.9333333333333,1.6833333333333333
2016-05-25,2,16:01:56,961.9333333333333,2.7333333333333334
2016-05-25,2,16:10:56,970.9333333333333,0.5
2016-05-25,2,16:17:56,977.9333333333333,0.21666666666666667
2016-05-25,2,16:26:56,986.9333333333333,-1.8166666666666667
2016-05-25,2,16:34:56,994.9333333333333,2.7
2016-05-25,2,16:40:56,1000.9333333333333,-0.9666666666666667
2016-05-25,2,16:46:56,1006.9333333333333,-0.25
2016-05-25,2,16:51:56,1011.9333333333333,-1.2333333333333334
2016-05-25,2,16:56:56,1016.9333333333333,-1.7166666666666666
2016-05-25,2,17:01:56,1021.9333333333333,1.9833333333333334
2016-05-25,2,17:08:56,1028.9333333333334,-0.11666666666666667
2016-05-25,2,17:14:56,1034.9333333333334,1.0333333333333334
2016-05-25,2,17:20:56,1040.9333333333334,5.6
2016-05-25,2,17:26:56,1046.9333333333334,4.433333333333334
2016-05-25,2,17:32:56,1052.9333333333334,-0.3333333333333333
2016-05-25,2,17:40:56,1060.9333333333334,3.5
2016-05-25,2,17:48:56,1068.9333333333334,-0.9666666666666667
2016-05-25,2,17:58:56,1078.9333333333334,-2.35
2016-05-25,2,18:05:56,1085.9333333333334,1.2666666666666666
2016-05-25,2,18:13:57,1093.95,-0.9666666666666667
2016-05-25,2,18:27:57,1107.95,0.5333333333333333
2016-05-25,2,18:39:57,1119.95,-0.016666666666666666
2016-05-25,2,18:49:57,1129.95,-0.21666666666666667
2016-05-25,2,18:59:57,1139.95,1.0
2016-05-25,2,19:09:57,1149.95,-1.4666666666666666
2016-05-25,2,19:21:57,1161.95,-0.31666666666666665
2016-05-25,2,19:31:57,1171.95,-1.1666666666666667
2016-05-25,2,19:41:57,1181.95,-1.5833333333333333
2016-05-25,2,19:52:57,1192.95,0.8666666666666667
2016-05-25,2,20:01:57,1201.95,-2.8666666666666667
2016-05-25,2,20:16:57,1216.95,0.48333333333333334
2016-05-25,2,20:31:57,1231.95,-0.9333333333333333
2016-05-25,2,20:46:57,1246.95,-2.783333333333333
2016-05-25,2,21:02:57,1262.95,-0.2
2016-05-25,2,21:17:57,1277.95,-0.13333333333333333
2016-05-25,2,21:33:57,1293.95,-0.55
2016-05-25,2,21:49:57,1309.95,0.9
2016-05-25,2,22:03:57,1323.95,-1.0666666666666667
2016-05-25,2,22:18:57,1338.95,-0.38333333333333336
2016-05-25,2,22:34:57,1354.95,-1.1833333333333333
2016-05-25,2,22:49:57,1369.95,-0.5833333333333334
2016-05-25,2,23:04:57,1384.95,0.3333333333333333
2016-05-25,2,23:19:57,1399.95,-0.03333333333333333
2016-05-25,2,23:34:57,1414.95,-1.15
2016-05-25,2,23:49:57,1429.95,-1.5833333333333333
2016-05-26,3,00:04:57,4.95,-2.4166666666666665
2016-05-26,3,00:34:57,34.95,-2.6
2016-05-26,3,01:11:57,71.95,0.0
2016-05-26,3,02:09:57,129.95,1.2333333333333334
2016-05-26,3,05:32:57,332.95,-1.8833333333333333
2016-05-26,3,05:47:57,347.95,-0.8666666666666667
2016-05-26,3,06:02:57,362.95,-0.5666666666666667
2016-05-26,3,06:15:57,375.95,-0.9
2016-05-26,3,06:25:57,385.95,0.5833333333333334
2016-05-26,3,06:35:57,395.95,-1.4666666666666666
2016-05-26,3,06:45:57,405.95,-0.31666666666666665
2016-05-26,3,06:53:57,413.95,1.6666666666666667
2016-05-26,3,07:01:57,421.95,-2.033333333333333
2016-05-26,3,07:10:57,430.95,0.5
2016-05-26,3,07:19:57,439.95,-0.23333333333333334
2016-05-26,3,07:28:57,448.95,-0.48333333333333334
2016-05-26,3,07:35:57,455.95,-0.48333333333333334
2016-05-26,3,07:42:57,462.95,-0.85
2016-05-26,3,07:50:57,470.95,-1.4
2016-05-26,3,07:58:57,478.95,-1.0666666666666667
2016-05-26,3,08:07:57,487.95,1.9666666666666666
2016-05-26,3,08:14:57,494.95,0.15
2016-05-26,3,08:23:57,503.95,-2.1
2016-05-26,3,08:31:57,511.95,-0.6666666666666666
2016-05-26,3,08:40:57,520.95,1.2166666666666666
2016-05-26,3,08:48:57,528.95,-0.7333333333333333
2016-05-26,3,08:56:57,536.95,0.9666666666666667
2016-05-26,3,09:04:57,544.95,0.45
2016-05-26,3,09:12:57,552.95,0.4166666666666667
2016-05-26,3,09:20:57,560.95,-0.18333333333333332
2016-05-26,3,09:28:57,568.95,-0.4
2016-05-26,3,09:35:57,575.95,1.7166666666666666
2016-05-26,3,09:44:57,584.95,0.95
2016-05-26,3,09:53:57,593.95,-1.55
2016-05-26,3,10:03:57,603.95,-1.1
2016-05-26,3,10:15:57,615.95,1.9
2016-05-26,3,10:27:57,627.95,2.8
2016-05-26,3,10:40:57,640.95,0.8833333333333333
2016-05-26,3,10:52:57,652.95,-2.2333333333333334
2016-05-26,3,11:04:57,664.95,-0.4
2016-05-26,3,11:16:57,676.95,-3.566666666666667
2016-05-26,3,11:28:57,688.95,2.216666666666667
2016-05-26,3,11:40:57,700.95,-0.7166666666666667
2016-05-26,3,11:51:57,711.95,0.16666666666666666
2016-05-26,3,12:03:57,723.95,0.5166666666666667
2016-05-26,3,12:15:57,735.95,-2.1333333333333333
2016-05-26,3,12:28:57,748.95,0.5166666666666667
2016-05-26,3,12:40:57,760.95,-0.8333333333333334
2016-05-26,3,12:52:57,772.95,1.65
2016-05-26,3,13:04:57,784.95,-3.9
2016-05-26,3,13:16:57,796.95,-1.95
2016-05-26,3,13:28:57,808.95,-1.9166666666666667
2016-05-26,3,13:40:56,820.9333333333333,-2.35
2016-05-26,3,13:52:56,832.9333333333333,-0.9833333333333333
2016-05-26,3,14:04:56,844.9333333333333,-2.4
2016-05-26,3,14:16:56,856.9333333333333,1.15
2016-05-26,3,14:26:56,866.9333333333333,-1.4
2016-05-26,3,14:38:56,878.9333333333333,-1.3666666666666667
2016-05-26,3,14:49:56,889.9333333333333,-0.25
2016-05-26,3,14:55:56,895.9333333333333,-3.2333333333333334
2016-05-26,3,14:58:56,898.9333333333333,-1.9333333333333333
2016-05-26,3,15:05:56,905.9333333333333,-1.7
2016-05-26,3,15:11:56,911.9333333333333,-2.716666666666667
2016-05-26,3,15:17:56,917.9333333333333,-1.8
2016-05-26,3,15:24:56,924.9333333333333,-4.566666666666666
2016-05-26,3,15:31:56,931.9333333333333,-1.0333333333333334
2016-05-26,3,15:38:56,938.9333333333333,-1.6
2016-05-26,3,15:46:56,946.9333333333333,2.683333333333333
2016-05-26,3,15:54:56,954.9333333333333,4.516666666666667
2016-05-26,3,16:01:56,961.9333333333333,-0.9333333333333333
2016-05-26,3,16:10:56,970.9333333333333,-0.36666666666666664
2016-05-26,3,16:17:56,977.9333333333333,2.4833333333333334
2016-05-26,3,16:26:56,986.9333333333333,-1.8333333333333333
2016-05-26,3,16:34:56,994.9333333333333,-2.2333333333333334
2016-05-26,3,16:40:56,1000.9333333333333,0.43333333333333335
2016-05-26,3,16:46:56,1006.9333333333333,-0.35
2016-05-26,3,16:51:56,1011.9333333333333,0.36666666666666664
2016-05-26,3,16:56:56,1016.9333333333333,-1.3666666666666667
2016-05-26,3,17:01:56,1021.9333333333333,2.4833333333333334
2016-05-26,3,17:08:56,1028.9333333333334,-0.45
2016-05-26,3,17:14:56,1034.9333333333334,7.366666666666666
2016-05-26,3,17:20:56,1040.9333333333334,6.983333333333333
2016-05-26,3,17:26:56,1046.9333333333334,4.383333333333334
2016-05-26,3,17:32:56,1052.9333333333334,1.4666666666666666
2016-05-26,3,17:40:56,1060.9333333333334,-2.0166666666666666
2016-05-26,3,17:48:56,1068.9333333333334,11.9
2016-05-26,3,17:58:56,1078.9333333333334,4.116666666666666
2016-05-26,3,18:05:56,1085.9333333333334,0.23333333333333334
2016-05-26,3,18:13:57,1093.95,-0.85
2016-05-26,3,18:27:57,1107.95,1.5166666666666666
2016-05-26,3,18:39:57,1119.95,-1.15
2016-05-26,3,18:49:57,1129.95,-0.9166666666666666
2016-05-26,3,18:59:57,1139.95,-0.6333333333333333
2016-05-26,3,19:09:57,1149.95,0.6
2016-05-26,3,19:21:57,1161.95,-1.9333333333333333
2016-05-26,3,19:31:57,1171.95,-0.06666666666666667
2016-05-26,3,19:41:57,1181.95,-0.18333333333333332
2016-05-26,3,19:52:57,1192.95,-2.1666666666666665
2016-05-26,3,20:01:57,1201.95,-0.5166666666666667
2016-05-26,3,20:16:57,1216.95,3.3833333333333333
2016-05-26,3,20:31:57,1231.95,0.36666666666666664
2016-05-26,3,20:46:57,1246.95,-1.5833333333333333
2016-05-26,3,21:02:57,1262.95,4.916666666666667
2016-05-26,3,21:17:57,1277.95,1.0333333333333334
2016-05-26,3,21:33:57,1293.95,-0.23333333333333334
2016-05-26,3,21:49:57,1309.95,-1.5
2016-05-26,3,22:03:57,1323.95,0.5666666666666667
2016-05-26,3,22:18:57,1338.95,-1.2833333333333334
2016-05-26,3,22:34:57,1354.95,1.4666666666666666
2016-05-26,3,22:49:57,1369.95,0.9666666666666667
2016-05-26,3,23:19:57,1399.95,0.31666666666666665
2016-05-26,3,23:34:57,1414.95,-1.5833333333333333
2016-05-26,3,23:49:57,1429.95,-2.1
2016-05-27,4,00:04:57,4.95,-1.9166666666666667
2016-05-27,4,00:34:57,34.95,0.26666666666666666
2016-05-27,4,01:11:57,71.95,-2.25
2016-05-27,4,02:09:57,129.95,-0.31666666666666665
2016-05-27,4,05:32:57,332.95,-0.9833333333333333
2016-05-27,4,05:47:57,347.95,-1.0833333333333333
2016-05-27,4,06:02:57,362.95,-1.2333333333333334
2016-05-27,4,06:15:57,375.95,-0.05
2016-05-27,4,06:25:57,385.95,-0.8166666666666667
2016-05-27,4,06:35:57,395.95,-3.3833333333333333
2016-05-27,4,06:45:57,405.95,-1.3166666666666667
2016-05-27,4,06:53:57,413.95,-3.1
2016-05-27,4,07:01:57,421.95,-2.466666666666667
2016-05-27,4,07:10:57,430.95,0.85
2016-05-27,4,07:19:57,439.95,-0.7
2016-05-27,4,07:28:57,448.95,0.5
2016-05-27,4,07:35:57,455.95,-0.25
2016-05-27,4,07:42:57,462.95,-2.283333333333333
2016-05-27,4,07:50:57,470.95,-1.6166666666666667
2016-05-27,4,07:58:57,478.95,-0.95
2016-05-27,4,08:07:57,487.95,-1.8166666666666667
2016-05-27,4,08:14:57,494.95,5.483333333333333
2016-05-27,4,08:23:57,503.95,2.8
2016-05-27,4,08:31:57,511.95,-0.5666666666666667
2016-05-27,4,08:40:57,520.95,6.766666666666667
2016-05-27,4,08:48:57,528.95,0.48333333333333334
2016-05-27,4,08:56:57,536.95,3.85
2016-05-27,4,09:04:57,544.95,-1.05
2016-05-27,4,09:12:57,552.95,0.6166666666666667
2016-05-27,4,09:20:57,560.95,-1.7333333333333334
2016-05-27,4,09:28:57,568.95,-0.65
2016-05-27,4,09:35:57,575.95,-0.5833333333333334
2016-05-27,4,09:44:57,584.95,-0.11666666666666667
2016-05-27,4,09:53:57,593.95,-0.6166666666666667
2016-05-27,4,10:03:57,603.95,-1.2833333333333334
2016-05-27,4,10:15:57,615.95,-0.5333333333333333
2016-05-27,4,10:27:57,627.95,1.3666666666666667
2016-05-27,4,10:40:57,640.95,-1.0
2016-05-27,4,10:52:57,652.95,0.48333333333333334
2016-05-27,4,11:04:57,664.95,-1.9
2016-05-27,4,11:16:57,676.95,-2.25
2016-05-27,4,11:28:57,688.95,-2.15
2016-05-27,4,11:40:57,700.95,-1.7333333333333334
2016-05-27,4,11:51:57,711.95,-0.03333333333333333
2016-05-27,4,12:03:57,723.95,-2.7333333333333334
2016-05-27,4,12:15:57,735.95,0.45
2016-05-27,4,12:28:57,748.95,-3.183333333333333
2016-05-27,4,12:40:57,760.95,-2.25
2016-05-27,4,12:52:57,772.95,-0.9166666666666666
2016-05-27,4,13:04:57,784.95,-0.5166666666666667
2016-05-27,4,13:16:57,796.95,0.3333333333333333
2016-05-27,4,13:28:57,808.95,0.3333333333333333
2016-05-27,4,13:40:56,820.9333333333333,-0.9
2016-05-27,4,13:52:56,832.9333333333333,3.0833333333333335
2016-05-27,4,14:04:56,844.9333333333333,0.45
2016-05-27,4,14:16:56,856.9333333333333,1.75
2016-05-27,4,14:26:56,866.9333333333333,1.1
2016-05-27,4,14:38:56,878.9333333333333,-0.18333333333333332
2016-05-27,4,14:49:56,889.9333333333333,-0.9833333333333333
2016-05-27,4,14:55:56,895.9333333333333,-2.45
2016-05-27,4,14:58:56,898.9333333333333,0.6166666666666667
2016-05-27,4,15:05:56,905.9333333333333,-2.0
2016-05-27,4,15:11:56,911.9333333333333,-1.2666666666666666
2016-05-27,4,15:17:56,917.9333333333333,-1.3833333333333333
2016-05-27,4,15:24:56,924.9333333333333,-0.95
2016-05-27,4,15:31:56,931.9333333333333,-0.6166666666666667
2016-05-27,4,15:38:56,938.9333333333333,5.483333333333333
2016-05-27,4,15:46:56,946.9333333333333,-0.75
2016-05-27,4,15:54:56,954.9333333333333,-2.25
2016-05-27,4,16:01:56,961.9333333333333,-0.8833333333333333
2016-05-27,4,16:10:56,970.9333333333333,0.5
2016-05-27,4,16:17:56,977.9333333333333,-1.8
2016-05-27,4,16:26:56,986.9333333333333,0.9333333333333333
2016-05-27,4,16:34:56,994.9333333333333,-2.15
2016-05-27,4,16:40:56,1000.9333333333333,-2.3666666666666667
2016-05-27,4,16:46:56,1006.9333333333333,5.15
2016-05-27,4,16:51:56,1011.9333333333333,0.35
2016-05-27,4,16:56:56,1016.9333333333333,4.283333333333333
2016-05-27,4,17:01:56,1021.9333333333333,0.48333333333333334
2016-05-27,4,17:08:56,1028.9333333333334,-1.85
2016-05-27,4,17:14:56,1034.9333333333334,-1.2666666666666666
2016-05-27,4,17:20:56,1040.9333333333334,3.966666666666667
2016-05-27,4,17:26:56,1046.9333333333334,-0.5666666666666667
2016-05-27,4,17:32:56,1052.9333333333334,0.3333333333333333
2016-05-27,4,17:40:56,1060.9333333333334,0.6
2016-05-27,4,17:48:56,1068.9333333333334,1.4333333333333333
2016-05-27,4,17:58:56,1078.9333333333334,-1.0166666666666666
2016-05-27,4,18:05:56,1085.9333333333334,-0.16666666666666666
2016-05-27,4,18:13:57,1093.95,0.7333333333333333
2016-05-27,4,18:27:57,1107.95,0.4
2016-05-27,4,18:39:57,1119.95,-1.35
2016-05-27,4,18:49:57,1129.95,0.43333333333333335
2016-05-27,4,18:59:57,1139.95,-3.2
2016-05-27,4,19:09:57,1149.95,-0.6166666666666667
2016-05-27,4,19:21:57,1161.95,-1.8333333333333333
2016-05-27,4,19:31:57,1171.95,-2.6
2016-05-27,4,19:41:57,1181.95,-0.2833333333333333
2016-05-27,4,19:52:57,1192.95,-2.283333333333333
2016-05-27,4,20:01:57,1201.95,-0.65
2016-05-27,4,20:16:57,1216.95,0.5
2016-05-27,4,20:31:57,1231.95,0.2
2016-05-27,4,20:46:57,1246.95,-0.2833333333333333
2016-05-27,4,21:02:57,1262.95,0.1
2016-05-27,4,21:17:57,1277.95,-2.6333333333333333
2016-05-27,4,21:33:57,1293.95,-0.35
2016-05-27,4,21:49:57,1309.95,-0.26666666666666666
2016-05-27,4,22:03:57,1323.95,0.55
2016-05-27,4,22:18:57,1338.95,0.18333333333333332
2016-05-27,4,22:34:57,1354.95,0.18333333333333332
2016-05-27,4,22:49:57,1369.95,0.55
2016-05-27,4,23:04:57,1384.95,-0.95
2016-05-27,4,23:19:57,1399.95,-4.016666666666667
2016-05-27,4,23:34:57,1414.95,-1.7333333333333334
2016-05-27,4,23:49:57,1429.95,-0.36666666666666664
